2026.06.08 01:09:42 INFO  Started: Metals version 1.6.7 in folders 'D:\CURSOS\7MO\Desarrollo_we\Creacion de examen_San-Luis' for client Visual Studio Code 1.123.0.
2026.06.08 01:09:42 INFO  Memory monitor started
2026.06.08 01:09:44 WARN  Using H2 2.4.240 which is newer than the version Flyway has been verified with. The latest verified version of H2 is 2.3.232.
2026.06.08 01:09:44 INFO  no build target found for D:\CURSOS\7MO\Desarrollo_we\Creacion de examen_San-Luis\Backend\src\test\java\pe\edu\utp\sistemaexamenes\AdmisionApplicationTests.java. Using fallback presentation compiler.
2026.06.08 01:09:45 INFO  no build target found for D:\CURSOS\7MO\Desarrollo_we\Creacion de examen_San-Luis\Backend\src\test\java\pe\edu\utp\sistemaexamenes\AdmisionApplicationTests.java. Using fallback presentation compiler.
2026.06.08 01:09:56 INFO  no build target found for D:\CURSOS\7MO\Desarrollo_we\Creacion de examen_San-Luis\Backend\src\test\java\pe\edu\utp\sistemaexamenes\AdmisionApplicationTests.java. Using fallback presentation compiler.
2026.06.08 01:09:56 INFO  no build target found for D:\CURSOS\7MO\Desarrollo_we\Creacion de examen_San-Luis\Backend\src\test\java\pe\edu\utp\sistemaexamenes\AdmisionApplicationTests.java. Using fallback presentation compiler.
2026.06.08 01:09:56 INFO  no build target found for D:\CURSOS\7MO\Desarrollo_we\Creacion de examen_San-Luis\Backend\src\test\java\pe\edu\utp\sistemaexamenes\AdmisionApplicationTests.java. Using fallback presentation compiler.
jun. 08, 2026 1:09:56 A. M. org.eclipse.lsp4j.jsonrpc.RemoteEndpoint handleCancellation
WARNING: Unmatched cancel notification for request id 9
jun. 08, 2026 1:09:56 A. M. org.eclipse.lsp4j.jsonrpc.RemoteEndpoint handleCancellation
WARNING: Unmatched cancel notification for request id 11
2026.06.08 01:09:56 INFO  no build target found for D:\CURSOS\7MO\Desarrollo_we\Creacion de examen_San-Luis\Backend\src\test\java\pe\edu\utp\sistemaexamenes\AdmisionApplicationTests.java. Using fallback presentation compiler.
jun. 08, 2026 1:09:56 A. M. org.eclipse.lsp4j.jsonrpc.RemoteEndpoint handleCancellation
WARNING: Unmatched cancel notification for request id 10
2026.06.08 01:09:57 INFO  no build target found for D:\CURSOS\7MO\Desarrollo_we\Creacion de examen_San-Luis\Backend\src\test\java\pe\edu\utp\sistemaexamenes\AdmisionApplicationTests.java. Using fallback presentation compiler.
2026.06.08 01:10:03 INFO  no build target found for D:\CURSOS\7MO\Desarrollo_we\Creacion de examen_San-Luis\Backend\src\test\java\pe\edu\utp\sistemaexamenes\AdmisionApplicationTests.java. Using fallback presentation compiler.
2026.06.08 01:10:06 INFO  no build target found for D:\CURSOS\7MO\Desarrollo_we\Creacion de examen_San-Luis\Backend\src\test\java\pe\edu\utp\sistemaexamenes\AdmisionApplicationTests.java. Using fallback presentation compiler.
2026.06.08 01:12:50 INFO  no build target found for D:\CURSOS\7MO\Desarrollo_we\Creacion de examen_San-Luis\Backend\src\main\java\pe\edu\utp\sistemaexamenes\enums\EstadoExamen.java. Using fallback presentation compiler.
2026.06.08 01:12:50 INFO  no build target found for D:\CURSOS\7MO\Desarrollo_we\Creacion de examen_San-Luis\Backend\src\main\java\pe\edu\utp\sistemaexamenes\enums\EstadoExamen.java. Using fallback presentation compiler.
2026.06.08 01:12:50 WARN  no build target for: D:\CURSOS\7MO\Desarrollo_we\Creacion de examen_San-Luis\Backend\src\main\java\pe\edu\utp\sistemaexamenes\enums\EstadoExamen.java
2026.06.08 01:12:50 INFO  no build target found for D:\CURSOS\7MO\Desarrollo_we\Creacion de examen_San-Luis\Backend\src\main\java\pe\edu\utp\sistemaexamenes\enums\EstadoExamen.java. Using fallback presentation compiler.
2026.06.08 01:12:50 WARN  Running javac-semanticdb failed for file:///D:/CURSOS/7MO/Desarrollo_we/Creacion%20de%20examen_San-Luis/Backend/src/main/java/pe/edu/utp/sistemaexamenes/enums/EstadoExamen.java. Output:

2026.06.08 01:12:50 INFO  no build target found for D:\CURSOS\7MO\Desarrollo_we\Creacion de examen_San-Luis\Backend\src\main\java\pe\edu\utp\sistemaexamenes\enums\EstadoExamen.java. Using fallback presentation compiler.
2026.06.08 01:12:50 INFO  no build target found for D:\CURSOS\7MO\Desarrollo_we\Creacion de examen_San-Luis\Backend\src\main\java\pe\edu\utp\sistemaexamenes\enums\EstadoExamen.java. Using fallback presentation compiler.
2026.06.08 01:12:52 INFO  no build target found for D:\CURSOS\7MO\Desarrollo_we\Creacion de examen_San-Luis\Backend\src\main\java\pe\edu\utp\sistemaexamenes\enums\NivelDificultad.java. Using fallback presentation compiler.
2026.06.08 01:12:52 INFO  no build target found for D:\CURSOS\7MO\Desarrollo_we\Creacion de examen_San-Luis\Backend\src\main\java\pe\edu\utp\sistemaexamenes\enums\NivelDificultad.java. Using fallback presentation compiler.
2026.06.08 01:12:52 WARN  no build target for: D:\CURSOS\7MO\Desarrollo_we\Creacion de examen_San-Luis\Backend\src\main\java\pe\edu\utp\sistemaexamenes\enums\NivelDificultad.java
2026.06.08 01:12:52 INFO  no build target found for D:\CURSOS\7MO\Desarrollo_we\Creacion de examen_San-Luis\Backend\src\main\java\pe\edu\utp\sistemaexamenes\enums\NivelDificultad.java. Using fallback presentation compiler.
2026.06.08 01:12:52 WARN  Running javac-semanticdb failed for file:///D:/CURSOS/7MO/Desarrollo_we/Creacion%20de%20examen_San-Luis/Backend/src/main/java/pe/edu/utp/sistemaexamenes/enums/NivelDificultad.java. Output:

2026.06.08 01:12:52 INFO  no build target found for D:\CURSOS\7MO\Desarrollo_we\Creacion de examen_San-Luis\Backend\src\main\java\pe\edu\utp\sistemaexamenes\enums\NivelDificultad.java. Using fallback presentation compiler.
2026.06.08 01:12:52 INFO  no build target found for D:\CURSOS\7MO\Desarrollo_we\Creacion de examen_San-Luis\Backend\src\main\java\pe\edu\utp\sistemaexamenes\enums\NivelDificultad.java. Using fallback presentation compiler.
2026.06.08 01:12:53 INFO  no build target found for D:\CURSOS\7MO\Desarrollo_we\Creacion de examen_San-Luis\Backend\src\main\java\pe\edu\utp\sistemaexamenes\enums\TipoAccion.java. Using fallback presentation compiler.
2026.06.08 01:12:53 INFO  no build target found for D:\CURSOS\7MO\Desarrollo_we\Creacion de examen_San-Luis\Backend\src\main\java\pe\edu\utp\sistemaexamenes\enums\TipoAccion.java. Using fallback presentation compiler.
2026.06.08 01:12:54 WARN  no build target for: D:\CURSOS\7MO\Desarrollo_we\Creacion de examen_San-Luis\Backend\src\main\java\pe\edu\utp\sistemaexamenes\enums\TipoAccion.java
2026.06.08 01:12:53 INFO  no build target found for D:\CURSOS\7MO\Desarrollo_we\Creacion de examen_San-Luis\Backend\src\main\java\pe\edu\utp\sistemaexamenes\enums\TipoAccion.java. Using fallback presentation compiler.
2026.06.08 01:12:54 WARN  Running javac-semanticdb failed for file:///D:/CURSOS/7MO/Desarrollo_we/Creacion%20de%20examen_San-Luis/Backend/src/main/java/pe/edu/utp/sistemaexamenes/enums/TipoAccion.java. Output:

2026.06.08 01:12:54 INFO  no build target found for D:\CURSOS\7MO\Desarrollo_we\Creacion de examen_San-Luis\Backend\src\main\java\pe\edu\utp\sistemaexamenes\enums\TipoAccion.java. Using fallback presentation compiler.
2026.06.08 01:12:53 INFO  no build target found for D:\CURSOS\7MO\Desarrollo_we\Creacion de examen_San-Luis\Backend\src\main\java\pe\edu\utp\sistemaexamenes\enums\TipoAccion.java. Using fallback presentation compiler.
2026.06.08 01:12:55 INFO  no build target found for D:\CURSOS\7MO\Desarrollo_we\Creacion de examen_San-Luis\Backend\src\main\java\pe\edu\utp\sistemaexamenes\model\CategoriaExamen.java. Using fallback presentation compiler.
2026.06.08 01:12:55 INFO  no build target found for D:\CURSOS\7MO\Desarrollo_we\Creacion de examen_San-Luis\Backend\src\main\java\pe\edu\utp\sistemaexamenes\model\CategoriaExamen.java. Using fallback presentation compiler.
2026.06.08 01:12:55 WARN  no build target for: D:\CURSOS\7MO\Desarrollo_we\Creacion de examen_San-Luis\Backend\src\main\java\pe\edu\utp\sistemaexamenes\model\CategoriaExamen.java
2026.06.08 01:12:55 INFO  no build target found for D:\CURSOS\7MO\Desarrollo_we\Creacion de examen_San-Luis\Backend\src\main\java\pe\edu\utp\sistemaexamenes\model\CategoriaExamen.java. Using fallback presentation compiler.
2026.06.08 01:12:56 WARN  Running javac-semanticdb failed for file:///D:/CURSOS/7MO/Desarrollo_we/Creacion%20de%20examen_San-Luis/Backend/src/main/java/pe/edu/utp/sistemaexamenes/model/CategoriaExamen.java. Output:

2026.06.08 01:12:55 INFO  no build target found for D:\CURSOS\7MO\Desarrollo_we\Creacion de examen_San-Luis\Backend\src\main\java\pe\edu\utp\sistemaexamenes\model\CategoriaExamen.java. Using fallback presentation compiler.
2026.06.08 01:12:56 INFO  no build target found for D:\CURSOS\7MO\Desarrollo_we\Creacion de examen_San-Luis\Backend\src\main\java\pe\edu\utp\sistemaexamenes\model\CategoriaExamen.java. Using fallback presentation compiler.
2026.06.08 01:12:57 INFO  no build target found for D:\CURSOS\7MO\Desarrollo_we\Creacion de examen_San-Luis\Backend\src\main\java\pe\edu\utp\sistemaexamenes\model\Curso.java. Using fallback presentation compiler.
2026.06.08 01:12:57 INFO  no build target found for D:\CURSOS\7MO\Desarrollo_we\Creacion de examen_San-Luis\Backend\src\main\java\pe\edu\utp\sistemaexamenes\model\Curso.java. Using fallback presentation compiler.
2026.06.08 01:12:58 WARN  no build target for: D:\CURSOS\7MO\Desarrollo_we\Creacion de examen_San-Luis\Backend\src\main\java\pe\edu\utp\sistemaexamenes\model\Curso.java
2026.06.08 01:12:57 INFO  no build target found for D:\CURSOS\7MO\Desarrollo_we\Creacion de examen_San-Luis\Backend\src\main\java\pe\edu\utp\sistemaexamenes\model\Curso.java. Using fallback presentation compiler.
2026.06.08 01:12:58 WARN  Running javac-semanticdb failed for file:///D:/CURSOS/7MO/Desarrollo_we/Creacion%20de%20examen_San-Luis/Backend/src/main/java/pe/edu/utp/sistemaexamenes/model/Curso.java. Output:

2026.06.08 01:12:57 INFO  no build target found for D:\CURSOS\7MO\Desarrollo_we\Creacion de examen_San-Luis\Backend\src\main\java\pe\edu\utp\sistemaexamenes\model\Curso.java. Using fallback presentation compiler.
2026.06.08 01:12:58 INFO  no build target found for D:\CURSOS\7MO\Desarrollo_we\Creacion de examen_San-Luis\Backend\src\main\java\pe\edu\utp\sistemaexamenes\model\Curso.java. Using fallback presentation compiler.
2026.06.08 01:12:59 INFO  no build target found for D:\CURSOS\7MO\Desarrollo_we\Creacion de examen_San-Luis\Backend\src\main\java\pe\edu\utp\sistemaexamenes\model\Pregunta.java. Using fallback presentation compiler.
2026.06.08 01:12:59 INFO  no build target found for D:\CURSOS\7MO\Desarrollo_we\Creacion de examen_San-Luis\Backend\src\main\java\pe\edu\utp\sistemaexamenes\model\Pregunta.java. Using fallback presentation compiler.
2026.06.08 01:12:59 INFO  no build target found for D:\CURSOS\7MO\Desarrollo_we\Creacion de examen_San-Luis\Backend\src\main\java\pe\edu\utp\sistemaexamenes\model\Pregunta.java. Using fallback presentation compiler.
jun. 08, 2026 1:13:00 A. M. org.eclipse.lsp4j.jsonrpc.RemoteEndpoint handleCancellation
WARNING: Unmatched cancel notification for request id 80
2026.06.08 01:12:59 INFO  no build target found for D:\CURSOS\7MO\Desarrollo_we\Creacion de examen_San-Luis\Backend\src\main\java\pe\edu\utp\sistemaexamenes\model\Pregunta.java. Using fallback presentation compiler.
2026.06.08 01:13:00 WARN  no build target for: D:\CURSOS\7MO\Desarrollo_we\Creacion de examen_San-Luis\Backend\src\main\java\pe\edu\utp\sistemaexamenes\model\Pregunta.java
2026.06.08 01:12:59 INFO  no build target found for D:\CURSOS\7MO\Desarrollo_we\Creacion de examen_San-Luis\Backend\src\main\java\pe\edu\utp\sistemaexamenes\model\Pregunta.java. Using fallback presentation compiler.
2026.06.08 01:13:00 WARN  Running javac-semanticdb failed for file:///D:/CURSOS/7MO/Desarrollo_we/Creacion%20de%20examen_San-Luis/Backend/src/main/java/pe/edu/utp/sistemaexamenes/model/Pregunta.java. Output:

2026.06.08 01:13:00 INFO  no build target found for D:\CURSOS\7MO\Desarrollo_we\Creacion de examen_San-Luis\Backend\src\main\java\pe\edu\utp\sistemaexamenes\model\Pregunta.java. Using fallback presentation compiler.
2026.06.08 01:13:00 INFO  no build target found for D:\CURSOS\7MO\Desarrollo_we\Creacion de examen_San-Luis\Backend\src\main\java\pe\edu\utp\sistemaexamenes\model\Pregunta.java. Using fallback presentation compiler.
2026.06.08 01:13:02 INFO  no build target found for D:\CURSOS\7MO\Desarrollo_we\Creacion de examen_San-Luis\Backend\src\main\java\pe\edu\utp\sistemaexamenes\model\Alternativa.java. Using fallback presentation compiler.
2026.06.08 01:13:02 INFO  no build target found for D:\CURSOS\7MO\Desarrollo_we\Creacion de examen_San-Luis\Backend\src\main\java\pe\edu\utp\sistemaexamenes\model\Alternativa.java. Using fallback presentation compiler.
2026.06.08 01:13:02 WARN  no build target for: D:\CURSOS\7MO\Desarrollo_we\Creacion de examen_San-Luis\Backend\src\main\java\pe\edu\utp\sistemaexamenes\model\Alternativa.java
2026.06.08 01:13:02 INFO  no build target found for D:\CURSOS\7MO\Desarrollo_we\Creacion de examen_San-Luis\Backend\src\main\java\pe\edu\utp\sistemaexamenes\model\Alternativa.java. Using fallback presentation compiler.
2026.06.08 01:13:02 WARN  Running javac-semanticdb failed for file:///D:/CURSOS/7MO/Desarrollo_we/Creacion%20de%20examen_San-Luis/Backend/src/main/java/pe/edu/utp/sistemaexamenes/model/Alternativa.java. Output:

2026.06.08 01:13:02 INFO  no build target found for D:\CURSOS\7MO\Desarrollo_we\Creacion de examen_San-Luis\Backend\src\main\java\pe\edu\utp\sistemaexamenes\model\Alternativa.java. Using fallback presentation compiler.
2026.06.08 01:13:02 INFO  no build target found for D:\CURSOS\7MO\Desarrollo_we\Creacion de examen_San-Luis\Backend\src\main\java\pe\edu\utp\sistemaexamenes\model\Alternativa.java. Using fallback presentation compiler.
2026.06.08 01:13:48 INFO  no build target found for D:\CURSOS\7MO\Desarrollo_we\Creacion de examen_San-Luis\Backend\src\main\java\pe\edu\utp\sistemaexamenes\model\Examen.java. Using fallback presentation compiler.
2026.06.08 01:13:48 INFO  no build target found for D:\CURSOS\7MO\Desarrollo_we\Creacion de examen_San-Luis\Backend\src\main\java\pe\edu\utp\sistemaexamenes\model\Examen.java. Using fallback presentation compiler.
2026.06.08 01:13:48 WARN  no build target for: D:\CURSOS\7MO\Desarrollo_we\Creacion de examen_San-Luis\Backend\src\main\java\pe\edu\utp\sistemaexamenes\model\Examen.java
2026.06.08 01:13:48 INFO  no build target found for D:\CURSOS\7MO\Desarrollo_we\Creacion de examen_San-Luis\Backend\src\main\java\pe\edu\utp\sistemaexamenes\model\Examen.java. Using fallback presentation compiler.
2026.06.08 01:13:48 WARN  Running javac-semanticdb failed for file:///D:/CURSOS/7MO/Desarrollo_we/Creacion%20de%20examen_San-Luis/Backend/src/main/java/pe/edu/utp/sistemaexamenes/model/Examen.java. Output:

2026.06.08 01:13:48 INFO  no build target found for D:\CURSOS\7MO\Desarrollo_we\Creacion de examen_San-Luis\Backend\src\main\java\pe\edu\utp\sistemaexamenes\model\Examen.java. Using fallback presentation compiler.
2026.06.08 01:13:48 INFO  no build target found for D:\CURSOS\7MO\Desarrollo_we\Creacion de examen_San-Luis\Backend\src\main\java\pe\edu\utp\sistemaexamenes\model\Examen.java. Using fallback presentation compiler.
2026.06.08 01:13:50 INFO  no build target found for D:\CURSOS\7MO\Desarrollo_we\Creacion de examen_San-Luis\Backend\src\main\java\pe\edu\utp\sistemaexamenes\model\ExamenConfiguracionCurso.java. Using fallback presentation compiler.
2026.06.08 01:13:50 INFO  no build target found for D:\CURSOS\7MO\Desarrollo_we\Creacion de examen_San-Luis\Backend\src\main\java\pe\edu\utp\sistemaexamenes\model\ExamenConfiguracionCurso.java. Using fallback presentation compiler.
2026.06.08 01:13:50 WARN  no build target for: D:\CURSOS\7MO\Desarrollo_we\Creacion de examen_San-Luis\Backend\src\main\java\pe\edu\utp\sistemaexamenes\model\ExamenConfiguracionCurso.java
2026.06.08 01:13:50 INFO  no build target found for D:\CURSOS\7MO\Desarrollo_we\Creacion de examen_San-Luis\Backend\src\main\java\pe\edu\utp\sistemaexamenes\model\ExamenConfiguracionCurso.java. Using fallback presentation compiler.
2026.06.08 01:13:50 WARN  Running javac-semanticdb failed for file:///D:/CURSOS/7MO/Desarrollo_we/Creacion%20de%20examen_San-Luis/Backend/src/main/java/pe/edu/utp/sistemaexamenes/model/ExamenConfiguracionCurso.java. Output:

2026.06.08 01:13:50 INFO  no build target found for D:\CURSOS\7MO\Desarrollo_we\Creacion de examen_San-Luis\Backend\src\main\java\pe\edu\utp\sistemaexamenes\model\ExamenConfiguracionCurso.java. Using fallback presentation compiler.
2026.06.08 01:13:50 INFO  no build target found for D:\CURSOS\7MO\Desarrollo_we\Creacion de examen_San-Luis\Backend\src\main\java\pe\edu\utp\sistemaexamenes\model\ExamenConfiguracionCurso.java. Using fallback presentation compiler.
2026.06.08 01:13:52 INFO  no build target found for D:\CURSOS\7MO\Desarrollo_we\Creacion de examen_San-Luis\Backend\src\main\java\pe\edu\utp\sistemaexamenes\model\ExamenVersion.java. Using fallback presentation compiler.
2026.06.08 01:13:52 INFO  no build target found for D:\CURSOS\7MO\Desarrollo_we\Creacion de examen_San-Luis\Backend\src\main\java\pe\edu\utp\sistemaexamenes\model\ExamenVersion.java. Using fallback presentation compiler.
2026.06.08 01:13:52 WARN  no build target for: D:\CURSOS\7MO\Desarrollo_we\Creacion de examen_San-Luis\Backend\src\main\java\pe\edu\utp\sistemaexamenes\model\ExamenVersion.java
2026.06.08 01:13:52 WARN  Running javac-semanticdb failed for file:///D:/CURSOS/7MO/Desarrollo_we/Creacion%20de%20examen_San-Luis/Backend/src/main/java/pe/edu/utp/sistemaexamenes/model/ExamenVersion.java. Output:

2026.06.08 01:13:52 INFO  no build target found for D:\CURSOS\7MO\Desarrollo_we\Creacion de examen_San-Luis\Backend\src\main\java\pe\edu\utp\sistemaexamenes\model\ExamenVersion.java. Using fallback presentation compiler.
2026.06.08 01:13:52 INFO  no build target found for D:\CURSOS\7MO\Desarrollo_we\Creacion de examen_San-Luis\Backend\src\main\java\pe\edu\utp\sistemaexamenes\model\ExamenVersion.java. Using fallback presentation compiler.
2026.06.08 01:13:52 INFO  no build target found for D:\CURSOS\7MO\Desarrollo_we\Creacion de examen_San-Luis\Backend\src\main\java\pe\edu\utp\sistemaexamenes\model\ExamenVersion.java. Using fallback presentation compiler.
2026.06.08 01:13:54 INFO  no build target found for D:\CURSOS\7MO\Desarrollo_we\Creacion de examen_San-Luis\Backend\src\main\java\pe\edu\utp\sistemaexamenes\model\ExamenPregunta.java. Using fallback presentation compiler.
2026.06.08 01:13:54 INFO  no build target found for D:\CURSOS\7MO\Desarrollo_we\Creacion de examen_San-Luis\Backend\src\main\java\pe\edu\utp\sistemaexamenes\model\ExamenPregunta.java. Using fallback presentation compiler.
2026.06.08 01:13:54 INFO  no build target found for D:\CURSOS\7MO\Desarrollo_we\Creacion de examen_San-Luis\Backend\src\main\java\pe\edu\utp\sistemaexamenes\model\ExamenPregunta.java. Using fallback presentation compiler.
2026.06.08 01:13:54 INFO  no build target found for D:\CURSOS\7MO\Desarrollo_we\Creacion de examen_San-Luis\Backend\src\main\java\pe\edu\utp\sistemaexamenes\model\ExamenPregunta.java. Using fallback presentation compiler.
2026.06.08 01:13:54 WARN  no build target for: D:\CURSOS\7MO\Desarrollo_we\Creacion de examen_San-Luis\Backend\src\main\java\pe\edu\utp\sistemaexamenes\model\ExamenPregunta.java
2026.06.08 01:13:54 WARN  Running javac-semanticdb failed for file:///D:/CURSOS/7MO/Desarrollo_we/Creacion%20de%20examen_San-Luis/Backend/src/main/java/pe/edu/utp/sistemaexamenes/model/ExamenPregunta.java. Output:

2026.06.08 01:13:54 INFO  no build target found for D:\CURSOS\7MO\Desarrollo_we\Creacion de examen_San-Luis\Backend\src\main\java\pe\edu\utp\sistemaexamenes\model\ExamenPregunta.java. Using fallback presentation compiler.
2026.06.08 01:13:54 INFO  no build target found for D:\CURSOS\7MO\Desarrollo_we\Creacion de examen_San-Luis\Backend\src\main\java\pe\edu\utp\sistemaexamenes\model\ExamenPregunta.java. Using fallback presentation compiler.
2026.06.08 01:13:54 INFO  no build target found for D:\CURSOS\7MO\Desarrollo_we\Creacion de examen_San-Luis\Backend\src\main\java\pe\edu\utp\sistemaexamenes\model\ExamenPregunta.java. Using fallback presentation compiler.
2026.06.08 01:13:56 INFO  no build target found for D:\CURSOS\7MO\Desarrollo_we\Creacion de examen_San-Luis\Backend\src\main\java\pe\edu\utp\sistemaexamenes\model\HistorialAccion.java. Using fallback presentation compiler.
2026.06.08 01:13:56 INFO  no build target found for D:\CURSOS\7MO\Desarrollo_we\Creacion de examen_San-Luis\Backend\src\main\java\pe\edu\utp\sistemaexamenes\model\HistorialAccion.java. Using fallback presentation compiler.
2026.06.08 01:13:56 WARN  no build target for: D:\CURSOS\7MO\Desarrollo_we\Creacion de examen_San-Luis\Backend\src\main\java\pe\edu\utp\sistemaexamenes\model\HistorialAccion.java
2026.06.08 01:13:56 INFO  no build target found for D:\CURSOS\7MO\Desarrollo_we\Creacion de examen_San-Luis\Backend\src\main\java\pe\edu\utp\sistemaexamenes\model\HistorialAccion.java. Using fallback presentation compiler.
2026.06.08 01:13:56 WARN  Running javac-semanticdb failed for file:///D:/CURSOS/7MO/Desarrollo_we/Creacion%20de%20examen_San-Luis/Backend/src/main/java/pe/edu/utp/sistemaexamenes/model/HistorialAccion.java. Output:

2026.06.08 01:13:56 INFO  no build target found for D:\CURSOS\7MO\Desarrollo_we\Creacion de examen_San-Luis\Backend\src\main\java\pe\edu\utp\sistemaexamenes\model\HistorialAccion.java. Using fallback presentation compiler.
2026.06.08 01:13:56 INFO  no build target found for D:\CURSOS\7MO\Desarrollo_we\Creacion de examen_San-Luis\Backend\src\main\java\pe\edu\utp\sistemaexamenes\model\HistorialAccion.java. Using fallback presentation compiler.
2026.06.08 01:14:16 INFO  no build target found for D:\CURSOS\7MO\Desarrollo_we\Creacion de examen_San-Luis\Backend\src\main\java\pe\edu\utp\sistemaexamenes\repository\CategoriaExamenRepository.java. Using fallback presentation compiler.
2026.06.08 01:14:16 INFO  no build target found for D:\CURSOS\7MO\Desarrollo_we\Creacion de examen_San-Luis\Backend\src\main\java\pe\edu\utp\sistemaexamenes\repository\CategoriaExamenRepository.java. Using fallback presentation compiler.
2026.06.08 01:14:16 WARN  no build target for: D:\CURSOS\7MO\Desarrollo_we\Creacion de examen_San-Luis\Backend\src\main\java\pe\edu\utp\sistemaexamenes\repository\CategoriaExamenRepository.java
2026.06.08 01:14:16 WARN  Running javac-semanticdb failed for file:///D:/CURSOS/7MO/Desarrollo_we/Creacion%20de%20examen_San-Luis/Backend/src/main/java/pe/edu/utp/sistemaexamenes/repository/CategoriaExamenRepository.java. Output:

2026.06.08 01:14:16 INFO  no build target found for D:\CURSOS\7MO\Desarrollo_we\Creacion de examen_San-Luis\Backend\src\main\java\pe\edu\utp\sistemaexamenes\repository\CategoriaExamenRepository.java. Using fallback presentation compiler.
2026.06.08 01:14:16 INFO  no build target found for D:\CURSOS\7MO\Desarrollo_we\Creacion de examen_San-Luis\Backend\src\main\java\pe\edu\utp\sistemaexamenes\repository\CategoriaExamenRepository.java. Using fallback presentation compiler.
2026.06.08 01:14:16 INFO  no build target found for D:\CURSOS\7MO\Desarrollo_we\Creacion de examen_San-Luis\Backend\src\main\java\pe\edu\utp\sistemaexamenes\repository\CategoriaExamenRepository.java. Using fallback presentation compiler.
2026.06.08 01:14:18 INFO  no build target found for D:\CURSOS\7MO\Desarrollo_we\Creacion de examen_San-Luis\Backend\src\main\java\pe\edu\utp\sistemaexamenes\repository\CursoRepository.java. Using fallback presentation compiler.
2026.06.08 01:14:18 INFO  no build target found for D:\CURSOS\7MO\Desarrollo_we\Creacion de examen_San-Luis\Backend\src\main\java\pe\edu\utp\sistemaexamenes\repository\CursoRepository.java. Using fallback presentation compiler.
2026.06.08 01:14:18 WARN  no build target for: D:\CURSOS\7MO\Desarrollo_we\Creacion de examen_San-Luis\Backend\src\main\java\pe\edu\utp\sistemaexamenes\repository\CursoRepository.java
2026.06.08 01:14:18 INFO  no build target found for D:\CURSOS\7MO\Desarrollo_we\Creacion de examen_San-Luis\Backend\src\main\java\pe\edu\utp\sistemaexamenes\repository\CursoRepository.java. Using fallback presentation compiler.
2026.06.08 01:14:18 WARN  Running javac-semanticdb failed for file:///D:/CURSOS/7MO/Desarrollo_we/Creacion%20de%20examen_San-Luis/Backend/src/main/java/pe/edu/utp/sistemaexamenes/repository/CursoRepository.java. Output:

2026.06.08 01:14:18 INFO  no build target found for D:\CURSOS\7MO\Desarrollo_we\Creacion de examen_San-Luis\Backend\src\main\java\pe\edu\utp\sistemaexamenes\repository\CursoRepository.java. Using fallback presentation compiler.
2026.06.08 01:14:18 INFO  no build target found for D:\CURSOS\7MO\Desarrollo_we\Creacion de examen_San-Luis\Backend\src\main\java\pe\edu\utp\sistemaexamenes\repository\CursoRepository.java. Using fallback presentation compiler.
2026.06.08 01:14:19 INFO  no build target found for D:\CURSOS\7MO\Desarrollo_we\Creacion de examen_San-Luis\Backend\src\main\java\pe\edu\utp\sistemaexamenes\repository\PreguntaRepository.java. Using fallback presentation compiler.
2026.06.08 01:14:19 INFO  no build target found for D:\CURSOS\7MO\Desarrollo_we\Creacion de examen_San-Luis\Backend\src\main\java\pe\edu\utp\sistemaexamenes\repository\PreguntaRepository.java. Using fallback presentation compiler.
2026.06.08 01:14:20 WARN  no build target for: D:\CURSOS\7MO\Desarrollo_we\Creacion de examen_San-Luis\Backend\src\main\java\pe\edu\utp\sistemaexamenes\repository\PreguntaRepository.java
2026.06.08 01:14:20 WARN  Running javac-semanticdb failed for file:///D:/CURSOS/7MO/Desarrollo_we/Creacion%20de%20examen_San-Luis/Backend/src/main/java/pe/edu/utp/sistemaexamenes/repository/PreguntaRepository.java. Output:

2026.06.08 01:14:19 INFO  no build target found for D:\CURSOS\7MO\Desarrollo_we\Creacion de examen_San-Luis\Backend\src\main\java\pe\edu\utp\sistemaexamenes\repository\PreguntaRepository.java. Using fallback presentation compiler.
2026.06.08 01:14:20 INFO  no build target found for D:\CURSOS\7MO\Desarrollo_we\Creacion de examen_San-Luis\Backend\src\main\java\pe\edu\utp\sistemaexamenes\repository\PreguntaRepository.java. Using fallback presentation compiler.
2026.06.08 01:14:19 INFO  no build target found for D:\CURSOS\7MO\Desarrollo_we\Creacion de examen_San-Luis\Backend\src\main\java\pe\edu\utp\sistemaexamenes\repository\PreguntaRepository.java. Using fallback presentation compiler.
2026.06.08 01:14:21 INFO  no build target found for D:\CURSOS\7MO\Desarrollo_we\Creacion de examen_San-Luis\Backend\src\main\java\pe\edu\utp\sistemaexamenes\repository\AlternativaRepository.java. Using fallback presentation compiler.
2026.06.08 01:14:21 INFO  no build target found for D:\CURSOS\7MO\Desarrollo_we\Creacion de examen_San-Luis\Backend\src\main\java\pe\edu\utp\sistemaexamenes\repository\AlternativaRepository.java. Using fallback presentation compiler.
2026.06.08 01:14:21 WARN  no build target for: D:\CURSOS\7MO\Desarrollo_we\Creacion de examen_San-Luis\Backend\src\main\java\pe\edu\utp\sistemaexamenes\repository\AlternativaRepository.java
2026.06.08 01:14:21 INFO  no build target found for D:\CURSOS\7MO\Desarrollo_we\Creacion de examen_San-Luis\Backend\src\main\java\pe\edu\utp\sistemaexamenes\repository\AlternativaRepository.java. Using fallback presentation compiler.
2026.06.08 01:14:21 WARN  Running javac-semanticdb failed for file:///D:/CURSOS/7MO/Desarrollo_we/Creacion%20de%20examen_San-Luis/Backend/src/main/java/pe/edu/utp/sistemaexamenes/repository/AlternativaRepository.java. Output:

2026.06.08 01:14:21 INFO  no build target found for D:\CURSOS\7MO\Desarrollo_we\Creacion de examen_San-Luis\Backend\src\main\java\pe\edu\utp\sistemaexamenes\repository\AlternativaRepository.java. Using fallback presentation compiler.
2026.06.08 01:14:21 INFO  no build target found for D:\CURSOS\7MO\Desarrollo_we\Creacion de examen_San-Luis\Backend\src\main\java\pe\edu\utp\sistemaexamenes\repository\AlternativaRepository.java. Using fallback presentation compiler.
2026.06.08 01:14:23 INFO  no build target found for D:\CURSOS\7MO\Desarrollo_we\Creacion de examen_San-Luis\Backend\src\main\java\pe\edu\utp\sistemaexamenes\repository\ExamenRepository.java. Using fallback presentation compiler.
2026.06.08 01:14:23 INFO  no build target found for D:\CURSOS\7MO\Desarrollo_we\Creacion de examen_San-Luis\Backend\src\main\java\pe\edu\utp\sistemaexamenes\repository\ExamenRepository.java. Using fallback presentation compiler.
2026.06.08 01:14:23 WARN  no build target for: D:\CURSOS\7MO\Desarrollo_we\Creacion de examen_San-Luis\Backend\src\main\java\pe\edu\utp\sistemaexamenes\repository\ExamenRepository.java
2026.06.08 01:14:23 WARN  Running javac-semanticdb failed for file:///D:/CURSOS/7MO/Desarrollo_we/Creacion%20de%20examen_San-Luis/Backend/src/main/java/pe/edu/utp/sistemaexamenes/repository/ExamenRepository.java. Output:

2026.06.08 01:14:23 INFO  no build target found for D:\CURSOS\7MO\Desarrollo_we\Creacion de examen_San-Luis\Backend\src\main\java\pe\edu\utp\sistemaexamenes\repository\ExamenRepository.java. Using fallback presentation compiler.
2026.06.08 01:14:23 INFO  no build target found for D:\CURSOS\7MO\Desarrollo_we\Creacion de examen_San-Luis\Backend\src\main\java\pe\edu\utp\sistemaexamenes\repository\ExamenRepository.java. Using fallback presentation compiler.
2026.06.08 01:14:23 INFO  no build target found for D:\CURSOS\7MO\Desarrollo_we\Creacion de examen_San-Luis\Backend\src\main\java\pe\edu\utp\sistemaexamenes\repository\ExamenRepository.java. Using fallback presentation compiler.
2026.06.08 01:14:25 INFO  no build target found for D:\CURSOS\7MO\Desarrollo_we\Creacion de examen_San-Luis\Backend\src\main\java\pe\edu\utp\sistemaexamenes\repository\ExamenConfiguracionCursoRepository.java. Using fallback presentation compiler.
2026.06.08 01:14:25 INFO  no build target found for D:\CURSOS\7MO\Desarrollo_we\Creacion de examen_San-Luis\Backend\src\main\java\pe\edu\utp\sistemaexamenes\repository\ExamenConfiguracionCursoRepository.java. Using fallback presentation compiler.
2026.06.08 01:14:25 WARN  no build target for: D:\CURSOS\7MO\Desarrollo_we\Creacion de examen_San-Luis\Backend\src\main\java\pe\edu\utp\sistemaexamenes\repository\ExamenConfiguracionCursoRepository.java
2026.06.08 01:14:25 WARN  Running javac-semanticdb failed for file:///D:/CURSOS/7MO/Desarrollo_we/Creacion%20de%20examen_San-Luis/Backend/src/main/java/pe/edu/utp/sistemaexamenes/repository/ExamenConfiguracionCursoRepository.java. Output:

2026.06.08 01:14:25 INFO  no build target found for D:\CURSOS\7MO\Desarrollo_we\Creacion de examen_San-Luis\Backend\src\main\java\pe\edu\utp\sistemaexamenes\repository\ExamenConfiguracionCursoRepository.java. Using fallback presentation compiler.
2026.06.08 01:14:25 INFO  no build target found for D:\CURSOS\7MO\Desarrollo_we\Creacion de examen_San-Luis\Backend\src\main\java\pe\edu\utp\sistemaexamenes\repository\ExamenConfiguracionCursoRepository.java. Using fallback presentation compiler.
2026.06.08 01:14:25 INFO  no build target found for D:\CURSOS\7MO\Desarrollo_we\Creacion de examen_San-Luis\Backend\src\main\java\pe\edu\utp\sistemaexamenes\repository\ExamenConfiguracionCursoRepository.java. Using fallback presentation compiler.
2026.06.08 01:14:26 INFO  no build target found for D:\CURSOS\7MO\Desarrollo_we\Creacion de examen_San-Luis\Backend\src\main\java\pe\edu\utp\sistemaexamenes\repository\ExamenVersionRepository.java. Using fallback presentation compiler.
2026.06.08 01:14:26 INFO  no build target found for D:\CURSOS\7MO\Desarrollo_we\Creacion de examen_San-Luis\Backend\src\main\java\pe\edu\utp\sistemaexamenes\repository\ExamenVersionRepository.java. Using fallback presentation compiler.
2026.06.08 01:14:26 WARN  no build target for: D:\CURSOS\7MO\Desarrollo_we\Creacion de examen_San-Luis\Backend\src\main\java\pe\edu\utp\sistemaexamenes\repository\ExamenVersionRepository.java
2026.06.08 01:14:26 WARN  Running javac-semanticdb failed for file:///D:/CURSOS/7MO/Desarrollo_we/Creacion%20de%20examen_San-Luis/Backend/src/main/java/pe/edu/utp/sistemaexamenes/repository/ExamenVersionRepository.java. Output:

2026.06.08 01:14:26 INFO  no build target found for D:\CURSOS\7MO\Desarrollo_we\Creacion de examen_San-Luis\Backend\src\main\java\pe\edu\utp\sistemaexamenes\repository\ExamenVersionRepository.java. Using fallback presentation compiler.
2026.06.08 01:14:27 INFO  no build target found for D:\CURSOS\7MO\Desarrollo_we\Creacion de examen_San-Luis\Backend\src\main\java\pe\edu\utp\sistemaexamenes\repository\ExamenVersionRepository.java. Using fallback presentation compiler.
2026.06.08 01:14:26 INFO  no build target found for D:\CURSOS\7MO\Desarrollo_we\Creacion de examen_San-Luis\Backend\src\main\java\pe\edu\utp\sistemaexamenes\repository\ExamenVersionRepository.java. Using fallback presentation compiler.
2026.06.08 01:14:28 INFO  no build target found for D:\CURSOS\7MO\Desarrollo_we\Creacion de examen_San-Luis\Backend\src\main\java\pe\edu\utp\sistemaexamenes\repository\ExamenPreguntaRepository.java. Using fallback presentation compiler.
2026.06.08 01:14:28 INFO  no build target found for D:\CURSOS\7MO\Desarrollo_we\Creacion de examen_San-Luis\Backend\src\main\java\pe\edu\utp\sistemaexamenes\repository\ExamenPreguntaRepository.java. Using fallback presentation compiler.
2026.06.08 01:14:28 WARN  no build target for: D:\CURSOS\7MO\Desarrollo_we\Creacion de examen_San-Luis\Backend\src\main\java\pe\edu\utp\sistemaexamenes\repository\ExamenPreguntaRepository.java
2026.06.08 01:14:28 INFO  no build target found for D:\CURSOS\7MO\Desarrollo_we\Creacion de examen_San-Luis\Backend\src\main\java\pe\edu\utp\sistemaexamenes\repository\ExamenPreguntaRepository.java. Using fallback presentation compiler.
2026.06.08 01:14:28 WARN  Running javac-semanticdb failed for file:///D:/CURSOS/7MO/Desarrollo_we/Creacion%20de%20examen_San-Luis/Backend/src/main/java/pe/edu/utp/sistemaexamenes/repository/ExamenPreguntaRepository.java. Output:

2026.06.08 01:14:28 INFO  no build target found for D:\CURSOS\7MO\Desarrollo_we\Creacion de examen_San-Luis\Backend\src\main\java\pe\edu\utp\sistemaexamenes\repository\ExamenPreguntaRepository.java. Using fallback presentation compiler.
2026.06.08 01:14:28 INFO  no build target found for D:\CURSOS\7MO\Desarrollo_we\Creacion de examen_San-Luis\Backend\src\main\java\pe\edu\utp\sistemaexamenes\repository\ExamenPreguntaRepository.java. Using fallback presentation compiler.
2026.06.08 01:14:29 INFO  no build target found for D:\CURSOS\7MO\Desarrollo_we\Creacion de examen_San-Luis\Backend\src\main\java\pe\edu\utp\sistemaexamenes\repository\HistorialAccionRepository.java. Using fallback presentation compiler.
2026.06.08 01:14:29 INFO  no build target found for D:\CURSOS\7MO\Desarrollo_we\Creacion de examen_San-Luis\Backend\src\main\java\pe\edu\utp\sistemaexamenes\repository\HistorialAccionRepository.java. Using fallback presentation compiler.
2026.06.08 01:14:29 INFO  no build target found for D:\CURSOS\7MO\Desarrollo_we\Creacion de examen_San-Luis\Backend\src\main\java\pe\edu\utp\sistemaexamenes\repository\HistorialAccionRepository.java. Using fallback presentation compiler.
2026.06.08 01:14:29 INFO  no build target found for D:\CURSOS\7MO\Desarrollo_we\Creacion de examen_San-Luis\Backend\src\main\java\pe\edu\utp\sistemaexamenes\repository\HistorialAccionRepository.java. Using fallback presentation compiler.
2026.06.08 01:14:30 WARN  no build target for: D:\CURSOS\7MO\Desarrollo_we\Creacion de examen_San-Luis\Backend\src\main\java\pe\edu\utp\sistemaexamenes\repository\HistorialAccionRepository.java
2026.06.08 01:14:30 WARN  Running javac-semanticdb failed for file:///D:/CURSOS/7MO/Desarrollo_we/Creacion%20de%20examen_San-Luis/Backend/src/main/java/pe/edu/utp/sistemaexamenes/repository/HistorialAccionRepository.java. Output:

2026.06.08 01:14:29 INFO  no build target found for D:\CURSOS\7MO\Desarrollo_we\Creacion de examen_San-Luis\Backend\src\main\java\pe\edu\utp\sistemaexamenes\repository\HistorialAccionRepository.java. Using fallback presentation compiler.
2026.06.08 01:14:30 INFO  no build target found for D:\CURSOS\7MO\Desarrollo_we\Creacion de examen_San-Luis\Backend\src\main\java\pe\edu\utp\sistemaexamenes\repository\HistorialAccionRepository.java. Using fallback presentation compiler.
2026.06.08 01:14:29 INFO  no build target found for D:\CURSOS\7MO\Desarrollo_we\Creacion de examen_San-Luis\Backend\src\main\java\pe\edu\utp\sistemaexamenes\repository\HistorialAccionRepository.java. Using fallback presentation compiler.
2026.06.08 01:18:29 INFO  no build target found for D:\CURSOS\7MO\Desarrollo_we\Creacion de examen_San-Luis\Backend\src\main\java\pe\edu\utp\sistemaexamenes\dto\request\AlternativaRequest.java. Using fallback presentation compiler.
2026.06.08 01:18:29 INFO  no build target found for D:\CURSOS\7MO\Desarrollo_we\Creacion de examen_San-Luis\Backend\src\main\java\pe\edu\utp\sistemaexamenes\dto\request\AlternativaRequest.java. Using fallback presentation compiler.
2026.06.08 01:18:29 WARN  no build target for: D:\CURSOS\7MO\Desarrollo_we\Creacion de examen_San-Luis\Backend\src\main\java\pe\edu\utp\sistemaexamenes\dto\request\AlternativaRequest.java
2026.06.08 01:18:29 INFO  no build target found for D:\CURSOS\7MO\Desarrollo_we\Creacion de examen_San-Luis\Backend\src\main\java\pe\edu\utp\sistemaexamenes\dto\request\AlternativaRequest.java. Using fallback presentation compiler.
2026.06.08 01:18:29 WARN  Running javac-semanticdb failed for file:///D:/CURSOS/7MO/Desarrollo_we/Creacion%20de%20examen_San-Luis/Backend/src/main/java/pe/edu/utp/sistemaexamenes/dto/request/AlternativaRequest.java. Output:

2026.06.08 01:18:29 INFO  no build target found for D:\CURSOS\7MO\Desarrollo_we\Creacion de examen_San-Luis\Backend\src\main\java\pe\edu\utp\sistemaexamenes\dto\request\AlternativaRequest.java. Using fallback presentation compiler.
2026.06.08 01:18:29 INFO  no build target found for D:\CURSOS\7MO\Desarrollo_we\Creacion de examen_San-Luis\Backend\src\main\java\pe\edu\utp\sistemaexamenes\dto\request\AlternativaRequest.java. Using fallback presentation compiler.
2026.06.08 01:18:30 INFO  no build target found for D:\CURSOS\7MO\Desarrollo_we\Creacion de examen_San-Luis\Backend\src\main\java\pe\edu\utp\sistemaexamenes\dto\request\CategoriaExamenRequest.java. Using fallback presentation compiler.
2026.06.08 01:18:30 INFO  no build target found for D:\CURSOS\7MO\Desarrollo_we\Creacion de examen_San-Luis\Backend\src\main\java\pe\edu\utp\sistemaexamenes\dto\request\CategoriaExamenRequest.java. Using fallback presentation compiler.
2026.06.08 01:18:30 WARN  no build target for: D:\CURSOS\7MO\Desarrollo_we\Creacion de examen_San-Luis\Backend\src\main\java\pe\edu\utp\sistemaexamenes\dto\request\CategoriaExamenRequest.java
2026.06.08 01:18:31 WARN  Running javac-semanticdb failed for file:///D:/CURSOS/7MO/Desarrollo_we/Creacion%20de%20examen_San-Luis/Backend/src/main/java/pe/edu/utp/sistemaexamenes/dto/request/CategoriaExamenRequest.java. Output:

2026.06.08 01:18:30 INFO  no build target found for D:\CURSOS\7MO\Desarrollo_we\Creacion de examen_San-Luis\Backend\src\main\java\pe\edu\utp\sistemaexamenes\dto\request\CategoriaExamenRequest.java. Using fallback presentation compiler.
2026.06.08 01:18:31 INFO  no build target found for D:\CURSOS\7MO\Desarrollo_we\Creacion de examen_San-Luis\Backend\src\main\java\pe\edu\utp\sistemaexamenes\dto\request\CategoriaExamenRequest.java. Using fallback presentation compiler.
2026.06.08 01:18:30 INFO  no build target found for D:\CURSOS\7MO\Desarrollo_we\Creacion de examen_San-Luis\Backend\src\main\java\pe\edu\utp\sistemaexamenes\dto\request\CategoriaExamenRequest.java. Using fallback presentation compiler.
2026.06.08 01:18:32 INFO  no build target found for D:\CURSOS\7MO\Desarrollo_we\Creacion de examen_San-Luis\Backend\src\main\java\pe\edu\utp\sistemaexamenes\dto\request\CursoRequest.java. Using fallback presentation compiler.
2026.06.08 01:18:32 INFO  no build target found for D:\CURSOS\7MO\Desarrollo_we\Creacion de examen_San-Luis\Backend\src\main\java\pe\edu\utp\sistemaexamenes\dto\request\CursoRequest.java. Using fallback presentation compiler.
2026.06.08 01:18:32 WARN  no build target for: D:\CURSOS\7MO\Desarrollo_we\Creacion de examen_San-Luis\Backend\src\main\java\pe\edu\utp\sistemaexamenes\dto\request\CursoRequest.java
2026.06.08 01:18:32 INFO  no build target found for D:\CURSOS\7MO\Desarrollo_we\Creacion de examen_San-Luis\Backend\src\main\java\pe\edu\utp\sistemaexamenes\dto\request\CursoRequest.java. Using fallback presentation compiler.
2026.06.08 01:18:32 WARN  Running javac-semanticdb failed for file:///D:/CURSOS/7MO/Desarrollo_we/Creacion%20de%20examen_San-Luis/Backend/src/main/java/pe/edu/utp/sistemaexamenes/dto/request/CursoRequest.java. Output:

2026.06.08 01:18:32 INFO  no build target found for D:\CURSOS\7MO\Desarrollo_we\Creacion de examen_San-Luis\Backend\src\main\java\pe\edu\utp\sistemaexamenes\dto\request\CursoRequest.java. Using fallback presentation compiler.
2026.06.08 01:18:32 INFO  no build target found for D:\CURSOS\7MO\Desarrollo_we\Creacion de examen_San-Luis\Backend\src\main\java\pe\edu\utp\sistemaexamenes\dto\request\CursoRequest.java. Using fallback presentation compiler.
2026.06.08 01:18:34 INFO  no build target found for D:\CURSOS\7MO\Desarrollo_we\Creacion de examen_San-Luis\Backend\src\main\java\pe\edu\utp\sistemaexamenes\dto\request\PreguntaRequest.java. Using fallback presentation compiler.
2026.06.08 01:18:34 INFO  no build target found for D:\CURSOS\7MO\Desarrollo_we\Creacion de examen_San-Luis\Backend\src\main\java\pe\edu\utp\sistemaexamenes\dto\request\PreguntaRequest.java. Using fallback presentation compiler.
2026.06.08 01:18:34 WARN  no build target for: D:\CURSOS\7MO\Desarrollo_we\Creacion de examen_San-Luis\Backend\src\main\java\pe\edu\utp\sistemaexamenes\dto\request\PreguntaRequest.java
2026.06.08 01:18:34 INFO  no build target found for D:\CURSOS\7MO\Desarrollo_we\Creacion de examen_San-Luis\Backend\src\main\java\pe\edu\utp\sistemaexamenes\dto\request\PreguntaRequest.java. Using fallback presentation compiler.
2026.06.08 01:18:34 WARN  Running javac-semanticdb failed for file:///D:/CURSOS/7MO/Desarrollo_we/Creacion%20de%20examen_San-Luis/Backend/src/main/java/pe/edu/utp/sistemaexamenes/dto/request/PreguntaRequest.java. Output:

2026.06.08 01:18:34 INFO  no build target found for D:\CURSOS\7MO\Desarrollo_we\Creacion de examen_San-Luis\Backend\src\main\java\pe\edu\utp\sistemaexamenes\dto\request\PreguntaRequest.java. Using fallback presentation compiler.
2026.06.08 01:18:34 INFO  no build target found for D:\CURSOS\7MO\Desarrollo_we\Creacion de examen_San-Luis\Backend\src\main\java\pe\edu\utp\sistemaexamenes\dto\request\PreguntaRequest.java. Using fallback presentation compiler.
2026.06.08 01:18:35 INFO  no build target found for D:\CURSOS\7MO\Desarrollo_we\Creacion de examen_San-Luis\Backend\src\main\java\pe\edu\utp\sistemaexamenes\dto\request\ExamenConfiguracionCursoRequest.java. Using fallback presentation compiler.
2026.06.08 01:18:35 INFO  no build target found for D:\CURSOS\7MO\Desarrollo_we\Creacion de examen_San-Luis\Backend\src\main\java\pe\edu\utp\sistemaexamenes\dto\request\ExamenConfiguracionCursoRequest.java. Using fallback presentation compiler.
2026.06.08 01:18:35 INFO  no build target found for D:\CURSOS\7MO\Desarrollo_we\Creacion de examen_San-Luis\Backend\src\main\java\pe\edu\utp\sistemaexamenes\dto\request\ExamenConfiguracionCursoRequest.java. Using fallback presentation compiler.
2026.06.08 01:18:35 INFO  no build target found for D:\CURSOS\7MO\Desarrollo_we\Creacion de examen_San-Luis\Backend\src\main\java\pe\edu\utp\sistemaexamenes\dto\request\ExamenConfiguracionCursoRequest.java. Using fallback presentation compiler.
2026.06.08 01:18:36 WARN  no build target for: D:\CURSOS\7MO\Desarrollo_we\Creacion de examen_San-Luis\Backend\src\main\java\pe\edu\utp\sistemaexamenes\dto\request\ExamenConfiguracionCursoRequest.java
2026.06.08 01:18:36 WARN  Running javac-semanticdb failed for file:///D:/CURSOS/7MO/Desarrollo_we/Creacion%20de%20examen_San-Luis/Backend/src/main/java/pe/edu/utp/sistemaexamenes/dto/request/ExamenConfiguracionCursoRequest.java. Output:

2026.06.08 01:18:35 INFO  no build target found for D:\CURSOS\7MO\Desarrollo_we\Creacion de examen_San-Luis\Backend\src\main\java\pe\edu\utp\sistemaexamenes\dto\request\ExamenConfiguracionCursoRequest.java. Using fallback presentation compiler.
2026.06.08 01:18:36 INFO  no build target found for D:\CURSOS\7MO\Desarrollo_we\Creacion de examen_San-Luis\Backend\src\main\java\pe\edu\utp\sistemaexamenes\dto\request\ExamenConfiguracionCursoRequest.java. Using fallback presentation compiler.
2026.06.08 01:18:35 INFO  no build target found for D:\CURSOS\7MO\Desarrollo_we\Creacion de examen_San-Luis\Backend\src\main\java\pe\edu\utp\sistemaexamenes\dto\request\ExamenConfiguracionCursoRequest.java. Using fallback presentation compiler.
2026.06.08 01:18:37 INFO  no build target found for D:\CURSOS\7MO\Desarrollo_we\Creacion de examen_San-Luis\Backend\src\main\java\pe\edu\utp\sistemaexamenes\dto\request\ExamenRequest.java. Using fallback presentation compiler.
2026.06.08 01:18:37 INFO  no build target found for D:\CURSOS\7MO\Desarrollo_we\Creacion de examen_San-Luis\Backend\src\main\java\pe\edu\utp\sistemaexamenes\dto\request\ExamenRequest.java. Using fallback presentation compiler.
2026.06.08 01:18:37 WARN  no build target for: D:\CURSOS\7MO\Desarrollo_we\Creacion de examen_San-Luis\Backend\src\main\java\pe\edu\utp\sistemaexamenes\dto\request\ExamenRequest.java
2026.06.08 01:18:37 WARN  Running javac-semanticdb failed for file:///D:/CURSOS/7MO/Desarrollo_we/Creacion%20de%20examen_San-Luis/Backend/src/main/java/pe/edu/utp/sistemaexamenes/dto/request/ExamenRequest.java. Output:

2026.06.08 01:18:37 INFO  no build target found for D:\CURSOS\7MO\Desarrollo_we\Creacion de examen_San-Luis\Backend\src\main\java\pe\edu\utp\sistemaexamenes\dto\request\ExamenRequest.java. Using fallback presentation compiler.
2026.06.08 01:18:37 INFO  no build target found for D:\CURSOS\7MO\Desarrollo_we\Creacion de examen_San-Luis\Backend\src\main\java\pe\edu\utp\sistemaexamenes\dto\request\ExamenRequest.java. Using fallback presentation compiler.
2026.06.08 01:18:37 INFO  no build target found for D:\CURSOS\7MO\Desarrollo_we\Creacion de examen_San-Luis\Backend\src\main\java\pe\edu\utp\sistemaexamenes\dto\request\ExamenRequest.java. Using fallback presentation compiler.
2026.06.08 01:18:59 INFO  no build target found for D:\CURSOS\7MO\Desarrollo_we\Creacion de examen_San-Luis\Backend\src\main\java\pe\edu\utp\sistemaexamenes\dto\response\AlternativaResponse.java. Using fallback presentation compiler.
2026.06.08 01:18:59 INFO  no build target found for D:\CURSOS\7MO\Desarrollo_we\Creacion de examen_San-Luis\Backend\src\main\java\pe\edu\utp\sistemaexamenes\dto\response\AlternativaResponse.java. Using fallback presentation compiler.
2026.06.08 01:18:59 WARN  no build target for: D:\CURSOS\7MO\Desarrollo_we\Creacion de examen_San-Luis\Backend\src\main\java\pe\edu\utp\sistemaexamenes\dto\response\AlternativaResponse.java
2026.06.08 01:18:59 INFO  no build target found for D:\CURSOS\7MO\Desarrollo_we\Creacion de examen_San-Luis\Backend\src\main\java\pe\edu\utp\sistemaexamenes\dto\response\AlternativaResponse.java. Using fallback presentation compiler.
2026.06.08 01:18:59 WARN  Running javac-semanticdb failed for file:///D:/CURSOS/7MO/Desarrollo_we/Creacion%20de%20examen_San-Luis/Backend/src/main/java/pe/edu/utp/sistemaexamenes/dto/response/AlternativaResponse.java. Output:

2026.06.08 01:18:59 INFO  no build target found for D:\CURSOS\7MO\Desarrollo_we\Creacion de examen_San-Luis\Backend\src\main\java\pe\edu\utp\sistemaexamenes\dto\response\AlternativaResponse.java. Using fallback presentation compiler.
2026.06.08 01:18:59 INFO  no build target found for D:\CURSOS\7MO\Desarrollo_we\Creacion de examen_San-Luis\Backend\src\main\java\pe\edu\utp\sistemaexamenes\dto\response\AlternativaResponse.java. Using fallback presentation compiler.
2026.06.08 01:18:59 INFO  no build target found for D:\CURSOS\7MO\Desarrollo_we\Creacion de examen_San-Luis\Backend\src\main\java\pe\edu\utp\sistemaexamenes\dto\response\AlternativaResponse.java. Using fallback presentation compiler.
2026.06.08 01:19:00 INFO  no build target found for D:\CURSOS\7MO\Desarrollo_we\Creacion de examen_San-Luis\Backend\src\main\java\pe\edu\utp\sistemaexamenes\dto\response\CategoriaExamenResponse.java. Using fallback presentation compiler.
2026.06.08 01:19:00 INFO  no build target found for D:\CURSOS\7MO\Desarrollo_we\Creacion de examen_San-Luis\Backend\src\main\java\pe\edu\utp\sistemaexamenes\dto\response\CategoriaExamenResponse.java. Using fallback presentation compiler.
2026.06.08 01:19:00 INFO  no build target found for D:\CURSOS\7MO\Desarrollo_we\Creacion de examen_San-Luis\Backend\src\main\java\pe\edu\utp\sistemaexamenes\dto\response\CategoriaExamenResponse.java. Using fallback presentation compiler.
2026.06.08 01:19:00 INFO  no build target found for D:\CURSOS\7MO\Desarrollo_we\Creacion de examen_San-Luis\Backend\src\main\java\pe\edu\utp\sistemaexamenes\dto\response\CategoriaExamenResponse.java. Using fallback presentation compiler.
2026.06.08 01:19:01 WARN  no build target for: D:\CURSOS\7MO\Desarrollo_we\Creacion de examen_San-Luis\Backend\src\main\java\pe\edu\utp\sistemaexamenes\dto\response\CategoriaExamenResponse.java
2026.06.08 01:19:01 WARN  Running javac-semanticdb failed for file:///D:/CURSOS/7MO/Desarrollo_we/Creacion%20de%20examen_San-Luis/Backend/src/main/java/pe/edu/utp/sistemaexamenes/dto/response/CategoriaExamenResponse.java. Output:

2026.06.08 01:19:00 INFO  no build target found for D:\CURSOS\7MO\Desarrollo_we\Creacion de examen_San-Luis\Backend\src\main\java\pe\edu\utp\sistemaexamenes\dto\response\CategoriaExamenResponse.java. Using fallback presentation compiler.
2026.06.08 01:19:01 INFO  no build target found for D:\CURSOS\7MO\Desarrollo_we\Creacion de examen_San-Luis\Backend\src\main\java\pe\edu\utp\sistemaexamenes\dto\response\CategoriaExamenResponse.java. Using fallback presentation compiler.
2026.06.08 01:19:00 INFO  no build target found for D:\CURSOS\7MO\Desarrollo_we\Creacion de examen_San-Luis\Backend\src\main\java\pe\edu\utp\sistemaexamenes\dto\response\CategoriaExamenResponse.java. Using fallback presentation compiler.
2026.06.08 01:19:02 INFO  no build target found for D:\CURSOS\7MO\Desarrollo_we\Creacion de examen_San-Luis\Backend\src\main\java\pe\edu\utp\sistemaexamenes\dto\response\CursoResponse.java. Using fallback presentation compiler.
2026.06.08 01:19:02 INFO  no build target found for D:\CURSOS\7MO\Desarrollo_we\Creacion de examen_San-Luis\Backend\src\main\java\pe\edu\utp\sistemaexamenes\dto\response\CursoResponse.java. Using fallback presentation compiler.
2026.06.08 01:19:02 WARN  no build target for: D:\CURSOS\7MO\Desarrollo_we\Creacion de examen_San-Luis\Backend\src\main\java\pe\edu\utp\sistemaexamenes\dto\response\CursoResponse.java
2026.06.08 01:19:02 WARN  Running javac-semanticdb failed for file:///D:/CURSOS/7MO/Desarrollo_we/Creacion%20de%20examen_San-Luis/Backend/src/main/java/pe/edu/utp/sistemaexamenes/dto/response/CursoResponse.java. Output:

2026.06.08 01:19:02 INFO  no build target found for D:\CURSOS\7MO\Desarrollo_we\Creacion de examen_San-Luis\Backend\src\main\java\pe\edu\utp\sistemaexamenes\dto\response\CursoResponse.java. Using fallback presentation compiler.
2026.06.08 01:19:02 INFO  no build target found for D:\CURSOS\7MO\Desarrollo_we\Creacion de examen_San-Luis\Backend\src\main\java\pe\edu\utp\sistemaexamenes\dto\response\CursoResponse.java. Using fallback presentation compiler.
2026.06.08 01:19:02 INFO  no build target found for D:\CURSOS\7MO\Desarrollo_we\Creacion de examen_San-Luis\Backend\src\main\java\pe\edu\utp\sistemaexamenes\dto\response\CursoResponse.java. Using fallback presentation compiler.
2026.06.08 01:19:04 INFO  no build target found for D:\CURSOS\7MO\Desarrollo_we\Creacion de examen_San-Luis\Backend\src\main\java\pe\edu\utp\sistemaexamenes\dto\response\PreguntaResponse.java. Using fallback presentation compiler.
2026.06.08 01:19:04 INFO  no build target found for D:\CURSOS\7MO\Desarrollo_we\Creacion de examen_San-Luis\Backend\src\main\java\pe\edu\utp\sistemaexamenes\dto\response\PreguntaResponse.java. Using fallback presentation compiler.
2026.06.08 01:19:04 INFO  no build target found for D:\CURSOS\7MO\Desarrollo_we\Creacion de examen_San-Luis\Backend\src\main\java\pe\edu\utp\sistemaexamenes\dto\response\PreguntaResponse.java. Using fallback presentation compiler.
2026.06.08 01:19:04 INFO  no build target found for D:\CURSOS\7MO\Desarrollo_we\Creacion de examen_San-Luis\Backend\src\main\java\pe\edu\utp\sistemaexamenes\dto\response\PreguntaResponse.java. Using fallback presentation compiler.
2026.06.08 01:19:04 WARN  no build target for: D:\CURSOS\7MO\Desarrollo_we\Creacion de examen_San-Luis\Backend\src\main\java\pe\edu\utp\sistemaexamenes\dto\response\PreguntaResponse.java
2026.06.08 01:19:04 WARN  Running javac-semanticdb failed for file:///D:/CURSOS/7MO/Desarrollo_we/Creacion%20de%20examen_San-Luis/Backend/src/main/java/pe/edu/utp/sistemaexamenes/dto/response/PreguntaResponse.java. Output:

2026.06.08 01:19:04 INFO  no build target found for D:\CURSOS\7MO\Desarrollo_we\Creacion de examen_San-Luis\Backend\src\main\java\pe\edu\utp\sistemaexamenes\dto\response\PreguntaResponse.java. Using fallback presentation compiler.
2026.06.08 01:19:04 INFO  no build target found for D:\CURSOS\7MO\Desarrollo_we\Creacion de examen_San-Luis\Backend\src\main\java\pe\edu\utp\sistemaexamenes\dto\response\PreguntaResponse.java. Using fallback presentation compiler.
2026.06.08 01:19:04 INFO  no build target found for D:\CURSOS\7MO\Desarrollo_we\Creacion de examen_San-Luis\Backend\src\main\java\pe\edu\utp\sistemaexamenes\dto\response\PreguntaResponse.java. Using fallback presentation compiler.
2026.06.08 01:19:05 INFO  no build target found for D:\CURSOS\7MO\Desarrollo_we\Creacion de examen_San-Luis\Backend\src\main\java\pe\edu\utp\sistemaexamenes\dto\response\ExamenConfiguracionCursoResponse.java. Using fallback presentation compiler.
2026.06.08 01:19:05 INFO  no build target found for D:\CURSOS\7MO\Desarrollo_we\Creacion de examen_San-Luis\Backend\src\main\java\pe\edu\utp\sistemaexamenes\dto\response\ExamenConfiguracionCursoResponse.java. Using fallback presentation compiler.
2026.06.08 01:19:06 WARN  no build target for: D:\CURSOS\7MO\Desarrollo_we\Creacion de examen_San-Luis\Backend\src\main\java\pe\edu\utp\sistemaexamenes\dto\response\ExamenConfiguracionCursoResponse.java
2026.06.08 01:19:06 WARN  Running javac-semanticdb failed for file:///D:/CURSOS/7MO/Desarrollo_we/Creacion%20de%20examen_San-Luis/Backend/src/main/java/pe/edu/utp/sistemaexamenes/dto/response/ExamenConfiguracionCursoResponse.java. Output:

2026.06.08 01:19:05 INFO  no build target found for D:\CURSOS\7MO\Desarrollo_we\Creacion de examen_San-Luis\Backend\src\main\java\pe\edu\utp\sistemaexamenes\dto\response\ExamenConfiguracionCursoResponse.java. Using fallback presentation compiler.
2026.06.08 01:19:06 INFO  no build target found for D:\CURSOS\7MO\Desarrollo_we\Creacion de examen_San-Luis\Backend\src\main\java\pe\edu\utp\sistemaexamenes\dto\response\ExamenConfiguracionCursoResponse.java. Using fallback presentation compiler.
2026.06.08 01:19:05 INFO  no build target found for D:\CURSOS\7MO\Desarrollo_we\Creacion de examen_San-Luis\Backend\src\main\java\pe\edu\utp\sistemaexamenes\dto\response\ExamenConfiguracionCursoResponse.java. Using fallback presentation compiler.
2026.06.08 01:19:07 INFO  no build target found for D:\CURSOS\7MO\Desarrollo_we\Creacion de examen_San-Luis\Backend\src\main\java\pe\edu\utp\sistemaexamenes\dto\response\ExamenResponse.java. Using fallback presentation compiler.
2026.06.08 01:19:07 INFO  no build target found for D:\CURSOS\7MO\Desarrollo_we\Creacion de examen_San-Luis\Backend\src\main\java\pe\edu\utp\sistemaexamenes\dto\response\ExamenResponse.java. Using fallback presentation compiler.
2026.06.08 01:19:07 WARN  no build target for: D:\CURSOS\7MO\Desarrollo_we\Creacion de examen_San-Luis\Backend\src\main\java\pe\edu\utp\sistemaexamenes\dto\response\ExamenResponse.java
2026.06.08 01:19:07 WARN  Running javac-semanticdb failed for file:///D:/CURSOS/7MO/Desarrollo_we/Creacion%20de%20examen_San-Luis/Backend/src/main/java/pe/edu/utp/sistemaexamenes/dto/response/ExamenResponse.java. Output:

2026.06.08 01:19:07 INFO  no build target found for D:\CURSOS\7MO\Desarrollo_we\Creacion de examen_San-Luis\Backend\src\main\java\pe\edu\utp\sistemaexamenes\dto\response\ExamenResponse.java. Using fallback presentation compiler.
2026.06.08 01:19:07 INFO  no build target found for D:\CURSOS\7MO\Desarrollo_we\Creacion de examen_San-Luis\Backend\src\main\java\pe\edu\utp\sistemaexamenes\dto\response\ExamenResponse.java. Using fallback presentation compiler.
2026.06.08 01:19:07 INFO  no build target found for D:\CURSOS\7MO\Desarrollo_we\Creacion de examen_San-Luis\Backend\src\main\java\pe\edu\utp\sistemaexamenes\dto\response\ExamenResponse.java. Using fallback presentation compiler.
2026.06.08 01:35:41 INFO  no build target found for D:\CURSOS\7MO\Desarrollo_we\Creacion de examen_San-Luis\Backend\src\main\java\pe\edu\utp\sistemaexamenes\enums\NivelDificultad.java. Using fallback presentation compiler.
2026.06.08 01:35:41 INFO  no build target found for D:\CURSOS\7MO\Desarrollo_we\Creacion de examen_San-Luis\Backend\src\main\java\pe\edu\utp\sistemaexamenes\enums\NivelDificultad.java. Using fallback presentation compiler.
2026.06.08 01:35:41 INFO  no build target found for D:\CURSOS\7MO\Desarrollo_we\Creacion de examen_San-Luis\Backend\src\main\java\pe\edu\utp\sistemaexamenes\enums\NivelDificultad.java. Using fallback presentation compiler.
2026.06.08 01:35:41 INFO  no build target found for D:\CURSOS\7MO\Desarrollo_we\Creacion de examen_San-Luis\Backend\src\main\java\pe\edu\utp\sistemaexamenes\enums\NivelDificultad.java. Using fallback presentation compiler.
2026.06.08 01:35:41 INFO  no build target found for D:\CURSOS\7MO\Desarrollo_we\Creacion de examen_San-Luis\Backend\src\main\java\pe\edu\utp\sistemaexamenes\enums\NivelDificultad.java. Using fallback presentation compiler.
2026.06.08 01:35:41 INFO  no build target found for D:\CURSOS\7MO\Desarrollo_we\Creacion de examen_San-Luis\Backend\src\main\java\pe\edu\utp\sistemaexamenes\enums\NivelDificultad.java. Using fallback presentation compiler.
2026.06.08 01:35:41 INFO  no build target found for D:\CURSOS\7MO\Desarrollo_we\Creacion de examen_San-Luis\Backend\src\main\java\pe\edu\utp\sistemaexamenes\enums\NivelDificultad.java. Using fallback presentation compiler.
jun. 08, 2026 1:35:41 A. M. org.eclipse.lsp4j.jsonrpc.RemoteEndpoint handleCancellation
WARNING: Unmatched cancel notification for request id 412
2026.06.08 01:35:41 INFO  no build target found for D:\CURSOS\7MO\Desarrollo_we\Creacion de examen_San-Luis\Backend\src\main\java\pe\edu\utp\sistemaexamenes\enums\NivelDificultad.java. Using fallback presentation compiler.
2026.06.08 01:35:41 WARN  no build target for: D:\CURSOS\7MO\Desarrollo_we\Creacion de examen_San-Luis\Backend\src\main\java\pe\edu\utp\sistemaexamenes\enums\NivelDificultad.java
2026.06.08 01:35:41 WARN  Running javac-semanticdb failed for file:///D:/CURSOS/7MO/Desarrollo_we/Creacion%20de%20examen_San-Luis/Backend/src/main/java/pe/edu/utp/sistemaexamenes/enums/NivelDificultad.java. Output:

2026.06.08 01:35:41 INFO  no build target found for D:\CURSOS\7MO\Desarrollo_we\Creacion de examen_San-Luis\Backend\src\main\java\pe\edu\utp\sistemaexamenes\enums\NivelDificultad.java. Using fallback presentation compiler.
2026.06.08 01:35:41 INFO  no build target found for D:\CURSOS\7MO\Desarrollo_we\Creacion de examen_San-Luis\Backend\src\main\java\pe\edu\utp\sistemaexamenes\enums\NivelDificultad.java. Using fallback presentation compiler.
2026.06.08 01:35:41 INFO  no build target found for D:\CURSOS\7MO\Desarrollo_we\Creacion de examen_San-Luis\Backend\src\main\java\pe\edu\utp\sistemaexamenes\enums\NivelDificultad.java. Using fallback presentation compiler.
2026.06.08 01:35:43 INFO  no build target found for D:\CURSOS\7MO\Desarrollo_we\Creacion de examen_San-Luis\Backend\src\main\java\pe\edu\utp\sistemaexamenes\enums\CategoriaExamenTipo.java. Using fallback presentation compiler.
2026.06.08 01:35:43 INFO  no build target found for D:\CURSOS\7MO\Desarrollo_we\Creacion de examen_San-Luis\Backend\src\main\java\pe\edu\utp\sistemaexamenes\enums\CategoriaExamenTipo.java. Using fallback presentation compiler.
2026.06.08 01:35:43 INFO  no build target found for D:\CURSOS\7MO\Desarrollo_we\Creacion de examen_San-Luis\Backend\src\main\java\pe\edu\utp\sistemaexamenes\enums\CategoriaExamenTipo.java. Using fallback presentation compiler.
2026.06.08 01:35:43 INFO  no build target found for D:\CURSOS\7MO\Desarrollo_we\Creacion de examen_San-Luis\Backend\src\main\java\pe\edu\utp\sistemaexamenes\enums\CategoriaExamenTipo.java. Using fallback presentation compiler.
2026.06.08 01:35:43 INFO  no build target found for D:\CURSOS\7MO\Desarrollo_we\Creacion de examen_San-Luis\Backend\src\main\java\pe\edu\utp\sistemaexamenes\enums\CategoriaExamenTipo.java. Using fallback presentation compiler.
2026.06.08 01:35:43 WARN  no build target for: D:\CURSOS\7MO\Desarrollo_we\Creacion de examen_San-Luis\Backend\src\main\java\pe\edu\utp\sistemaexamenes\enums\CategoriaExamenTipo.java
2026.06.08 01:35:43 WARN  Running javac-semanticdb failed for file:///D:/CURSOS/7MO/Desarrollo_we/Creacion%20de%20examen_San-Luis/Backend/src/main/java/pe/edu/utp/sistemaexamenes/enums/CategoriaExamenTipo.java. Output:

2026.06.08 01:35:43 INFO  no build target found for D:\CURSOS\7MO\Desarrollo_we\Creacion de examen_San-Luis\Backend\src\main\java\pe\edu\utp\sistemaexamenes\enums\CategoriaExamenTipo.java. Using fallback presentation compiler.
2026.06.08 01:35:43 INFO  no build target found for D:\CURSOS\7MO\Desarrollo_we\Creacion de examen_San-Luis\Backend\src\main\java\pe\edu\utp\sistemaexamenes\enums\CategoriaExamenTipo.java. Using fallback presentation compiler.
2026.06.08 01:35:43 INFO  no build target found for D:\CURSOS\7MO\Desarrollo_we\Creacion de examen_San-Luis\Backend\src\main\java\pe\edu\utp\sistemaexamenes\enums\CategoriaExamenTipo.java. Using fallback presentation compiler.
2026.06.08 01:35:45 INFO  no build target found for D:\CURSOS\7MO\Desarrollo_we\Creacion de examen_San-Luis\Backend\src\main\java\pe\edu\utp\sistemaexamenes\enums\LetraAlternativa.java. Using fallback presentation compiler.
2026.06.08 01:35:45 INFO  no build target found for D:\CURSOS\7MO\Desarrollo_we\Creacion de examen_San-Luis\Backend\src\main\java\pe\edu\utp\sistemaexamenes\enums\LetraAlternativa.java. Using fallback presentation compiler.
2026.06.08 01:35:45 WARN  no build target for: D:\CURSOS\7MO\Desarrollo_we\Creacion de examen_San-Luis\Backend\src\main\java\pe\edu\utp\sistemaexamenes\enums\LetraAlternativa.java
2026.06.08 01:35:45 WARN  Running javac-semanticdb failed for file:///D:/CURSOS/7MO/Desarrollo_we/Creacion%20de%20examen_San-Luis/Backend/src/main/java/pe/edu/utp/sistemaexamenes/enums/LetraAlternativa.java. Output:

2026.06.08 01:35:45 INFO  no build target found for D:\CURSOS\7MO\Desarrollo_we\Creacion de examen_San-Luis\Backend\src\main\java\pe\edu\utp\sistemaexamenes\enums\LetraAlternativa.java. Using fallback presentation compiler.
2026.06.08 01:35:45 INFO  no build target found for D:\CURSOS\7MO\Desarrollo_we\Creacion de examen_San-Luis\Backend\src\main\java\pe\edu\utp\sistemaexamenes\enums\LetraAlternativa.java. Using fallback presentation compiler.
2026.06.08 01:35:45 INFO  no build target found for D:\CURSOS\7MO\Desarrollo_we\Creacion de examen_San-Luis\Backend\src\main\java\pe\edu\utp\sistemaexamenes\enums\LetraAlternativa.java. Using fallback presentation compiler.
2026.06.08 01:35:46 INFO  no build target found for D:\CURSOS\7MO\Desarrollo_we\Creacion de examen_San-Luis\Backend\src\main\java\pe\edu\utp\sistemaexamenes\enums\TipoAlternativa.java. Using fallback presentation compiler.
2026.06.08 01:35:46 INFO  no build target found for D:\CURSOS\7MO\Desarrollo_we\Creacion de examen_San-Luis\Backend\src\main\java\pe\edu\utp\sistemaexamenes\enums\TipoAlternativa.java. Using fallback presentation compiler.
2026.06.08 01:35:46 INFO  no build target found for D:\CURSOS\7MO\Desarrollo_we\Creacion de examen_San-Luis\Backend\src\main\java\pe\edu\utp\sistemaexamenes\enums\TipoAlternativa.java. Using fallback presentation compiler.
2026.06.08 01:35:46 INFO  no build target found for D:\CURSOS\7MO\Desarrollo_we\Creacion de examen_San-Luis\Backend\src\main\java\pe\edu\utp\sistemaexamenes\enums\TipoAlternativa.java. Using fallback presentation compiler.
2026.06.08 01:35:47 WARN  no build target for: D:\CURSOS\7MO\Desarrollo_we\Creacion de examen_San-Luis\Backend\src\main\java\pe\edu\utp\sistemaexamenes\enums\TipoAlternativa.java
2026.06.08 01:35:47 INFO  no build target found for D:\CURSOS\7MO\Desarrollo_we\Creacion de examen_San-Luis\Backend\src\main\java\pe\edu\utp\sistemaexamenes\enums\TipoAlternativa.java. Using fallback presentation compiler.
2026.06.08 01:35:47 WARN  Running javac-semanticdb failed for file:///D:/CURSOS/7MO/Desarrollo_we/Creacion%20de%20examen_San-Luis/Backend/src/main/java/pe/edu/utp/sistemaexamenes/enums/TipoAlternativa.java. Output:

2026.06.08 01:35:46 INFO  no build target found for D:\CURSOS\7MO\Desarrollo_we\Creacion de examen_San-Luis\Backend\src\main\java\pe\edu\utp\sistemaexamenes\enums\TipoAlternativa.java. Using fallback presentation compiler.
2026.06.08 01:35:46 INFO  no build target found for D:\CURSOS\7MO\Desarrollo_we\Creacion de examen_San-Luis\Backend\src\main\java\pe\edu\utp\sistemaexamenes\enums\TipoAlternativa.java. Using fallback presentation compiler.
2026.06.08 01:35:47 INFO  no build target found for D:\CURSOS\7MO\Desarrollo_we\Creacion de examen_San-Luis\Backend\src\main\java\pe\edu\utp\sistemaexamenes\enums\TipoAlternativa.java. Using fallback presentation compiler.
2026.06.08 01:35:48 INFO  no build target found for D:\CURSOS\7MO\Desarrollo_we\Creacion de examen_San-Luis\Backend\src\main\java\pe\edu\utp\sistemaexamenes\model\CategoriaExamen.java. Using fallback presentation compiler.
2026.06.08 01:35:48 INFO  no build target found for D:\CURSOS\7MO\Desarrollo_we\Creacion de examen_San-Luis\Backend\src\main\java\pe\edu\utp\sistemaexamenes\model\CategoriaExamen.java. Using fallback presentation compiler.
2026.06.08 01:35:48 INFO  no build target found for D:\CURSOS\7MO\Desarrollo_we\Creacion de examen_San-Luis\Backend\src\main\java\pe\edu\utp\sistemaexamenes\model\CategoriaExamen.java. Using fallback presentation compiler.
2026.06.08 01:35:48 INFO  no build target found for D:\CURSOS\7MO\Desarrollo_we\Creacion de examen_San-Luis\Backend\src\main\java\pe\edu\utp\sistemaexamenes\model\CategoriaExamen.java. Using fallback presentation compiler.
2026.06.08 01:35:48 INFO  no build target found for D:\CURSOS\7MO\Desarrollo_we\Creacion de examen_San-Luis\Backend\src\main\java\pe\edu\utp\sistemaexamenes\model\CategoriaExamen.java. Using fallback presentation compiler.
2026.06.08 01:35:48 INFO  no build target found for D:\CURSOS\7MO\Desarrollo_we\Creacion de examen_San-Luis\Backend\src\main\java\pe\edu\utp\sistemaexamenes\model\CategoriaExamen.java. Using fallback presentation compiler.
jun. 08, 2026 1:35:48 A. M. org.eclipse.lsp4j.jsonrpc.RemoteEndpoint handleCancellation
WARNING: Unmatched cancel notification for request id 471
2026.06.08 01:35:48 INFO  no build target found for D:\CURSOS\7MO\Desarrollo_we\Creacion de examen_San-Luis\Backend\src\main\java\pe\edu\utp\sistemaexamenes\model\CategoriaExamen.java. Using fallback presentation compiler.
2026.06.08 01:35:48 INFO  no build target found for D:\CURSOS\7MO\Desarrollo_we\Creacion de examen_San-Luis\Backend\src\main\java\pe\edu\utp\sistemaexamenes\model\CategoriaExamen.java. Using fallback presentation compiler.
2026.06.08 01:35:48 INFO  no build target found for D:\CURSOS\7MO\Desarrollo_we\Creacion de examen_San-Luis\Backend\src\main\java\pe\edu\utp\sistemaexamenes\model\CategoriaExamen.java. Using fallback presentation compiler.
2026.06.08 01:35:48 WARN  no build target for: D:\CURSOS\7MO\Desarrollo_we\Creacion de examen_San-Luis\Backend\src\main\java\pe\edu\utp\sistemaexamenes\model\CategoriaExamen.java
2026.06.08 01:35:48 INFO  no build target found for D:\CURSOS\7MO\Desarrollo_we\Creacion de examen_San-Luis\Backend\src\main\java\pe\edu\utp\sistemaexamenes\model\CategoriaExamen.java. Using fallback presentation compiler.
2026.06.08 01:35:49 WARN  Running javac-semanticdb failed for file:///D:/CURSOS/7MO/Desarrollo_we/Creacion%20de%20examen_San-Luis/Backend/src/main/java/pe/edu/utp/sistemaexamenes/model/CategoriaExamen.java. Output:

2026.06.08 01:35:48 INFO  no build target found for D:\CURSOS\7MO\Desarrollo_we\Creacion de examen_San-Luis\Backend\src\main\java\pe\edu\utp\sistemaexamenes\model\CategoriaExamen.java. Using fallback presentation compiler.
2026.06.08 01:35:49 INFO  no build target found for D:\CURSOS\7MO\Desarrollo_we\Creacion de examen_San-Luis\Backend\src\main\java\pe\edu\utp\sistemaexamenes\model\CategoriaExamen.java. Using fallback presentation compiler.
2026.06.08 01:35:50 INFO  no build target found for D:\CURSOS\7MO\Desarrollo_we\Creacion de examen_San-Luis\Backend\src\main\java\pe\edu\utp\sistemaexamenes\model\Pregunta.java. Using fallback presentation compiler.
2026.06.08 01:35:50 INFO  no build target found for D:\CURSOS\7MO\Desarrollo_we\Creacion de examen_San-Luis\Backend\src\main\java\pe\edu\utp\sistemaexamenes\model\Pregunta.java. Using fallback presentation compiler.
2026.06.08 01:35:50 INFO  no build target found for D:\CURSOS\7MO\Desarrollo_we\Creacion de examen_San-Luis\Backend\src\main\java\pe\edu\utp\sistemaexamenes\model\Pregunta.java. Using fallback presentation compiler.
2026.06.08 01:35:50 INFO  no build target found for D:\CURSOS\7MO\Desarrollo_we\Creacion de examen_San-Luis\Backend\src\main\java\pe\edu\utp\sistemaexamenes\model\Pregunta.java. Using fallback presentation compiler.
2026.06.08 01:35:50 INFO  no build target found for D:\CURSOS\7MO\Desarrollo_we\Creacion de examen_San-Luis\Backend\src\main\java\pe\edu\utp\sistemaexamenes\model\Pregunta.java. Using fallback presentation compiler.
2026.06.08 01:35:50 INFO  no build target found for D:\CURSOS\7MO\Desarrollo_we\Creacion de examen_San-Luis\Backend\src\main\java\pe\edu\utp\sistemaexamenes\model\Pregunta.java. Using fallback presentation compiler.
2026.06.08 01:35:50 WARN  no build target for: D:\CURSOS\7MO\Desarrollo_we\Creacion de examen_San-Luis\Backend\src\main\java\pe\edu\utp\sistemaexamenes\model\Pregunta.java
2026.06.08 01:35:50 INFO  no build target found for D:\CURSOS\7MO\Desarrollo_we\Creacion de examen_San-Luis\Backend\src\main\java\pe\edu\utp\sistemaexamenes\model\Pregunta.java. Using fallback presentation compiler.
2026.06.08 01:35:50 WARN  Running javac-semanticdb failed for file:///D:/CURSOS/7MO/Desarrollo_we/Creacion%20de%20examen_San-Luis/Backend/src/main/java/pe/edu/utp/sistemaexamenes/model/Pregunta.java. Output:

2026.06.08 01:35:51 INFO  no build target found for D:\CURSOS\7MO\Desarrollo_we\Creacion de examen_San-Luis\Backend\src\main\java\pe\edu\utp\sistemaexamenes\model\Pregunta.java. Using fallback presentation compiler.
2026.06.08 01:35:50 INFO  no build target found for D:\CURSOS\7MO\Desarrollo_we\Creacion de examen_San-Luis\Backend\src\main\java\pe\edu\utp\sistemaexamenes\model\Pregunta.java. Using fallback presentation compiler.
2026.06.08 01:35:52 INFO  no build target found for D:\CURSOS\7MO\Desarrollo_we\Creacion de examen_San-Luis\Backend\src\main\java\pe\edu\utp\sistemaexamenes\model\Alternativa.java. Using fallback presentation compiler.
2026.06.08 01:35:52 INFO  no build target found for D:\CURSOS\7MO\Desarrollo_we\Creacion de examen_San-Luis\Backend\src\main\java\pe\edu\utp\sistemaexamenes\model\Alternativa.java. Using fallback presentation compiler.
2026.06.08 01:35:52 INFO  no build target found for D:\CURSOS\7MO\Desarrollo_we\Creacion de examen_San-Luis\Backend\src\main\java\pe\edu\utp\sistemaexamenes\model\Alternativa.java. Using fallback presentation compiler.
2026.06.08 01:35:52 INFO  no build target found for D:\CURSOS\7MO\Desarrollo_we\Creacion de examen_San-Luis\Backend\src\main\java\pe\edu\utp\sistemaexamenes\model\Alternativa.java. Using fallback presentation compiler.
2026.06.08 01:35:52 INFO  no build target found for D:\CURSOS\7MO\Desarrollo_we\Creacion de examen_San-Luis\Backend\src\main\java\pe\edu\utp\sistemaexamenes\model\Alternativa.java. Using fallback presentation compiler.
2026.06.08 01:35:52 INFO  no build target found for D:\CURSOS\7MO\Desarrollo_we\Creacion de examen_San-Luis\Backend\src\main\java\pe\edu\utp\sistemaexamenes\model\Alternativa.java. Using fallback presentation compiler.
2026.06.08 01:35:52 INFO  no build target found for D:\CURSOS\7MO\Desarrollo_we\Creacion de examen_San-Luis\Backend\src\main\java\pe\edu\utp\sistemaexamenes\model\Alternativa.java. Using fallback presentation compiler.
2026.06.08 01:35:52 INFO  no build target found for D:\CURSOS\7MO\Desarrollo_we\Creacion de examen_San-Luis\Backend\src\main\java\pe\edu\utp\sistemaexamenes\model\Alternativa.java. Using fallback presentation compiler.
2026.06.08 01:35:52 INFO  no build target found for D:\CURSOS\7MO\Desarrollo_we\Creacion de examen_San-Luis\Backend\src\main\java\pe\edu\utp\sistemaexamenes\model\Alternativa.java. Using fallback presentation compiler.
2026.06.08 01:35:52 WARN  no build target for: D:\CURSOS\7MO\Desarrollo_we\Creacion de examen_San-Luis\Backend\src\main\java\pe\edu\utp\sistemaexamenes\model\Alternativa.java
2026.06.08 01:35:52 INFO  no build target found for D:\CURSOS\7MO\Desarrollo_we\Creacion de examen_San-Luis\Backend\src\main\java\pe\edu\utp\sistemaexamenes\model\Alternativa.java. Using fallback presentation compiler.
2026.06.08 01:35:52 WARN  Running javac-semanticdb failed for file:///D:/CURSOS/7MO/Desarrollo_we/Creacion%20de%20examen_San-Luis/Backend/src/main/java/pe/edu/utp/sistemaexamenes/model/Alternativa.java. Output:

2026.06.08 01:35:53 INFO  no build target found for D:\CURSOS\7MO\Desarrollo_we\Creacion de examen_San-Luis\Backend\src\main\java\pe\edu\utp\sistemaexamenes\model\Alternativa.java. Using fallback presentation compiler.
2026.06.08 01:35:52 INFO  no build target found for D:\CURSOS\7MO\Desarrollo_we\Creacion de examen_San-Luis\Backend\src\main\java\pe\edu\utp\sistemaexamenes\model\Alternativa.java. Using fallback presentation compiler.
2026.06.08 01:35:54 INFO  no build target found for D:\CURSOS\7MO\Desarrollo_we\Creacion de examen_San-Luis\Backend\src\main\java\pe\edu\utp\sistemaexamenes\dto\request\CategoriaExamenRequest.java. Using fallback presentation compiler.
2026.06.08 01:35:54 INFO  no build target found for D:\CURSOS\7MO\Desarrollo_we\Creacion de examen_San-Luis\Backend\src\main\java\pe\edu\utp\sistemaexamenes\dto\request\CategoriaExamenRequest.java. Using fallback presentation compiler.
2026.06.08 01:35:54 INFO  no build target found for D:\CURSOS\7MO\Desarrollo_we\Creacion de examen_San-Luis\Backend\src\main\java\pe\edu\utp\sistemaexamenes\dto\request\CategoriaExamenRequest.java. Using fallback presentation compiler.
2026.06.08 01:35:54 INFO  no build target found for D:\CURSOS\7MO\Desarrollo_we\Creacion de examen_San-Luis\Backend\src\main\java\pe\edu\utp\sistemaexamenes\dto\request\CategoriaExamenRequest.java. Using fallback presentation compiler.
2026.06.08 01:35:54 INFO  no build target found for D:\CURSOS\7MO\Desarrollo_we\Creacion de examen_San-Luis\Backend\src\main\java\pe\edu\utp\sistemaexamenes\dto\request\CategoriaExamenRequest.java. Using fallback presentation compiler.
2026.06.08 01:35:54 INFO  no build target found for D:\CURSOS\7MO\Desarrollo_we\Creacion de examen_San-Luis\Backend\src\main\java\pe\edu\utp\sistemaexamenes\dto\request\CategoriaExamenRequest.java. Using fallback presentation compiler.
2026.06.08 01:35:54 INFO  no build target found for D:\CURSOS\7MO\Desarrollo_we\Creacion de examen_San-Luis\Backend\src\main\java\pe\edu\utp\sistemaexamenes\dto\request\CategoriaExamenRequest.java. Using fallback presentation compiler.
2026.06.08 01:35:54 INFO  no build target found for D:\CURSOS\7MO\Desarrollo_we\Creacion de examen_San-Luis\Backend\src\main\java\pe\edu\utp\sistemaexamenes\dto\request\CategoriaExamenRequest.java. Using fallback presentation compiler.
2026.06.08 01:35:54 INFO  no build target found for D:\CURSOS\7MO\Desarrollo_we\Creacion de examen_San-Luis\Backend\src\main\java\pe\edu\utp\sistemaexamenes\dto\request\CategoriaExamenRequest.java. Using fallback presentation compiler.
2026.06.08 01:35:54 WARN  no build target for: D:\CURSOS\7MO\Desarrollo_we\Creacion de examen_San-Luis\Backend\src\main\java\pe\edu\utp\sistemaexamenes\dto\request\CategoriaExamenRequest.java
2026.06.08 01:35:54 WARN  Running javac-semanticdb failed for file:///D:/CURSOS/7MO/Desarrollo_we/Creacion%20de%20examen_San-Luis/Backend/src/main/java/pe/edu/utp/sistemaexamenes/dto/request/CategoriaExamenRequest.java. Output:

2026.06.08 01:35:54 INFO  no build target found for D:\CURSOS\7MO\Desarrollo_we\Creacion de examen_San-Luis\Backend\src\main\java\pe\edu\utp\sistemaexamenes\dto\request\CategoriaExamenRequest.java. Using fallback presentation compiler.
2026.06.08 01:35:54 INFO  no build target found for D:\CURSOS\7MO\Desarrollo_we\Creacion de examen_San-Luis\Backend\src\main\java\pe\edu\utp\sistemaexamenes\dto\request\CategoriaExamenRequest.java. Using fallback presentation compiler.
2026.06.08 01:35:54 INFO  no build target found for D:\CURSOS\7MO\Desarrollo_we\Creacion de examen_San-Luis\Backend\src\main\java\pe\edu\utp\sistemaexamenes\dto\request\CategoriaExamenRequest.java. Using fallback presentation compiler.
2026.06.08 01:35:56 INFO  no build target found for D:\CURSOS\7MO\Desarrollo_we\Creacion de examen_San-Luis\Backend\src\main\java\pe\edu\utp\sistemaexamenes\dto\response\CategoriaExamenResponse.java. Using fallback presentation compiler.
2026.06.08 01:35:56 INFO  no build target found for D:\CURSOS\7MO\Desarrollo_we\Creacion de examen_San-Luis\Backend\src\main\java\pe\edu\utp\sistemaexamenes\dto\response\CategoriaExamenResponse.java. Using fallback presentation compiler.
2026.06.08 01:35:56 INFO  no build target found for D:\CURSOS\7MO\Desarrollo_we\Creacion de examen_San-Luis\Backend\src\main\java\pe\edu\utp\sistemaexamenes\dto\response\CategoriaExamenResponse.java. Using fallback presentation compiler.
2026.06.08 01:35:56 INFO  no build target found for D:\CURSOS\7MO\Desarrollo_we\Creacion de examen_San-Luis\Backend\src\main\java\pe\edu\utp\sistemaexamenes\dto\response\CategoriaExamenResponse.java. Using fallback presentation compiler.
2026.06.08 01:35:56 INFO  no build target found for D:\CURSOS\7MO\Desarrollo_we\Creacion de examen_San-Luis\Backend\src\main\java\pe\edu\utp\sistemaexamenes\dto\response\CategoriaExamenResponse.java. Using fallback presentation compiler.
2026.06.08 01:35:56 INFO  no build target found for D:\CURSOS\7MO\Desarrollo_we\Creacion de examen_San-Luis\Backend\src\main\java\pe\edu\utp\sistemaexamenes\dto\response\CategoriaExamenResponse.java. Using fallback presentation compiler.
2026.06.08 01:35:56 WARN  no build target for: D:\CURSOS\7MO\Desarrollo_we\Creacion de examen_San-Luis\Backend\src\main\java\pe\edu\utp\sistemaexamenes\dto\response\CategoriaExamenResponse.java
2026.06.08 01:35:56 WARN  Running javac-semanticdb failed for file:///D:/CURSOS/7MO/Desarrollo_we/Creacion%20de%20examen_San-Luis/Backend/src/main/java/pe/edu/utp/sistemaexamenes/dto/response/CategoriaExamenResponse.java. Output:

2026.06.08 01:35:56 INFO  no build target found for D:\CURSOS\7MO\Desarrollo_we\Creacion de examen_San-Luis\Backend\src\main\java\pe\edu\utp\sistemaexamenes\dto\response\CategoriaExamenResponse.java. Using fallback presentation compiler.
2026.06.08 01:35:56 INFO  no build target found for D:\CURSOS\7MO\Desarrollo_we\Creacion de examen_San-Luis\Backend\src\main\java\pe\edu\utp\sistemaexamenes\dto\response\CategoriaExamenResponse.java. Using fallback presentation compiler.
2026.06.08 01:35:56 INFO  no build target found for D:\CURSOS\7MO\Desarrollo_we\Creacion de examen_San-Luis\Backend\src\main\java\pe\edu\utp\sistemaexamenes\dto\response\CategoriaExamenResponse.java. Using fallback presentation compiler.
2026.06.08 01:36:26 INFO  no build target found for D:\CURSOS\7MO\Desarrollo_we\Creacion de examen_San-Luis\Backend\src\main\java\pe\edu\utp\sistemaexamenes\dto\request\AlternativaRequest.java. Using fallback presentation compiler.
2026.06.08 01:36:26 INFO  no build target found for D:\CURSOS\7MO\Desarrollo_we\Creacion de examen_San-Luis\Backend\src\main\java\pe\edu\utp\sistemaexamenes\dto\request\AlternativaRequest.java. Using fallback presentation compiler.
2026.06.08 01:36:26 INFO  no build target found for D:\CURSOS\7MO\Desarrollo_we\Creacion de examen_San-Luis\Backend\src\main\java\pe\edu\utp\sistemaexamenes\dto\request\AlternativaRequest.java. Using fallback presentation compiler.
2026.06.08 01:36:26 INFO  no build target found for D:\CURSOS\7MO\Desarrollo_we\Creacion de examen_San-Luis\Backend\src\main\java\pe\edu\utp\sistemaexamenes\dto\request\AlternativaRequest.java. Using fallback presentation compiler.
2026.06.08 01:36:26 INFO  no build target found for D:\CURSOS\7MO\Desarrollo_we\Creacion de examen_San-Luis\Backend\src\main\java\pe\edu\utp\sistemaexamenes\dto\request\AlternativaRequest.java. Using fallback presentation compiler.
2026.06.08 01:36:26 INFO  no build target found for D:\CURSOS\7MO\Desarrollo_we\Creacion de examen_San-Luis\Backend\src\main\java\pe\edu\utp\sistemaexamenes\dto\request\AlternativaRequest.java. Using fallback presentation compiler.
2026.06.08 01:36:26 INFO  no build target found for D:\CURSOS\7MO\Desarrollo_we\Creacion de examen_San-Luis\Backend\src\main\java\pe\edu\utp\sistemaexamenes\dto\request\AlternativaRequest.java. Using fallback presentation compiler.
2026.06.08 01:36:27 INFO  no build target found for D:\CURSOS\7MO\Desarrollo_we\Creacion de examen_San-Luis\Backend\src\main\java\pe\edu\utp\sistemaexamenes\dto\request\AlternativaRequest.java. Using fallback presentation compiler.
2026.06.08 01:36:26 INFO  no build target found for D:\CURSOS\7MO\Desarrollo_we\Creacion de examen_San-Luis\Backend\src\main\java\pe\edu\utp\sistemaexamenes\dto\request\AlternativaRequest.java. Using fallback presentation compiler.
2026.06.08 01:36:27 WARN  no build target for: D:\CURSOS\7MO\Desarrollo_we\Creacion de examen_San-Luis\Backend\src\main\java\pe\edu\utp\sistemaexamenes\dto\request\AlternativaRequest.java
2026.06.08 01:36:27 WARN  Running javac-semanticdb failed for file:///D:/CURSOS/7MO/Desarrollo_we/Creacion%20de%20examen_San-Luis/Backend/src/main/java/pe/edu/utp/sistemaexamenes/dto/request/AlternativaRequest.java. Output:

2026.06.08 01:36:26 INFO  no build target found for D:\CURSOS\7MO\Desarrollo_we\Creacion de examen_San-Luis\Backend\src\main\java\pe\edu\utp\sistemaexamenes\dto\request\AlternativaRequest.java. Using fallback presentation compiler.
2026.06.08 01:36:27 INFO  no build target found for D:\CURSOS\7MO\Desarrollo_we\Creacion de examen_San-Luis\Backend\src\main\java\pe\edu\utp\sistemaexamenes\dto\request\AlternativaRequest.java. Using fallback presentation compiler.
2026.06.08 01:36:26 INFO  no build target found for D:\CURSOS\7MO\Desarrollo_we\Creacion de examen_San-Luis\Backend\src\main\java\pe\edu\utp\sistemaexamenes\dto\request\AlternativaRequest.java. Using fallback presentation compiler.
2026.06.08 01:36:28 INFO  no build target found for D:\CURSOS\7MO\Desarrollo_we\Creacion de examen_San-Luis\Backend\src\main\java\pe\edu\utp\sistemaexamenes\dto\response\AlternativaResponse.java. Using fallback presentation compiler.
2026.06.08 01:36:28 INFO  no build target found for D:\CURSOS\7MO\Desarrollo_we\Creacion de examen_San-Luis\Backend\src\main\java\pe\edu\utp\sistemaexamenes\dto\response\AlternativaResponse.java. Using fallback presentation compiler.
2026.06.08 01:36:28 INFO  no build target found for D:\CURSOS\7MO\Desarrollo_we\Creacion de examen_San-Luis\Backend\src\main\java\pe\edu\utp\sistemaexamenes\dto\response\AlternativaResponse.java. Using fallback presentation compiler.
2026.06.08 01:36:28 INFO  no build target found for D:\CURSOS\7MO\Desarrollo_we\Creacion de examen_San-Luis\Backend\src\main\java\pe\edu\utp\sistemaexamenes\dto\response\AlternativaResponse.java. Using fallback presentation compiler.
2026.06.08 01:36:28 INFO  no build target found for D:\CURSOS\7MO\Desarrollo_we\Creacion de examen_San-Luis\Backend\src\main\java\pe\edu\utp\sistemaexamenes\dto\response\AlternativaResponse.java. Using fallback presentation compiler.
2026.06.08 01:36:28 INFO  no build target found for D:\CURSOS\7MO\Desarrollo_we\Creacion de examen_San-Luis\Backend\src\main\java\pe\edu\utp\sistemaexamenes\dto\response\AlternativaResponse.java. Using fallback presentation compiler.
2026.06.08 01:36:28 WARN  no build target for: D:\CURSOS\7MO\Desarrollo_we\Creacion de examen_San-Luis\Backend\src\main\java\pe\edu\utp\sistemaexamenes\dto\response\AlternativaResponse.java
2026.06.08 01:36:29 WARN  Running javac-semanticdb failed for file:///D:/CURSOS/7MO/Desarrollo_we/Creacion%20de%20examen_San-Luis/Backend/src/main/java/pe/edu/utp/sistemaexamenes/dto/response/AlternativaResponse.java. Output:

2026.06.08 01:36:28 INFO  no build target found for D:\CURSOS\7MO\Desarrollo_we\Creacion de examen_San-Luis\Backend\src\main\java\pe\edu\utp\sistemaexamenes\dto\response\AlternativaResponse.java. Using fallback presentation compiler.
2026.06.08 01:36:28 INFO  no build target found for D:\CURSOS\7MO\Desarrollo_we\Creacion de examen_San-Luis\Backend\src\main\java\pe\edu\utp\sistemaexamenes\dto\response\AlternativaResponse.java. Using fallback presentation compiler.
2026.06.08 01:36:28 INFO  no build target found for D:\CURSOS\7MO\Desarrollo_we\Creacion de examen_San-Luis\Backend\src\main\java\pe\edu\utp\sistemaexamenes\dto\response\AlternativaResponse.java. Using fallback presentation compiler.
2026.06.08 01:36:30 INFO  no build target found for D:\CURSOS\7MO\Desarrollo_we\Creacion de examen_San-Luis\Backend\src\main\java\pe\edu\utp\sistemaexamenes\dto\request\PreguntaRequest.java. Using fallback presentation compiler.
2026.06.08 01:36:30 INFO  no build target found for D:\CURSOS\7MO\Desarrollo_we\Creacion de examen_San-Luis\Backend\src\main\java\pe\edu\utp\sistemaexamenes\dto\request\PreguntaRequest.java. Using fallback presentation compiler.
2026.06.08 01:36:30 INFO  no build target found for D:\CURSOS\7MO\Desarrollo_we\Creacion de examen_San-Luis\Backend\src\main\java\pe\edu\utp\sistemaexamenes\dto\request\PreguntaRequest.java. Using fallback presentation compiler.
2026.06.08 01:36:30 INFO  no build target found for D:\CURSOS\7MO\Desarrollo_we\Creacion de examen_San-Luis\Backend\src\main\java\pe\edu\utp\sistemaexamenes\dto\request\PreguntaRequest.java. Using fallback presentation compiler.
2026.06.08 01:36:30 INFO  no build target found for D:\CURSOS\7MO\Desarrollo_we\Creacion de examen_San-Luis\Backend\src\main\java\pe\edu\utp\sistemaexamenes\dto\request\PreguntaRequest.java. Using fallback presentation compiler.
2026.06.08 01:36:30 INFO  no build target found for D:\CURSOS\7MO\Desarrollo_we\Creacion de examen_San-Luis\Backend\src\main\java\pe\edu\utp\sistemaexamenes\dto\request\PreguntaRequest.java. Using fallback presentation compiler.
2026.06.08 01:36:30 INFO  no build target found for D:\CURSOS\7MO\Desarrollo_we\Creacion de examen_San-Luis\Backend\src\main\java\pe\edu\utp\sistemaexamenes\dto\request\PreguntaRequest.java. Using fallback presentation compiler.
2026.06.08 01:36:30 WARN  no build target for: D:\CURSOS\7MO\Desarrollo_we\Creacion de examen_San-Luis\Backend\src\main\java\pe\edu\utp\sistemaexamenes\dto\request\PreguntaRequest.java
2026.06.08 01:36:30 WARN  Running javac-semanticdb failed for file:///D:/CURSOS/7MO/Desarrollo_we/Creacion%20de%20examen_San-Luis/Backend/src/main/java/pe/edu/utp/sistemaexamenes/dto/request/PreguntaRequest.java. Output:

2026.06.08 01:36:30 INFO  no build target found for D:\CURSOS\7MO\Desarrollo_we\Creacion de examen_San-Luis\Backend\src\main\java\pe\edu\utp\sistemaexamenes\dto\request\PreguntaRequest.java. Using fallback presentation compiler.
2026.06.08 01:36:31 INFO  no build target found for D:\CURSOS\7MO\Desarrollo_we\Creacion de examen_San-Luis\Backend\src\main\java\pe\edu\utp\sistemaexamenes\dto\request\PreguntaRequest.java. Using fallback presentation compiler.
2026.06.08 01:36:30 INFO  no build target found for D:\CURSOS\7MO\Desarrollo_we\Creacion de examen_San-Luis\Backend\src\main\java\pe\edu\utp\sistemaexamenes\dto\request\PreguntaRequest.java. Using fallback presentation compiler.
2026.06.08 01:36:32 INFO  no build target found for D:\CURSOS\7MO\Desarrollo_we\Creacion de examen_San-Luis\Backend\src\main\java\pe\edu\utp\sistemaexamenes\dto\response\PreguntaResponse.java. Using fallback presentation compiler.
2026.06.08 01:36:32 INFO  no build target found for D:\CURSOS\7MO\Desarrollo_we\Creacion de examen_San-Luis\Backend\src\main\java\pe\edu\utp\sistemaexamenes\dto\response\PreguntaResponse.java. Using fallback presentation compiler.
2026.06.08 01:36:32 INFO  no build target found for D:\CURSOS\7MO\Desarrollo_we\Creacion de examen_San-Luis\Backend\src\main\java\pe\edu\utp\sistemaexamenes\dto\response\PreguntaResponse.java. Using fallback presentation compiler.
2026.06.08 01:36:32 INFO  no build target found for D:\CURSOS\7MO\Desarrollo_we\Creacion de examen_San-Luis\Backend\src\main\java\pe\edu\utp\sistemaexamenes\dto\response\PreguntaResponse.java. Using fallback presentation compiler.
2026.06.08 01:36:32 INFO  no build target found for D:\CURSOS\7MO\Desarrollo_we\Creacion de examen_San-Luis\Backend\src\main\java\pe\edu\utp\sistemaexamenes\dto\response\PreguntaResponse.java. Using fallback presentation compiler.
2026.06.08 01:36:32 INFO  no build target found for D:\CURSOS\7MO\Desarrollo_we\Creacion de examen_San-Luis\Backend\src\main\java\pe\edu\utp\sistemaexamenes\dto\response\PreguntaResponse.java. Using fallback presentation compiler.
2026.06.08 01:36:32 WARN  no build target for: D:\CURSOS\7MO\Desarrollo_we\Creacion de examen_San-Luis\Backend\src\main\java\pe\edu\utp\sistemaexamenes\dto\response\PreguntaResponse.java
2026.06.08 01:36:32 WARN  Running javac-semanticdb failed for file:///D:/CURSOS/7MO/Desarrollo_we/Creacion%20de%20examen_San-Luis/Backend/src/main/java/pe/edu/utp/sistemaexamenes/dto/response/PreguntaResponse.java. Output:

2026.06.08 01:36:32 INFO  no build target found for D:\CURSOS\7MO\Desarrollo_we\Creacion de examen_San-Luis\Backend\src\main\java\pe\edu\utp\sistemaexamenes\dto\response\PreguntaResponse.java. Using fallback presentation compiler.
2026.06.08 01:36:32 INFO  no build target found for D:\CURSOS\7MO\Desarrollo_we\Creacion de examen_San-Luis\Backend\src\main\java\pe\edu\utp\sistemaexamenes\dto\response\PreguntaResponse.java. Using fallback presentation compiler.
2026.06.08 01:36:32 INFO  no build target found for D:\CURSOS\7MO\Desarrollo_we\Creacion de examen_San-Luis\Backend\src\main\java\pe\edu\utp\sistemaexamenes\dto\response\PreguntaResponse.java. Using fallback presentation compiler.
2026.06.08 01:36:33 INFO  no build target found for D:\CURSOS\7MO\Desarrollo_we\Creacion de examen_San-Luis\Backend\src\main\java\pe\edu\utp\sistemaexamenes\repository\CategoriaExamenRepository.java. Using fallback presentation compiler.
2026.06.08 01:36:33 INFO  no build target found for D:\CURSOS\7MO\Desarrollo_we\Creacion de examen_San-Luis\Backend\src\main\java\pe\edu\utp\sistemaexamenes\repository\CategoriaExamenRepository.java. Using fallback presentation compiler.
2026.06.08 01:36:33 INFO  no build target found for D:\CURSOS\7MO\Desarrollo_we\Creacion de examen_San-Luis\Backend\src\main\java\pe\edu\utp\sistemaexamenes\repository\CategoriaExamenRepository.java. Using fallback presentation compiler.
2026.06.08 01:36:33 INFO  no build target found for D:\CURSOS\7MO\Desarrollo_we\Creacion de examen_San-Luis\Backend\src\main\java\pe\edu\utp\sistemaexamenes\repository\CategoriaExamenRepository.java. Using fallback presentation compiler.
2026.06.08 01:36:33 INFO  no build target found for D:\CURSOS\7MO\Desarrollo_we\Creacion de examen_San-Luis\Backend\src\main\java\pe\edu\utp\sistemaexamenes\repository\CategoriaExamenRepository.java. Using fallback presentation compiler.
2026.06.08 01:36:34 INFO  no build target found for D:\CURSOS\7MO\Desarrollo_we\Creacion de examen_San-Luis\Backend\src\main\java\pe\edu\utp\sistemaexamenes\repository\CategoriaExamenRepository.java. Using fallback presentation compiler.
2026.06.08 01:36:34 WARN  no build target for: D:\CURSOS\7MO\Desarrollo_we\Creacion de examen_San-Luis\Backend\src\main\java\pe\edu\utp\sistemaexamenes\repository\CategoriaExamenRepository.java
2026.06.08 01:36:34 WARN  Running javac-semanticdb failed for file:///D:/CURSOS/7MO/Desarrollo_we/Creacion%20de%20examen_San-Luis/Backend/src/main/java/pe/edu/utp/sistemaexamenes/repository/CategoriaExamenRepository.java. Output:

2026.06.08 01:36:33 INFO  no build target found for D:\CURSOS\7MO\Desarrollo_we\Creacion de examen_San-Luis\Backend\src\main\java\pe\edu\utp\sistemaexamenes\repository\CategoriaExamenRepository.java. Using fallback presentation compiler.
2026.06.08 01:36:34 INFO  no build target found for D:\CURSOS\7MO\Desarrollo_we\Creacion de examen_San-Luis\Backend\src\main\java\pe\edu\utp\sistemaexamenes\repository\CategoriaExamenRepository.java. Using fallback presentation compiler.
2026.06.08 01:36:33 INFO  no build target found for D:\CURSOS\7MO\Desarrollo_we\Creacion de examen_San-Luis\Backend\src\main\java\pe\edu\utp\sistemaexamenes\repository\CategoriaExamenRepository.java. Using fallback presentation compiler.
2026.06.08 01:36:35 INFO  no build target found for D:\CURSOS\7MO\Desarrollo_we\Creacion de examen_San-Luis\Backend\src\main\java\pe\edu\utp\sistemaexamenes\repository\CursoRepository.java. Using fallback presentation compiler.
2026.06.08 01:36:35 INFO  no build target found for D:\CURSOS\7MO\Desarrollo_we\Creacion de examen_San-Luis\Backend\src\main\java\pe\edu\utp\sistemaexamenes\repository\CursoRepository.java. Using fallback presentation compiler.
2026.06.08 01:36:35 INFO  no build target found for D:\CURSOS\7MO\Desarrollo_we\Creacion de examen_San-Luis\Backend\src\main\java\pe\edu\utp\sistemaexamenes\repository\CursoRepository.java. Using fallback presentation compiler.
2026.06.08 01:36:35 INFO  no build target found for D:\CURSOS\7MO\Desarrollo_we\Creacion de examen_San-Luis\Backend\src\main\java\pe\edu\utp\sistemaexamenes\repository\CursoRepository.java. Using fallback presentation compiler.
2026.06.08 01:36:35 INFO  no build target found for D:\CURSOS\7MO\Desarrollo_we\Creacion de examen_San-Luis\Backend\src\main\java\pe\edu\utp\sistemaexamenes\repository\CursoRepository.java. Using fallback presentation compiler.
2026.06.08 01:36:36 INFO  no build target found for D:\CURSOS\7MO\Desarrollo_we\Creacion de examen_San-Luis\Backend\src\main\java\pe\edu\utp\sistemaexamenes\repository\CursoRepository.java. Using fallback presentation compiler.
2026.06.08 01:36:36 WARN  no build target for: D:\CURSOS\7MO\Desarrollo_we\Creacion de examen_San-Luis\Backend\src\main\java\pe\edu\utp\sistemaexamenes\repository\CursoRepository.java
2026.06.08 01:36:36 WARN  Running javac-semanticdb failed for file:///D:/CURSOS/7MO/Desarrollo_we/Creacion%20de%20examen_San-Luis/Backend/src/main/java/pe/edu/utp/sistemaexamenes/repository/CursoRepository.java. Output:

2026.06.08 01:36:35 INFO  no build target found for D:\CURSOS\7MO\Desarrollo_we\Creacion de examen_San-Luis\Backend\src\main\java\pe\edu\utp\sistemaexamenes\repository\CursoRepository.java. Using fallback presentation compiler.
2026.06.08 01:36:36 INFO  no build target found for D:\CURSOS\7MO\Desarrollo_we\Creacion de examen_San-Luis\Backend\src\main\java\pe\edu\utp\sistemaexamenes\repository\CursoRepository.java. Using fallback presentation compiler.
2026.06.08 01:36:35 INFO  no build target found for D:\CURSOS\7MO\Desarrollo_we\Creacion de examen_San-Luis\Backend\src\main\java\pe\edu\utp\sistemaexamenes\repository\CursoRepository.java. Using fallback presentation compiler.
2026.06.08 01:36:37 INFO  no build target found for D:\CURSOS\7MO\Desarrollo_we\Creacion de examen_San-Luis\Backend\src\main\java\pe\edu\utp\sistemaexamenes\repository\PreguntaRepository.java. Using fallback presentation compiler.
2026.06.08 01:36:37 INFO  no build target found for D:\CURSOS\7MO\Desarrollo_we\Creacion de examen_San-Luis\Backend\src\main\java\pe\edu\utp\sistemaexamenes\repository\PreguntaRepository.java. Using fallback presentation compiler.
2026.06.08 01:36:37 INFO  no build target found for D:\CURSOS\7MO\Desarrollo_we\Creacion de examen_San-Luis\Backend\src\main\java\pe\edu\utp\sistemaexamenes\repository\PreguntaRepository.java. Using fallback presentation compiler.
2026.06.08 01:36:37 INFO  no build target found for D:\CURSOS\7MO\Desarrollo_we\Creacion de examen_San-Luis\Backend\src\main\java\pe\edu\utp\sistemaexamenes\repository\PreguntaRepository.java. Using fallback presentation compiler.
2026.06.08 01:36:37 INFO  no build target found for D:\CURSOS\7MO\Desarrollo_we\Creacion de examen_San-Luis\Backend\src\main\java\pe\edu\utp\sistemaexamenes\repository\PreguntaRepository.java. Using fallback presentation compiler.
2026.06.08 01:36:37 INFO  no build target found for D:\CURSOS\7MO\Desarrollo_we\Creacion de examen_San-Luis\Backend\src\main\java\pe\edu\utp\sistemaexamenes\repository\PreguntaRepository.java. Using fallback presentation compiler.
2026.06.08 01:36:37 INFO  no build target found for D:\CURSOS\7MO\Desarrollo_we\Creacion de examen_San-Luis\Backend\src\main\java\pe\edu\utp\sistemaexamenes\repository\PreguntaRepository.java. Using fallback presentation compiler.
2026.06.08 01:36:37 INFO  no build target found for D:\CURSOS\7MO\Desarrollo_we\Creacion de examen_San-Luis\Backend\src\main\java\pe\edu\utp\sistemaexamenes\repository\PreguntaRepository.java. Using fallback presentation compiler.
2026.06.08 01:36:38 WARN  no build target for: D:\CURSOS\7MO\Desarrollo_we\Creacion de examen_San-Luis\Backend\src\main\java\pe\edu\utp\sistemaexamenes\repository\PreguntaRepository.java
2026.06.08 01:36:37 INFO  no build target found for D:\CURSOS\7MO\Desarrollo_we\Creacion de examen_San-Luis\Backend\src\main\java\pe\edu\utp\sistemaexamenes\repository\PreguntaRepository.java. Using fallback presentation compiler.
2026.06.08 01:36:37 WARN  Running javac-semanticdb failed for file:///D:/CURSOS/7MO/Desarrollo_we/Creacion%20de%20examen_San-Luis/Backend/src/main/java/pe/edu/utp/sistemaexamenes/repository/PreguntaRepository.java. Output:

2026.06.08 01:36:38 INFO  no build target found for D:\CURSOS\7MO\Desarrollo_we\Creacion de examen_San-Luis\Backend\src\main\java\pe\edu\utp\sistemaexamenes\repository\PreguntaRepository.java. Using fallback presentation compiler.
2026.06.08 01:36:37 INFO  no build target found for D:\CURSOS\7MO\Desarrollo_we\Creacion de examen_San-Luis\Backend\src\main\java\pe\edu\utp\sistemaexamenes\repository\PreguntaRepository.java. Using fallback presentation compiler.
2026.06.08 01:37:03 INFO  no build target found for D:\CURSOS\7MO\Desarrollo_we\Creacion de examen_San-Luis\Backend\src\main\java\pe\edu\utp\sistemaexamenes\exception\ResourceNotFoundException.java. Using fallback presentation compiler.
2026.06.08 01:37:03 INFO  no build target found for D:\CURSOS\7MO\Desarrollo_we\Creacion de examen_San-Luis\Backend\src\main\java\pe\edu\utp\sistemaexamenes\exception\ResourceNotFoundException.java. Using fallback presentation compiler.
2026.06.08 01:37:03 INFO  no build target found for D:\CURSOS\7MO\Desarrollo_we\Creacion de examen_San-Luis\Backend\src\main\java\pe\edu\utp\sistemaexamenes\exception\ResourceNotFoundException.java. Using fallback presentation compiler.
2026.06.08 01:37:03 WARN  no build target for: D:\CURSOS\7MO\Desarrollo_we\Creacion de examen_San-Luis\Backend\src\main\java\pe\edu\utp\sistemaexamenes\exception\ResourceNotFoundException.java
2026.06.08 01:37:03 WARN  Running javac-semanticdb failed for file:///D:/CURSOS/7MO/Desarrollo_we/Creacion%20de%20examen_San-Luis/Backend/src/main/java/pe/edu/utp/sistemaexamenes/exception/ResourceNotFoundException.java. Output:

2026.06.08 01:37:03 INFO  no build target found for D:\CURSOS\7MO\Desarrollo_we\Creacion de examen_San-Luis\Backend\src\main\java\pe\edu\utp\sistemaexamenes\exception\ResourceNotFoundException.java. Using fallback presentation compiler.
2026.06.08 01:37:03 INFO  no build target found for D:\CURSOS\7MO\Desarrollo_we\Creacion de examen_San-Luis\Backend\src\main\java\pe\edu\utp\sistemaexamenes\exception\ResourceNotFoundException.java. Using fallback presentation compiler.
2026.06.08 01:37:03 INFO  no build target found for D:\CURSOS\7MO\Desarrollo_we\Creacion de examen_San-Luis\Backend\src\main\java\pe\edu\utp\sistemaexamenes\exception\ResourceNotFoundException.java. Using fallback presentation compiler.
2026.06.08 01:37:05 INFO  no build target found for D:\CURSOS\7MO\Desarrollo_we\Creacion de examen_San-Luis\Backend\src\main\java\pe\edu\utp\sistemaexamenes\exception\BusinessException.java. Using fallback presentation compiler.
2026.06.08 01:37:05 INFO  no build target found for D:\CURSOS\7MO\Desarrollo_we\Creacion de examen_San-Luis\Backend\src\main\java\pe\edu\utp\sistemaexamenes\exception\BusinessException.java. Using fallback presentation compiler.
2026.06.08 01:37:05 INFO  no build target found for D:\CURSOS\7MO\Desarrollo_we\Creacion de examen_San-Luis\Backend\src\main\java\pe\edu\utp\sistemaexamenes\exception\BusinessException.java. Using fallback presentation compiler.
2026.06.08 01:37:05 INFO  no build target found for D:\CURSOS\7MO\Desarrollo_we\Creacion de examen_San-Luis\Backend\src\main\java\pe\edu\utp\sistemaexamenes\exception\BusinessException.java. Using fallback presentation compiler.
2026.06.08 01:37:05 INFO  no build target found for D:\CURSOS\7MO\Desarrollo_we\Creacion de examen_San-Luis\Backend\src\main\java\pe\edu\utp\sistemaexamenes\exception\BusinessException.java. Using fallback presentation compiler.
2026.06.08 01:37:05 WARN  no build target for: D:\CURSOS\7MO\Desarrollo_we\Creacion de examen_San-Luis\Backend\src\main\java\pe\edu\utp\sistemaexamenes\exception\BusinessException.java
2026.06.08 01:37:05 WARN  Running javac-semanticdb failed for file:///D:/CURSOS/7MO/Desarrollo_we/Creacion%20de%20examen_San-Luis/Backend/src/main/java/pe/edu/utp/sistemaexamenes/exception/BusinessException.java. Output:

2026.06.08 01:37:05 INFO  no build target found for D:\CURSOS\7MO\Desarrollo_we\Creacion de examen_San-Luis\Backend\src\main\java\pe\edu\utp\sistemaexamenes\exception\BusinessException.java. Using fallback presentation compiler.
2026.06.08 01:37:05 INFO  no build target found for D:\CURSOS\7MO\Desarrollo_we\Creacion de examen_San-Luis\Backend\src\main\java\pe\edu\utp\sistemaexamenes\exception\BusinessException.java. Using fallback presentation compiler.
2026.06.08 01:37:05 INFO  no build target found for D:\CURSOS\7MO\Desarrollo_we\Creacion de examen_San-Luis\Backend\src\main\java\pe\edu\utp\sistemaexamenes\exception\BusinessException.java. Using fallback presentation compiler.
2026.06.08 01:37:06 INFO  no build target found for D:\CURSOS\7MO\Desarrollo_we\Creacion de examen_San-Luis\Backend\src\main\java\pe\edu\utp\sistemaexamenes\exception\ErrorResponse.java. Using fallback presentation compiler.
2026.06.08 01:37:06 INFO  no build target found for D:\CURSOS\7MO\Desarrollo_we\Creacion de examen_San-Luis\Backend\src\main\java\pe\edu\utp\sistemaexamenes\exception\ErrorResponse.java. Using fallback presentation compiler.
2026.06.08 01:37:06 INFO  no build target found for D:\CURSOS\7MO\Desarrollo_we\Creacion de examen_San-Luis\Backend\src\main\java\pe\edu\utp\sistemaexamenes\exception\ErrorResponse.java. Using fallback presentation compiler.
2026.06.08 01:37:06 INFO  no build target found for D:\CURSOS\7MO\Desarrollo_we\Creacion de examen_San-Luis\Backend\src\main\java\pe\edu\utp\sistemaexamenes\exception\ErrorResponse.java. Using fallback presentation compiler.
2026.06.08 01:37:06 INFO  no build target found for D:\CURSOS\7MO\Desarrollo_we\Creacion de examen_San-Luis\Backend\src\main\java\pe\edu\utp\sistemaexamenes\exception\ErrorResponse.java. Using fallback presentation compiler.
2026.06.08 01:37:07 WARN  no build target for: D:\CURSOS\7MO\Desarrollo_we\Creacion de examen_San-Luis\Backend\src\main\java\pe\edu\utp\sistemaexamenes\exception\ErrorResponse.java
2026.06.08 01:37:07 WARN  Running javac-semanticdb failed for file:///D:/CURSOS/7MO/Desarrollo_we/Creacion%20de%20examen_San-Luis/Backend/src/main/java/pe/edu/utp/sistemaexamenes/exception/ErrorResponse.java. Output:

2026.06.08 01:37:06 INFO  no build target found for D:\CURSOS\7MO\Desarrollo_we\Creacion de examen_San-Luis\Backend\src\main\java\pe\edu\utp\sistemaexamenes\exception\ErrorResponse.java. Using fallback presentation compiler.
2026.06.08 01:37:07 INFO  no build target found for D:\CURSOS\7MO\Desarrollo_we\Creacion de examen_San-Luis\Backend\src\main\java\pe\edu\utp\sistemaexamenes\exception\ErrorResponse.java. Using fallback presentation compiler.
2026.06.08 01:37:06 INFO  no build target found for D:\CURSOS\7MO\Desarrollo_we\Creacion de examen_San-Luis\Backend\src\main\java\pe\edu\utp\sistemaexamenes\exception\ErrorResponse.java. Using fallback presentation compiler.
2026.06.08 01:37:08 INFO  no build target found for D:\CURSOS\7MO\Desarrollo_we\Creacion de examen_San-Luis\Backend\src\main\java\pe\edu\utp\sistemaexamenes\exception\GlobalExceptionHandler.java. Using fallback presentation compiler.
2026.06.08 01:37:08 INFO  no build target found for D:\CURSOS\7MO\Desarrollo_we\Creacion de examen_San-Luis\Backend\src\main\java\pe\edu\utp\sistemaexamenes\exception\GlobalExceptionHandler.java. Using fallback presentation compiler.
2026.06.08 01:37:08 INFO  no build target found for D:\CURSOS\7MO\Desarrollo_we\Creacion de examen_San-Luis\Backend\src\main\java\pe\edu\utp\sistemaexamenes\exception\GlobalExceptionHandler.java. Using fallback presentation compiler.
2026.06.08 01:37:08 WARN  no build target for: D:\CURSOS\7MO\Desarrollo_we\Creacion de examen_San-Luis\Backend\src\main\java\pe\edu\utp\sistemaexamenes\exception\GlobalExceptionHandler.java
2026.06.08 01:37:08 INFO  no build target found for D:\CURSOS\7MO\Desarrollo_we\Creacion de examen_San-Luis\Backend\src\main\java\pe\edu\utp\sistemaexamenes\exception\GlobalExceptionHandler.java. Using fallback presentation compiler.
2026.06.08 01:37:09 WARN  Running javac-semanticdb failed for file:///D:/CURSOS/7MO/Desarrollo_we/Creacion%20de%20examen_San-Luis/Backend/src/main/java/pe/edu/utp/sistemaexamenes/exception/GlobalExceptionHandler.java. Output:

2026.06.08 01:37:09 INFO  no build target found for D:\CURSOS\7MO\Desarrollo_we\Creacion de examen_San-Luis\Backend\src\main\java\pe\edu\utp\sistemaexamenes\exception\GlobalExceptionHandler.java. Using fallback presentation compiler.
2026.06.08 01:37:08 INFO  no build target found for D:\CURSOS\7MO\Desarrollo_we\Creacion de examen_San-Luis\Backend\src\main\java\pe\edu\utp\sistemaexamenes\exception\GlobalExceptionHandler.java. Using fallback presentation compiler.
2026.06.08 01:37:10 INFO  no build target found for D:\CURSOS\7MO\Desarrollo_we\Creacion de examen_San-Luis\Backend\src\main\java\pe\edu\utp\sistemaexamenes\config\CorsConfig.java. Using fallback presentation compiler.
2026.06.08 01:37:10 INFO  no build target found for D:\CURSOS\7MO\Desarrollo_we\Creacion de examen_San-Luis\Backend\src\main\java\pe\edu\utp\sistemaexamenes\config\CorsConfig.java. Using fallback presentation compiler.
2026.06.08 01:37:10 INFO  no build target found for D:\CURSOS\7MO\Desarrollo_we\Creacion de examen_San-Luis\Backend\src\main\java\pe\edu\utp\sistemaexamenes\config\CorsConfig.java. Using fallback presentation compiler.
2026.06.08 01:37:10 WARN  no build target for: D:\CURSOS\7MO\Desarrollo_we\Creacion de examen_San-Luis\Backend\src\main\java\pe\edu\utp\sistemaexamenes\config\CorsConfig.java
2026.06.08 01:37:10 INFO  no build target found for D:\CURSOS\7MO\Desarrollo_we\Creacion de examen_San-Luis\Backend\src\main\java\pe\edu\utp\sistemaexamenes\config\CorsConfig.java. Using fallback presentation compiler.
2026.06.08 01:37:10 WARN  Running javac-semanticdb failed for file:///D:/CURSOS/7MO/Desarrollo_we/Creacion%20de%20examen_San-Luis/Backend/src/main/java/pe/edu/utp/sistemaexamenes/config/CorsConfig.java. Output:

2026.06.08 01:37:10 INFO  no build target found for D:\CURSOS\7MO\Desarrollo_we\Creacion de examen_San-Luis\Backend\src\main\java\pe\edu\utp\sistemaexamenes\config\CorsConfig.java. Using fallback presentation compiler.
2026.06.08 01:37:10 INFO  no build target found for D:\CURSOS\7MO\Desarrollo_we\Creacion de examen_San-Luis\Backend\src\main\java\pe\edu\utp\sistemaexamenes\config\CorsConfig.java. Using fallback presentation compiler.
2026.06.08 01:37:51 INFO  no build target found for D:\CURSOS\7MO\Desarrollo_we\Creacion de examen_San-Luis\Backend\src\main\java\pe\edu\utp\sistemaexamenes\mapper\CategoriaExamenMapper.java. Using fallback presentation compiler.
2026.06.08 01:37:51 INFO  no build target found for D:\CURSOS\7MO\Desarrollo_we\Creacion de examen_San-Luis\Backend\src\main\java\pe\edu\utp\sistemaexamenes\mapper\CategoriaExamenMapper.java. Using fallback presentation compiler.
2026.06.08 01:37:51 INFO  no build target found for D:\CURSOS\7MO\Desarrollo_we\Creacion de examen_San-Luis\Backend\src\main\java\pe\edu\utp\sistemaexamenes\mapper\CategoriaExamenMapper.java. Using fallback presentation compiler.
2026.06.08 01:37:51 WARN  no build target for: D:\CURSOS\7MO\Desarrollo_we\Creacion de examen_San-Luis\Backend\src\main\java\pe\edu\utp\sistemaexamenes\mapper\CategoriaExamenMapper.java
2026.06.08 01:37:51 WARN  Running javac-semanticdb failed for file:///D:/CURSOS/7MO/Desarrollo_we/Creacion%20de%20examen_San-Luis/Backend/src/main/java/pe/edu/utp/sistemaexamenes/mapper/CategoriaExamenMapper.java. Output:

2026.06.08 01:37:51 INFO  no build target found for D:\CURSOS\7MO\Desarrollo_we\Creacion de examen_San-Luis\Backend\src\main\java\pe\edu\utp\sistemaexamenes\mapper\CategoriaExamenMapper.java. Using fallback presentation compiler.
2026.06.08 01:37:51 INFO  no build target found for D:\CURSOS\7MO\Desarrollo_we\Creacion de examen_San-Luis\Backend\src\main\java\pe\edu\utp\sistemaexamenes\mapper\CategoriaExamenMapper.java. Using fallback presentation compiler.
2026.06.08 01:37:51 INFO  no build target found for D:\CURSOS\7MO\Desarrollo_we\Creacion de examen_San-Luis\Backend\src\main\java\pe\edu\utp\sistemaexamenes\mapper\CategoriaExamenMapper.java. Using fallback presentation compiler.
2026.06.08 01:37:53 INFO  no build target found for D:\CURSOS\7MO\Desarrollo_we\Creacion de examen_San-Luis\Backend\src\main\java\pe\edu\utp\sistemaexamenes\mapper\CursoMapper.java. Using fallback presentation compiler.
2026.06.08 01:37:53 INFO  no build target found for D:\CURSOS\7MO\Desarrollo_we\Creacion de examen_San-Luis\Backend\src\main\java\pe\edu\utp\sistemaexamenes\mapper\CursoMapper.java. Using fallback presentation compiler.
2026.06.08 01:37:53 INFO  no build target found for D:\CURSOS\7MO\Desarrollo_we\Creacion de examen_San-Luis\Backend\src\main\java\pe\edu\utp\sistemaexamenes\mapper\CursoMapper.java. Using fallback presentation compiler.
2026.06.08 01:37:53 INFO  no build target found for D:\CURSOS\7MO\Desarrollo_we\Creacion de examen_San-Luis\Backend\src\main\java\pe\edu\utp\sistemaexamenes\mapper\CursoMapper.java. Using fallback presentation compiler.
2026.06.08 01:37:53 INFO  no build target found for D:\CURSOS\7MO\Desarrollo_we\Creacion de examen_San-Luis\Backend\src\main\java\pe\edu\utp\sistemaexamenes\mapper\CursoMapper.java. Using fallback presentation compiler.
2026.06.08 01:37:53 WARN  no build target for: D:\CURSOS\7MO\Desarrollo_we\Creacion de examen_San-Luis\Backend\src\main\java\pe\edu\utp\sistemaexamenes\mapper\CursoMapper.java
2026.06.08 01:37:53 WARN  Running javac-semanticdb failed for file:///D:/CURSOS/7MO/Desarrollo_we/Creacion%20de%20examen_San-Luis/Backend/src/main/java/pe/edu/utp/sistemaexamenes/mapper/CursoMapper.java. Output:

2026.06.08 01:37:53 INFO  no build target found for D:\CURSOS\7MO\Desarrollo_we\Creacion de examen_San-Luis\Backend\src\main\java\pe\edu\utp\sistemaexamenes\mapper\CursoMapper.java. Using fallback presentation compiler.
2026.06.08 01:37:54 INFO  no build target found for D:\CURSOS\7MO\Desarrollo_we\Creacion de examen_San-Luis\Backend\src\main\java\pe\edu\utp\sistemaexamenes\mapper\CursoMapper.java. Using fallback presentation compiler.
2026.06.08 01:37:53 INFO  no build target found for D:\CURSOS\7MO\Desarrollo_we\Creacion de examen_San-Luis\Backend\src\main\java\pe\edu\utp\sistemaexamenes\mapper\CursoMapper.java. Using fallback presentation compiler.
2026.06.08 01:37:55 INFO  no build target found for D:\CURSOS\7MO\Desarrollo_we\Creacion de examen_San-Luis\Backend\src\main\java\pe\edu\utp\sistemaexamenes\mapper\PreguntaMapper.java. Using fallback presentation compiler.
2026.06.08 01:37:55 INFO  no build target found for D:\CURSOS\7MO\Desarrollo_we\Creacion de examen_San-Luis\Backend\src\main\java\pe\edu\utp\sistemaexamenes\mapper\PreguntaMapper.java. Using fallback presentation compiler.
2026.06.08 01:37:55 INFO  no build target found for D:\CURSOS\7MO\Desarrollo_we\Creacion de examen_San-Luis\Backend\src\main\java\pe\edu\utp\sistemaexamenes\mapper\PreguntaMapper.java. Using fallback presentation compiler.
2026.06.08 01:37:55 WARN  no build target for: D:\CURSOS\7MO\Desarrollo_we\Creacion de examen_San-Luis\Backend\src\main\java\pe\edu\utp\sistemaexamenes\mapper\PreguntaMapper.java
2026.06.08 01:37:55 INFO  no build target found for D:\CURSOS\7MO\Desarrollo_we\Creacion de examen_San-Luis\Backend\src\main\java\pe\edu\utp\sistemaexamenes\mapper\PreguntaMapper.java. Using fallback presentation compiler.
2026.06.08 01:37:55 WARN  Running javac-semanticdb failed for file:///D:/CURSOS/7MO/Desarrollo_we/Creacion%20de%20examen_San-Luis/Backend/src/main/java/pe/edu/utp/sistemaexamenes/mapper/PreguntaMapper.java. Output:

2026.06.08 01:37:55 INFO  no build target found for D:\CURSOS\7MO\Desarrollo_we\Creacion de examen_San-Luis\Backend\src\main\java\pe\edu\utp\sistemaexamenes\mapper\PreguntaMapper.java. Using fallback presentation compiler.
2026.06.08 01:37:55 INFO  no build target found for D:\CURSOS\7MO\Desarrollo_we\Creacion de examen_San-Luis\Backend\src\main\java\pe\edu\utp\sistemaexamenes\mapper\PreguntaMapper.java. Using fallback presentation compiler.
2026.06.08 01:38:22 INFO  no build target found for D:\CURSOS\7MO\Desarrollo_we\Creacion de examen_San-Luis\Backend\src\main\java\pe\edu\utp\sistemaexamenes\service\CategoriaExamenService.java. Using fallback presentation compiler.
2026.06.08 01:38:22 INFO  no build target found for D:\CURSOS\7MO\Desarrollo_we\Creacion de examen_San-Luis\Backend\src\main\java\pe\edu\utp\sistemaexamenes\service\CategoriaExamenService.java. Using fallback presentation compiler.
2026.06.08 01:38:22 INFO  no build target found for D:\CURSOS\7MO\Desarrollo_we\Creacion de examen_San-Luis\Backend\src\main\java\pe\edu\utp\sistemaexamenes\service\CategoriaExamenService.java. Using fallback presentation compiler.
2026.06.08 01:38:22 WARN  no build target for: D:\CURSOS\7MO\Desarrollo_we\Creacion de examen_San-Luis\Backend\src\main\java\pe\edu\utp\sistemaexamenes\service\CategoriaExamenService.java
2026.06.08 01:38:22 WARN  Running javac-semanticdb failed for file:///D:/CURSOS/7MO/Desarrollo_we/Creacion%20de%20examen_San-Luis/Backend/src/main/java/pe/edu/utp/sistemaexamenes/service/CategoriaExamenService.java. Output:

2026.06.08 01:38:22 INFO  no build target found for D:\CURSOS\7MO\Desarrollo_we\Creacion de examen_San-Luis\Backend\src\main\java\pe\edu\utp\sistemaexamenes\service\CategoriaExamenService.java. Using fallback presentation compiler.
2026.06.08 01:38:22 INFO  no build target found for D:\CURSOS\7MO\Desarrollo_we\Creacion de examen_San-Luis\Backend\src\main\java\pe\edu\utp\sistemaexamenes\service\CategoriaExamenService.java. Using fallback presentation compiler.
2026.06.08 01:38:22 INFO  no build target found for D:\CURSOS\7MO\Desarrollo_we\Creacion de examen_San-Luis\Backend\src\main\java\pe\edu\utp\sistemaexamenes\service\CategoriaExamenService.java. Using fallback presentation compiler.
2026.06.08 01:38:24 INFO  no build target found for D:\CURSOS\7MO\Desarrollo_we\Creacion de examen_San-Luis\Backend\src\main\java\pe\edu\utp\sistemaexamenes\service\CursoService.java. Using fallback presentation compiler.
2026.06.08 01:38:24 INFO  no build target found for D:\CURSOS\7MO\Desarrollo_we\Creacion de examen_San-Luis\Backend\src\main\java\pe\edu\utp\sistemaexamenes\service\CursoService.java. Using fallback presentation compiler.
2026.06.08 01:38:24 INFO  no build target found for D:\CURSOS\7MO\Desarrollo_we\Creacion de examen_San-Luis\Backend\src\main\java\pe\edu\utp\sistemaexamenes\service\CursoService.java. Using fallback presentation compiler.
2026.06.08 01:38:24 WARN  no build target for: D:\CURSOS\7MO\Desarrollo_we\Creacion de examen_San-Luis\Backend\src\main\java\pe\edu\utp\sistemaexamenes\service\CursoService.java
2026.06.08 01:38:24 WARN  Running javac-semanticdb failed for file:///D:/CURSOS/7MO/Desarrollo_we/Creacion%20de%20examen_San-Luis/Backend/src/main/java/pe/edu/utp/sistemaexamenes/service/CursoService.java. Output:

2026.06.08 01:38:24 INFO  no build target found for D:\CURSOS\7MO\Desarrollo_we\Creacion de examen_San-Luis\Backend\src\main\java\pe\edu\utp\sistemaexamenes\service\CursoService.java. Using fallback presentation compiler.
2026.06.08 01:38:24 INFO  no build target found for D:\CURSOS\7MO\Desarrollo_we\Creacion de examen_San-Luis\Backend\src\main\java\pe\edu\utp\sistemaexamenes\service\CursoService.java. Using fallback presentation compiler.
2026.06.08 01:38:24 INFO  no build target found for D:\CURSOS\7MO\Desarrollo_we\Creacion de examen_San-Luis\Backend\src\main\java\pe\edu\utp\sistemaexamenes\service\CursoService.java. Using fallback presentation compiler.
2026.06.08 01:38:26 INFO  no build target found for D:\CURSOS\7MO\Desarrollo_we\Creacion de examen_San-Luis\Backend\src\main\java\pe\edu\utp\sistemaexamenes\service\PreguntaService.java. Using fallback presentation compiler.
2026.06.08 01:38:26 INFO  no build target found for D:\CURSOS\7MO\Desarrollo_we\Creacion de examen_San-Luis\Backend\src\main\java\pe\edu\utp\sistemaexamenes\service\PreguntaService.java. Using fallback presentation compiler.
2026.06.08 01:38:26 INFO  no build target found for D:\CURSOS\7MO\Desarrollo_we\Creacion de examen_San-Luis\Backend\src\main\java\pe\edu\utp\sistemaexamenes\service\PreguntaService.java. Using fallback presentation compiler.
2026.06.08 01:38:26 WARN  no build target for: D:\CURSOS\7MO\Desarrollo_we\Creacion de examen_San-Luis\Backend\src\main\java\pe\edu\utp\sistemaexamenes\service\PreguntaService.java
2026.06.08 01:38:26 WARN  Running javac-semanticdb failed for file:///D:/CURSOS/7MO/Desarrollo_we/Creacion%20de%20examen_San-Luis/Backend/src/main/java/pe/edu/utp/sistemaexamenes/service/PreguntaService.java. Output:

2026.06.08 01:38:26 INFO  no build target found for D:\CURSOS\7MO\Desarrollo_we\Creacion de examen_San-Luis\Backend\src\main\java\pe\edu\utp\sistemaexamenes\service\PreguntaService.java. Using fallback presentation compiler.
2026.06.08 01:38:26 INFO  no build target found for D:\CURSOS\7MO\Desarrollo_we\Creacion de examen_San-Luis\Backend\src\main\java\pe\edu\utp\sistemaexamenes\service\PreguntaService.java. Using fallback presentation compiler.
2026.06.08 01:38:26 INFO  no build target found for D:\CURSOS\7MO\Desarrollo_we\Creacion de examen_San-Luis\Backend\src\main\java\pe\edu\utp\sistemaexamenes\service\PreguntaService.java. Using fallback presentation compiler.
2026.06.08 01:38:27 INFO  no build target found for D:\CURSOS\7MO\Desarrollo_we\Creacion de examen_San-Luis\Backend\src\main\java\pe\edu\utp\sistemaexamenes\service\impl\CategoriaExamenServiceImpl.java. Using fallback presentation compiler.
2026.06.08 01:38:27 INFO  no build target found for D:\CURSOS\7MO\Desarrollo_we\Creacion de examen_San-Luis\Backend\src\main\java\pe\edu\utp\sistemaexamenes\service\impl\CategoriaExamenServiceImpl.java. Using fallback presentation compiler.
2026.06.08 01:38:27 INFO  no build target found for D:\CURSOS\7MO\Desarrollo_we\Creacion de examen_San-Luis\Backend\src\main\java\pe\edu\utp\sistemaexamenes\service\impl\CategoriaExamenServiceImpl.java. Using fallback presentation compiler.
2026.06.08 01:38:28 WARN  no build target for: D:\CURSOS\7MO\Desarrollo_we\Creacion de examen_San-Luis\Backend\src\main\java\pe\edu\utp\sistemaexamenes\service\impl\CategoriaExamenServiceImpl.java
2026.06.08 01:38:27 INFO  no build target found for D:\CURSOS\7MO\Desarrollo_we\Creacion de examen_San-Luis\Backend\src\main\java\pe\edu\utp\sistemaexamenes\service\impl\CategoriaExamenServiceImpl.java. Using fallback presentation compiler.
2026.06.08 01:38:27 WARN  Running javac-semanticdb failed for file:///D:/CURSOS/7MO/Desarrollo_we/Creacion%20de%20examen_San-Luis/Backend/src/main/java/pe/edu/utp/sistemaexamenes/service/impl/CategoriaExamenServiceImpl.java. Output:

2026.06.08 01:38:27 INFO  no build target found for D:\CURSOS\7MO\Desarrollo_we\Creacion de examen_San-Luis\Backend\src\main\java\pe\edu\utp\sistemaexamenes\service\impl\CategoriaExamenServiceImpl.java. Using fallback presentation compiler.
2026.06.08 01:38:28 INFO  no build target found for D:\CURSOS\7MO\Desarrollo_we\Creacion de examen_San-Luis\Backend\src\main\java\pe\edu\utp\sistemaexamenes\service\impl\CategoriaExamenServiceImpl.java. Using fallback presentation compiler.
2026.06.08 01:39:17 INFO  no build target found for D:\CURSOS\7MO\Desarrollo_we\Creacion de examen_San-Luis\Backend\src\main\java\pe\edu\utp\sistemaexamenes\service\impl\CursoServiceImpl.java. Using fallback presentation compiler.
2026.06.08 01:39:17 WARN  no build target for: D:\CURSOS\7MO\Desarrollo_we\Creacion de examen_San-Luis\Backend\src\main\java\pe\edu\utp\sistemaexamenes\service\impl\CursoServiceImpl.java
2026.06.08 01:39:17 INFO  no build target found for D:\CURSOS\7MO\Desarrollo_we\Creacion de examen_San-Luis\Backend\src\main\java\pe\edu\utp\sistemaexamenes\service\impl\CursoServiceImpl.java. Using fallback presentation compiler.
2026.06.08 01:39:17 WARN  Running javac-semanticdb failed for file:///D:/CURSOS/7MO/Desarrollo_we/Creacion%20de%20examen_San-Luis/Backend/src/main/java/pe/edu/utp/sistemaexamenes/service/impl/CursoServiceImpl.java. Output:

2026.06.08 01:39:17 INFO  no build target found for D:\CURSOS\7MO\Desarrollo_we\Creacion de examen_San-Luis\Backend\src\main\java\pe\edu\utp\sistemaexamenes\service\impl\CursoServiceImpl.java. Using fallback presentation compiler.
2026.06.08 01:39:17 INFO  no build target found for D:\CURSOS\7MO\Desarrollo_we\Creacion de examen_San-Luis\Backend\src\main\java\pe\edu\utp\sistemaexamenes\service\impl\CursoServiceImpl.java. Using fallback presentation compiler.
2026.06.08 01:39:19 INFO  no build target found for D:\CURSOS\7MO\Desarrollo_we\Creacion de examen_San-Luis\Backend\src\main\java\pe\edu\utp\sistemaexamenes\service\impl\PreguntaServiceImpl.java. Using fallback presentation compiler.
2026.06.08 01:39:19 WARN  no build target for: D:\CURSOS\7MO\Desarrollo_we\Creacion de examen_San-Luis\Backend\src\main\java\pe\edu\utp\sistemaexamenes\service\impl\PreguntaServiceImpl.java
2026.06.08 01:39:19 INFO  no build target found for D:\CURSOS\7MO\Desarrollo_we\Creacion de examen_San-Luis\Backend\src\main\java\pe\edu\utp\sistemaexamenes\service\impl\PreguntaServiceImpl.java. Using fallback presentation compiler.
2026.06.08 01:39:19 WARN  Running javac-semanticdb failed for file:///D:/CURSOS/7MO/Desarrollo_we/Creacion%20de%20examen_San-Luis/Backend/src/main/java/pe/edu/utp/sistemaexamenes/service/impl/PreguntaServiceImpl.java. Output:

2026.06.08 01:39:19 INFO  no build target found for D:\CURSOS\7MO\Desarrollo_we\Creacion de examen_San-Luis\Backend\src\main\java\pe\edu\utp\sistemaexamenes\service\impl\PreguntaServiceImpl.java. Using fallback presentation compiler.
jun. 08, 2026 1:39:19 A. M. org.eclipse.lsp4j.jsonrpc.RemoteEndpoint handleCancellation
WARNING: Unmatched cancel notification for request id 848
2026.06.08 01:39:19 INFO  no build target found for D:\CURSOS\7MO\Desarrollo_we\Creacion de examen_San-Luis\Backend\src\main\java\pe\edu\utp\sistemaexamenes\service\impl\PreguntaServiceImpl.java. Using fallback presentation compiler.
2026.06.08 01:39:55 INFO  no build target found for D:\CURSOS\7MO\Desarrollo_we\Creacion de examen_San-Luis\Backend\src\main\java\pe\edu\utp\sistemaexamenes\controller\CategoriaExamenController.java. Using fallback presentation compiler.
2026.06.08 01:39:55 WARN  no build target for: D:\CURSOS\7MO\Desarrollo_we\Creacion de examen_San-Luis\Backend\src\main\java\pe\edu\utp\sistemaexamenes\controller\CategoriaExamenController.java
2026.06.08 01:39:55 WARN  Running javac-semanticdb failed for file:///D:/CURSOS/7MO/Desarrollo_we/Creacion%20de%20examen_San-Luis/Backend/src/main/java/pe/edu/utp/sistemaexamenes/controller/CategoriaExamenController.java. Output:

2026.06.08 01:39:55 INFO  no build target found for D:\CURSOS\7MO\Desarrollo_we\Creacion de examen_San-Luis\Backend\src\main\java\pe\edu\utp\sistemaexamenes\controller\CategoriaExamenController.java. Using fallback presentation compiler.
2026.06.08 01:39:55 INFO  no build target found for D:\CURSOS\7MO\Desarrollo_we\Creacion de examen_San-Luis\Backend\src\main\java\pe\edu\utp\sistemaexamenes\controller\CategoriaExamenController.java. Using fallback presentation compiler.
2026.06.08 01:39:56 INFO  no build target found for D:\CURSOS\7MO\Desarrollo_we\Creacion de examen_San-Luis\Backend\src\main\java\pe\edu\utp\sistemaexamenes\controller\CategoriaExamenController.java. Using fallback presentation compiler.
2026.06.08 01:39:56 INFO  no build target found for D:\CURSOS\7MO\Desarrollo_we\Creacion de examen_San-Luis\Backend\src\main\java\pe\edu\utp\sistemaexamenes\controller\CursoController.java. Using fallback presentation compiler.
2026.06.08 01:39:56 WARN  no build target for: D:\CURSOS\7MO\Desarrollo_we\Creacion de examen_San-Luis\Backend\src\main\java\pe\edu\utp\sistemaexamenes\controller\CursoController.java
2026.06.08 01:39:57 WARN  Running javac-semanticdb failed for file:///D:/CURSOS/7MO/Desarrollo_we/Creacion%20de%20examen_San-Luis/Backend/src/main/java/pe/edu/utp/sistemaexamenes/controller/CursoController.java. Output:

2026.06.08 01:39:56 INFO  no build target found for D:\CURSOS\7MO\Desarrollo_we\Creacion de examen_San-Luis\Backend\src\main\java\pe\edu\utp\sistemaexamenes\controller\CursoController.java. Using fallback presentation compiler.
2026.06.08 01:39:57 INFO  no build target found for D:\CURSOS\7MO\Desarrollo_we\Creacion de examen_San-Luis\Backend\src\main\java\pe\edu\utp\sistemaexamenes\controller\CursoController.java. Using fallback presentation compiler.
2026.06.08 01:39:57 INFO  no build target found for D:\CURSOS\7MO\Desarrollo_we\Creacion de examen_San-Luis\Backend\src\main\java\pe\edu\utp\sistemaexamenes\controller\CursoController.java. Using fallback presentation compiler.
2026.06.08 01:39:58 INFO  no build target found for D:\CURSOS\7MO\Desarrollo_we\Creacion de examen_San-Luis\Backend\src\main\java\pe\edu\utp\sistemaexamenes\controller\PreguntaController.java. Using fallback presentation compiler.
2026.06.08 01:39:58 WARN  no build target for: D:\CURSOS\7MO\Desarrollo_we\Creacion de examen_San-Luis\Backend\src\main\java\pe\edu\utp\sistemaexamenes\controller\PreguntaController.java
2026.06.08 01:39:58 WARN  Running javac-semanticdb failed for file:///D:/CURSOS/7MO/Desarrollo_we/Creacion%20de%20examen_San-Luis/Backend/src/main/java/pe/edu/utp/sistemaexamenes/controller/PreguntaController.java. Output:

2026.06.08 01:39:58 INFO  no build target found for D:\CURSOS\7MO\Desarrollo_we\Creacion de examen_San-Luis\Backend\src\main\java\pe\edu\utp\sistemaexamenes\controller\PreguntaController.java. Using fallback presentation compiler.
2026.06.08 01:39:58 INFO  no build target found for D:\CURSOS\7MO\Desarrollo_we\Creacion de examen_San-Luis\Backend\src\main\java\pe\edu\utp\sistemaexamenes\controller\PreguntaController.java. Using fallback presentation compiler.
2026.06.08 01:39:58 INFO  no build target found for D:\CURSOS\7MO\Desarrollo_we\Creacion de examen_San-Luis\Backend\src\main\java\pe\edu\utp\sistemaexamenes\controller\PreguntaController.java. Using fallback presentation compiler.
2026.06.08 01:41:44 INFO  no build target found for D:\CURSOS\7MO\Desarrollo_we\Creacion de examen_San-Luis\Backend\src\test\java\pe\edu\utp\sistemaexamenes\AdmisionApplicationTests.java. Using fallback presentation compiler.
2026.06.08 01:41:44 INFO  no build target found for D:\CURSOS\7MO\Desarrollo_we\Creacion de examen_San-Luis\Backend\src\test\java\pe\edu\utp\sistemaexamenes\AdmisionApplicationTests.java. Using fallback presentation compiler.
2026.06.08 01:41:44 INFO  no build target found for D:\CURSOS\7MO\Desarrollo_we\Creacion de examen_San-Luis\Backend\src\test\java\pe\edu\utp\sistemaexamenes\AdmisionApplicationTests.java. Using fallback presentation compiler.
2026.06.08 01:41:44 INFO  no build target found for D:\CURSOS\7MO\Desarrollo_we\Creacion de examen_San-Luis\Backend\src\test\java\pe\edu\utp\sistemaexamenes\AdmisionApplicationTests.java. Using fallback presentation compiler.
2026.06.08 01:41:44 INFO  no build target found for D:\CURSOS\7MO\Desarrollo_we\Creacion de examen_San-Luis\Backend\src\test\java\pe\edu\utp\sistemaexamenes\AdmisionApplicationTests.java. Using fallback presentation compiler.
2026.06.08 01:41:45 WARN  no build target for: D:\CURSOS\7MO\Desarrollo_we\Creacion de examen_San-Luis\Backend\src\test\java\pe\edu\utp\sistemaexamenes\AdmisionApplicationTests.java
2026.06.08 01:41:45 WARN  Running javac-semanticdb failed for file:///D:/CURSOS/7MO/Desarrollo_we/Creacion%20de%20examen_San-Luis/Backend/src/test/java/pe/edu/utp/sistemaexamenes/AdmisionApplicationTests.java. Output:

2026.06.08 01:41:44 INFO  no build target found for D:\CURSOS\7MO\Desarrollo_we\Creacion de examen_San-Luis\Backend\src\test\java\pe\edu\utp\sistemaexamenes\AdmisionApplicationTests.java. Using fallback presentation compiler.
2026.06.08 01:41:45 INFO  no build target found for D:\CURSOS\7MO\Desarrollo_we\Creacion de examen_San-Luis\Backend\src\test\java\pe\edu\utp\sistemaexamenes\AdmisionApplicationTests.java. Using fallback presentation compiler.
2026.06.08 01:41:46 INFO  no build target found for D:\CURSOS\7MO\Desarrollo_we\Creacion de examen_San-Luis\Backend\src\test\java\pe\edu\utp\sistemaexamenes\AdmisionApplicationTests.java. Using fallback presentation compiler.
2026.06.08 01:41:51 INFO  no build target found for D:\CURSOS\7MO\Desarrollo_we\Creacion de examen_San-Luis\Backend\src\main\java\pe\edu\utp\sistemaexamenes\controller\PreguntaController.java. Using fallback presentation compiler.
2026.06.08 01:41:51 WARN  no build target for: D:\CURSOS\7MO\Desarrollo_we\Creacion de examen_San-Luis\Backend\src\main\java\pe\edu\utp\sistemaexamenes\controller\PreguntaController.java
2026.06.08 01:41:51 INFO  no build target found for D:\CURSOS\7MO\Desarrollo_we\Creacion de examen_San-Luis\Backend\src\test\java\pe\edu\utp\sistemaexamenes\AdmisionApplicationTests.java. Using fallback presentation compiler.
2026.06.08 01:41:52 WARN  no build target for: D:\CURSOS\7MO\Desarrollo_we\Creacion de examen_San-Luis\Backend\src\test\java\pe\edu\utp\sistemaexamenes\AdmisionApplicationTests.java
2026.06.08 01:41:51 INFO  no build target found for D:\CURSOS\7MO\Desarrollo_we\Creacion de examen_San-Luis\Backend\src\test\java\pe\edu\utp\sistemaexamenes\AdmisionApplicationTests.java. Using fallback presentation compiler.
2026.06.08 01:41:51 INFO  no build target found for D:\CURSOS\7MO\Desarrollo_we\Creacion de examen_San-Luis\Backend\src\test\java\pe\edu\utp\sistemaexamenes\AdmisionApplicationTests.java. Using fallback presentation compiler.
2026.06.08 01:41:52 WARN  no build target for: D:\CURSOS\7MO\Desarrollo_we\Creacion de examen_San-Luis\Backend\src\test\java\pe\edu\utp\sistemaexamenes\AdmisionApplicationTests.java
2026.06.08 01:41:52 INFO  no build target found for D:\CURSOS\7MO\Desarrollo_we\Creacion de examen_San-Luis\Backend\src\test\java\pe\edu\utp\sistemaexamenes\AdmisionApplicationTests.java. Using fallback presentation compiler.
2026.06.08 01:41:51 INFO  no build target found for D:\CURSOS\7MO\Desarrollo_we\Creacion de examen_San-Luis\Backend\src\test\java\pe\edu\utp\sistemaexamenes\AdmisionApplicationTests.java. Using fallback presentation compiler.
2026.06.08 01:41:51 WARN  no build target for: D:\CURSOS\7MO\Desarrollo_we\Creacion de examen_San-Luis\Backend\src\test\java\pe\edu\utp\sistemaexamenes\AdmisionApplicationTests.java
2026.06.08 01:41:52 WARN  Running javac-semanticdb failed for file:///D:/CURSOS/7MO/Desarrollo_we/Creacion%20de%20examen_San-Luis/Backend/src/test/java/pe/edu/utp/sistemaexamenes/AdmisionApplicationTests.java. Output:

2026.06.08 01:41:51 INFO  no build target found for D:\CURSOS\7MO\Desarrollo_we\Creacion de examen_San-Luis\Backend\src\test\java\pe\edu\utp\sistemaexamenes\AdmisionApplicationTests.java. Using fallback presentation compiler.
2026.06.08 01:41:52 WARN  no build target for: D:\CURSOS\7MO\Desarrollo_we\Creacion de examen_San-Luis\Backend\src\test\java\pe\edu\utp\sistemaexamenes\AdmisionApplicationTests.java
2026.06.08 01:41:52 INFO  no build target found for D:\CURSOS\7MO\Desarrollo_we\Creacion de examen_San-Luis\Backend\src\test\java\pe\edu\utp\sistemaexamenes\AdmisionApplicationTests.java. Using fallback presentation compiler.
2026.06.08 01:41:53 INFO  no build target found for D:\CURSOS\7MO\Desarrollo_we\Creacion de examen_San-Luis\Backend\src\test\java\pe\edu\utp\sistemaexamenes\AdmisionApplicationTests.java. Using fallback presentation compiler.
2026.06.08 01:41:53 INFO  no build target found for D:\CURSOS\7MO\Desarrollo_we\Creacion de examen_San-Luis\Backend\src\test\java\pe\edu\utp\sistemaexamenes\AdmisionApplicationTests.java. Using fallback presentation compiler.
2026.06.08 01:49:51 INFO  no build target found for D:\CURSOS\7MO\Desarrollo_we\Creacion de examen_San-Luis\Backend\src\main\java\pe\edu\utp\sistemaexamenes\enums\TipoAccion.java. Using fallback presentation compiler.
2026.06.08 01:49:51 INFO  no build target found for D:\CURSOS\7MO\Desarrollo_we\Creacion de examen_San-Luis\Backend\src\main\java\pe\edu\utp\sistemaexamenes\enums\TipoAccion.java. Using fallback presentation compiler.
2026.06.08 01:49:51 INFO  no build target found for D:\CURSOS\7MO\Desarrollo_we\Creacion de examen_San-Luis\Backend\src\main\java\pe\edu\utp\sistemaexamenes\enums\TipoAccion.java. Using fallback presentation compiler.
2026.06.08 01:49:51 INFO  no build target found for D:\CURSOS\7MO\Desarrollo_we\Creacion de examen_San-Luis\Backend\src\main\java\pe\edu\utp\sistemaexamenes\enums\TipoAccion.java. Using fallback presentation compiler.
2026.06.08 01:49:51 INFO  no build target found for D:\CURSOS\7MO\Desarrollo_we\Creacion de examen_San-Luis\Backend\src\main\java\pe\edu\utp\sistemaexamenes\enums\TipoAccion.java. Using fallback presentation compiler.
2026.06.08 01:49:52 INFO  no build target found for D:\CURSOS\7MO\Desarrollo_we\Creacion de examen_San-Luis\Backend\src\main\java\pe\edu\utp\sistemaexamenes\enums\TipoAccion.java. Using fallback presentation compiler.
2026.06.08 01:49:51 INFO  no build target found for D:\CURSOS\7MO\Desarrollo_we\Creacion de examen_San-Luis\Backend\src\main\java\pe\edu\utp\sistemaexamenes\enums\TipoAccion.java. Using fallback presentation compiler.
2026.06.08 01:49:51 INFO  no build target found for D:\CURSOS\7MO\Desarrollo_we\Creacion de examen_San-Luis\Backend\src\main\java\pe\edu\utp\sistemaexamenes\enums\TipoAccion.java. Using fallback presentation compiler.
2026.06.08 01:49:52 WARN  no build target for: D:\CURSOS\7MO\Desarrollo_we\Creacion de examen_San-Luis\Backend\src\main\java\pe\edu\utp\sistemaexamenes\enums\TipoAccion.java
2026.06.08 01:49:52 WARN  Running javac-semanticdb failed for file:///D:/CURSOS/7MO/Desarrollo_we/Creacion%20de%20examen_San-Luis/Backend/src/main/java/pe/edu/utp/sistemaexamenes/enums/TipoAccion.java. Output:

2026.06.08 01:49:51 INFO  no build target found for D:\CURSOS\7MO\Desarrollo_we\Creacion de examen_San-Luis\Backend\src\main\java\pe\edu\utp\sistemaexamenes\enums\TipoAccion.java. Using fallback presentation compiler.
2026.06.08 01:49:52 INFO  no build target found for D:\CURSOS\7MO\Desarrollo_we\Creacion de examen_San-Luis\Backend\src\main\java\pe\edu\utp\sistemaexamenes\enums\TipoAccion.java. Using fallback presentation compiler.
2026.06.08 01:49:51 INFO  no build target found for D:\CURSOS\7MO\Desarrollo_we\Creacion de examen_San-Luis\Backend\src\main\java\pe\edu\utp\sistemaexamenes\enums\TipoAccion.java. Using fallback presentation compiler.
2026.06.08 01:49:53 INFO  no build target found for D:\CURSOS\7MO\Desarrollo_we\Creacion de examen_San-Luis\Backend\src\main\java\pe\edu\utp\sistemaexamenes\model\Examen.java. Using fallback presentation compiler.
2026.06.08 01:49:53 INFO  no build target found for D:\CURSOS\7MO\Desarrollo_we\Creacion de examen_San-Luis\Backend\src\main\java\pe\edu\utp\sistemaexamenes\model\Examen.java. Using fallback presentation compiler.
2026.06.08 01:49:53 INFO  no build target found for D:\CURSOS\7MO\Desarrollo_we\Creacion de examen_San-Luis\Backend\src\main\java\pe\edu\utp\sistemaexamenes\model\Examen.java. Using fallback presentation compiler.
2026.06.08 01:49:53 INFO  no build target found for D:\CURSOS\7MO\Desarrollo_we\Creacion de examen_San-Luis\Backend\src\main\java\pe\edu\utp\sistemaexamenes\model\Examen.java. Using fallback presentation compiler.
2026.06.08 01:49:53 INFO  no build target found for D:\CURSOS\7MO\Desarrollo_we\Creacion de examen_San-Luis\Backend\src\main\java\pe\edu\utp\sistemaexamenes\model\Examen.java. Using fallback presentation compiler.
2026.06.08 01:49:54 INFO  no build target found for D:\CURSOS\7MO\Desarrollo_we\Creacion de examen_San-Luis\Backend\src\main\java\pe\edu\utp\sistemaexamenes\model\Examen.java. Using fallback presentation compiler.
2026.06.08 01:49:53 INFO  no build target found for D:\CURSOS\7MO\Desarrollo_we\Creacion de examen_San-Luis\Backend\src\main\java\pe\edu\utp\sistemaexamenes\model\Examen.java. Using fallback presentation compiler.
2026.06.08 01:49:54 WARN  no build target for: D:\CURSOS\7MO\Desarrollo_we\Creacion de examen_San-Luis\Backend\src\main\java\pe\edu\utp\sistemaexamenes\model\Examen.java
2026.06.08 01:49:53 INFO  no build target found for D:\CURSOS\7MO\Desarrollo_we\Creacion de examen_San-Luis\Backend\src\main\java\pe\edu\utp\sistemaexamenes\model\Examen.java. Using fallback presentation compiler.
2026.06.08 01:49:54 WARN  Running javac-semanticdb failed for file:///D:/CURSOS/7MO/Desarrollo_we/Creacion%20de%20examen_San-Luis/Backend/src/main/java/pe/edu/utp/sistemaexamenes/model/Examen.java. Output:

2026.06.08 01:49:54 INFO  no build target found for D:\CURSOS\7MO\Desarrollo_we\Creacion de examen_San-Luis\Backend\src\main\java\pe\edu\utp\sistemaexamenes\model\Examen.java. Using fallback presentation compiler.
2026.06.08 01:49:55 INFO  no build target found for D:\CURSOS\7MO\Desarrollo_we\Creacion de examen_San-Luis\Backend\src\main\java\pe\edu\utp\sistemaexamenes\model\Examen.java. Using fallback presentation compiler.
2026.06.08 01:49:55 INFO  no build target found for D:\CURSOS\7MO\Desarrollo_we\Creacion de examen_San-Luis\Backend\src\main\java\pe\edu\utp\sistemaexamenes\model\Examen.java. Using fallback presentation compiler.
2026.06.08 01:49:55 INFO  no build target found for D:\CURSOS\7MO\Desarrollo_we\Creacion de examen_San-Luis\Backend\src\main\java\pe\edu\utp\sistemaexamenes\model\ExamenConfiguracionCurso.java. Using fallback presentation compiler.
2026.06.08 01:49:56 INFO  no build target found for D:\CURSOS\7MO\Desarrollo_we\Creacion de examen_San-Luis\Backend\src\main\java\pe\edu\utp\sistemaexamenes\model\ExamenConfiguracionCurso.java. Using fallback presentation compiler.
2026.06.08 01:49:56 INFO  no build target found for D:\CURSOS\7MO\Desarrollo_we\Creacion de examen_San-Luis\Backend\src\main\java\pe\edu\utp\sistemaexamenes\model\ExamenConfiguracionCurso.java. Using fallback presentation compiler.
2026.06.08 01:49:56 INFO  no build target found for D:\CURSOS\7MO\Desarrollo_we\Creacion de examen_San-Luis\Backend\src\main\java\pe\edu\utp\sistemaexamenes\model\ExamenConfiguracionCurso.java. Using fallback presentation compiler.
2026.06.08 01:49:56 INFO  no build target found for D:\CURSOS\7MO\Desarrollo_we\Creacion de examen_San-Luis\Backend\src\main\java\pe\edu\utp\sistemaexamenes\model\ExamenConfiguracionCurso.java. Using fallback presentation compiler.
2026.06.08 01:49:56 INFO  no build target found for D:\CURSOS\7MO\Desarrollo_we\Creacion de examen_San-Luis\Backend\src\main\java\pe\edu\utp\sistemaexamenes\model\ExamenConfiguracionCurso.java. Using fallback presentation compiler.
2026.06.08 01:49:56 INFO  no build target found for D:\CURSOS\7MO\Desarrollo_we\Creacion de examen_San-Luis\Backend\src\main\java\pe\edu\utp\sistemaexamenes\model\ExamenConfiguracionCurso.java. Using fallback presentation compiler.
2026.06.08 01:49:56 WARN  no build target for: D:\CURSOS\7MO\Desarrollo_we\Creacion de examen_San-Luis\Backend\src\main\java\pe\edu\utp\sistemaexamenes\model\ExamenConfiguracionCurso.java
2026.06.08 01:49:56 WARN  Running javac-semanticdb failed for file:///D:/CURSOS/7MO/Desarrollo_we/Creacion%20de%20examen_San-Luis/Backend/src/main/java/pe/edu/utp/sistemaexamenes/model/ExamenConfiguracionCurso.java. Output:

2026.06.08 01:49:56 INFO  no build target found for D:\CURSOS\7MO\Desarrollo_we\Creacion de examen_San-Luis\Backend\src\main\java\pe\edu\utp\sistemaexamenes\model\ExamenConfiguracionCurso.java. Using fallback presentation compiler.
2026.06.08 01:49:56 INFO  no build target found for D:\CURSOS\7MO\Desarrollo_we\Creacion de examen_San-Luis\Backend\src\main\java\pe\edu\utp\sistemaexamenes\model\ExamenConfiguracionCurso.java. Using fallback presentation compiler.
2026.06.08 01:49:56 INFO  no build target found for D:\CURSOS\7MO\Desarrollo_we\Creacion de examen_San-Luis\Backend\src\main\java\pe\edu\utp\sistemaexamenes\model\ExamenConfiguracionCurso.java. Using fallback presentation compiler.
2026.06.08 01:49:57 INFO  no build target found for D:\CURSOS\7MO\Desarrollo_we\Creacion de examen_San-Luis\Backend\src\main\java\pe\edu\utp\sistemaexamenes\model\ExamenConfiguracionCurso.java. Using fallback presentation compiler.
2026.06.08 01:49:57 INFO  no build target found for D:\CURSOS\7MO\Desarrollo_we\Creacion de examen_San-Luis\Backend\src\main\java\pe\edu\utp\sistemaexamenes\model\ExamenPregunta.java. Using fallback presentation compiler.
2026.06.08 01:49:57 INFO  no build target found for D:\CURSOS\7MO\Desarrollo_we\Creacion de examen_San-Luis\Backend\src\main\java\pe\edu\utp\sistemaexamenes\model\ExamenPregunta.java. Using fallback presentation compiler.
2026.06.08 01:49:57 INFO  no build target found for D:\CURSOS\7MO\Desarrollo_we\Creacion de examen_San-Luis\Backend\src\main\java\pe\edu\utp\sistemaexamenes\model\ExamenPregunta.java. Using fallback presentation compiler.
2026.06.08 01:49:57 INFO  no build target found for D:\CURSOS\7MO\Desarrollo_we\Creacion de examen_San-Luis\Backend\src\main\java\pe\edu\utp\sistemaexamenes\model\ExamenPregunta.java. Using fallback presentation compiler.
2026.06.08 01:49:57 INFO  no build target found for D:\CURSOS\7MO\Desarrollo_we\Creacion de examen_San-Luis\Backend\src\main\java\pe\edu\utp\sistemaexamenes\model\ExamenPregunta.java. Using fallback presentation compiler.
2026.06.08 01:49:58 INFO  no build target found for D:\CURSOS\7MO\Desarrollo_we\Creacion de examen_San-Luis\Backend\src\main\java\pe\edu\utp\sistemaexamenes\model\ExamenPregunta.java. Using fallback presentation compiler.
2026.06.08 01:49:57 INFO  no build target found for D:\CURSOS\7MO\Desarrollo_we\Creacion de examen_San-Luis\Backend\src\main\java\pe\edu\utp\sistemaexamenes\model\ExamenPregunta.java. Using fallback presentation compiler.
2026.06.08 01:49:58 WARN  no build target for: D:\CURSOS\7MO\Desarrollo_we\Creacion de examen_San-Luis\Backend\src\main\java\pe\edu\utp\sistemaexamenes\model\ExamenPregunta.java
2026.06.08 01:49:58 WARN  Running javac-semanticdb failed for file:///D:/CURSOS/7MO/Desarrollo_we/Creacion%20de%20examen_San-Luis/Backend/src/main/java/pe/edu/utp/sistemaexamenes/model/ExamenPregunta.java. Output:

2026.06.08 01:49:58 INFO  no build target found for D:\CURSOS\7MO\Desarrollo_we\Creacion de examen_San-Luis\Backend\src\main\java\pe\edu\utp\sistemaexamenes\model\ExamenPregunta.java. Using fallback presentation compiler.
2026.06.08 01:49:58 INFO  no build target found for D:\CURSOS\7MO\Desarrollo_we\Creacion de examen_San-Luis\Backend\src\main\java\pe\edu\utp\sistemaexamenes\model\ExamenPregunta.java. Using fallback presentation compiler.
2026.06.08 01:49:58 INFO  no build target found for D:\CURSOS\7MO\Desarrollo_we\Creacion de examen_San-Luis\Backend\src\main\java\pe\edu\utp\sistemaexamenes\model\ExamenPregunta.java. Using fallback presentation compiler.
2026.06.08 01:49:59 INFO  no build target found for D:\CURSOS\7MO\Desarrollo_we\Creacion de examen_San-Luis\Backend\src\main\java\pe\edu\utp\sistemaexamenes\model\ExamenPregunta.java. Using fallback presentation compiler.
2026.06.08 01:49:59 INFO  no build target found for D:\CURSOS\7MO\Desarrollo_we\Creacion de examen_San-Luis\Backend\src\main\java\pe\edu\utp\sistemaexamenes\model\HistorialAccion.java. Using fallback presentation compiler.
2026.06.08 01:49:59 INFO  no build target found for D:\CURSOS\7MO\Desarrollo_we\Creacion de examen_San-Luis\Backend\src\main\java\pe\edu\utp\sistemaexamenes\model\HistorialAccion.java. Using fallback presentation compiler.
2026.06.08 01:49:59 INFO  no build target found for D:\CURSOS\7MO\Desarrollo_we\Creacion de examen_San-Luis\Backend\src\main\java\pe\edu\utp\sistemaexamenes\model\HistorialAccion.java. Using fallback presentation compiler.
2026.06.08 01:49:59 INFO  no build target found for D:\CURSOS\7MO\Desarrollo_we\Creacion de examen_San-Luis\Backend\src\main\java\pe\edu\utp\sistemaexamenes\model\HistorialAccion.java. Using fallback presentation compiler.
2026.06.08 01:49:59 INFO  no build target found for D:\CURSOS\7MO\Desarrollo_we\Creacion de examen_San-Luis\Backend\src\main\java\pe\edu\utp\sistemaexamenes\model\HistorialAccion.java. Using fallback presentation compiler.
2026.06.08 01:50:00 INFO  no build target found for D:\CURSOS\7MO\Desarrollo_we\Creacion de examen_San-Luis\Backend\src\main\java\pe\edu\utp\sistemaexamenes\model\HistorialAccion.java. Using fallback presentation compiler.
2026.06.08 01:49:59 INFO  no build target found for D:\CURSOS\7MO\Desarrollo_we\Creacion de examen_San-Luis\Backend\src\main\java\pe\edu\utp\sistemaexamenes\model\HistorialAccion.java. Using fallback presentation compiler.
2026.06.08 01:50:00 WARN  no build target for: D:\CURSOS\7MO\Desarrollo_we\Creacion de examen_San-Luis\Backend\src\main\java\pe\edu\utp\sistemaexamenes\model\HistorialAccion.java
2026.06.08 01:50:00 WARN  Running javac-semanticdb failed for file:///D:/CURSOS/7MO/Desarrollo_we/Creacion%20de%20examen_San-Luis/Backend/src/main/java/pe/edu/utp/sistemaexamenes/model/HistorialAccion.java. Output:

2026.06.08 01:49:59 INFO  no build target found for D:\CURSOS\7MO\Desarrollo_we\Creacion de examen_San-Luis\Backend\src\main\java\pe\edu\utp\sistemaexamenes\model\HistorialAccion.java. Using fallback presentation compiler.
2026.06.08 01:50:00 INFO  no build target found for D:\CURSOS\7MO\Desarrollo_we\Creacion de examen_San-Luis\Backend\src\main\java\pe\edu\utp\sistemaexamenes\model\HistorialAccion.java. Using fallback presentation compiler.
2026.06.08 01:50:00 INFO  no build target found for D:\CURSOS\7MO\Desarrollo_we\Creacion de examen_San-Luis\Backend\src\main\java\pe\edu\utp\sistemaexamenes\model\HistorialAccion.java. Using fallback presentation compiler.
2026.06.08 01:50:00 INFO  no build target found for D:\CURSOS\7MO\Desarrollo_we\Creacion de examen_San-Luis\Backend\src\main\java\pe\edu\utp\sistemaexamenes\model\HistorialAccion.java. Using fallback presentation compiler.
2026.06.08 01:50:12 INFO  no build target found for D:\CURSOS\7MO\Desarrollo_we\Creacion de examen_San-Luis\Backend\src\main\java\pe\edu\utp\sistemaexamenes\model\Examen.java. Using fallback presentation compiler.
2026.06.08 01:50:12 WARN  no build target for: D:\CURSOS\7MO\Desarrollo_we\Creacion de examen_San-Luis\Backend\src\main\java\pe\edu\utp\sistemaexamenes\model\Examen.java
2026.06.08 01:50:12 INFO  no build target found for D:\CURSOS\7MO\Desarrollo_we\Creacion de examen_San-Luis\Backend\src\main\java\pe\edu\utp\sistemaexamenes\model\Examen.java. Using fallback presentation compiler.
2026.06.08 01:50:12 INFO  no build target found for D:\CURSOS\7MO\Desarrollo_we\Creacion de examen_San-Luis\Backend\src\main\java\pe\edu\utp\sistemaexamenes\model\Examen.java. Using fallback presentation compiler.
2026.06.08 01:50:12 INFO  no build target found for D:\CURSOS\7MO\Desarrollo_we\Creacion de examen_San-Luis\Backend\src\main\java\pe\edu\utp\sistemaexamenes\model\Examen.java. Using fallback presentation compiler.
2026.06.08 01:50:12 WARN  no build target for: D:\CURSOS\7MO\Desarrollo_we\Creacion de examen_San-Luis\Backend\src\main\java\pe\edu\utp\sistemaexamenes\model\Examen.java
2026.06.08 01:50:12 INFO  no build target found for D:\CURSOS\7MO\Desarrollo_we\Creacion de examen_San-Luis\Backend\src\main\java\pe\edu\utp\sistemaexamenes\model\Examen.java. Using fallback presentation compiler.
2026.06.08 01:50:12 INFO  no build target found for D:\CURSOS\7MO\Desarrollo_we\Creacion de examen_San-Luis\Backend\src\main\java\pe\edu\utp\sistemaexamenes\model\Examen.java. Using fallback presentation compiler.
2026.06.08 01:50:13 WARN  no build target for: D:\CURSOS\7MO\Desarrollo_we\Creacion de examen_San-Luis\Backend\src\main\java\pe\edu\utp\sistemaexamenes\model\Examen.java
2026.06.08 01:50:12 INFO  no build target found for D:\CURSOS\7MO\Desarrollo_we\Creacion de examen_San-Luis\Backend\src\main\java\pe\edu\utp\sistemaexamenes\model\Examen.java. Using fallback presentation compiler.
2026.06.08 01:50:13 WARN  Running javac-semanticdb failed for file:///D:/CURSOS/7MO/Desarrollo_we/Creacion%20de%20examen_San-Luis/Backend/src/main/java/pe/edu/utp/sistemaexamenes/model/Examen.java. Output:

2026.06.08 01:50:13 WARN  no build target for: D:\CURSOS\7MO\Desarrollo_we\Creacion de examen_San-Luis\Backend\src\main\java\pe\edu\utp\sistemaexamenes\model\Examen.java
2026.06.08 01:50:13 INFO  no build target found for D:\CURSOS\7MO\Desarrollo_we\Creacion de examen_San-Luis\Backend\src\main\java\pe\edu\utp\sistemaexamenes\model\Examen.java. Using fallback presentation compiler.
2026.06.08 01:50:13 INFO  no build target found for D:\CURSOS\7MO\Desarrollo_we\Creacion de examen_San-Luis\Backend\src\main\java\pe\edu\utp\sistemaexamenes\model\Examen.java. Using fallback presentation compiler.
2026.06.08 01:50:13 INFO  no build target found for D:\CURSOS\7MO\Desarrollo_we\Creacion de examen_San-Luis\Backend\src\main\java\pe\edu\utp\sistemaexamenes\model\Examen.java. Using fallback presentation compiler.
2026.06.08 01:50:14 INFO  no build target found for D:\CURSOS\7MO\Desarrollo_we\Creacion de examen_San-Luis\Backend\src\main\java\pe\edu\utp\sistemaexamenes\model\ExamenConfiguracionCurso.java. Using fallback presentation compiler.
2026.06.08 01:50:14 WARN  no build target for: D:\CURSOS\7MO\Desarrollo_we\Creacion de examen_San-Luis\Backend\src\main\java\pe\edu\utp\sistemaexamenes\model\ExamenConfiguracionCurso.java
2026.06.08 01:50:14 INFO  no build target found for D:\CURSOS\7MO\Desarrollo_we\Creacion de examen_San-Luis\Backend\src\main\java\pe\edu\utp\sistemaexamenes\model\ExamenConfiguracionCurso.java. Using fallback presentation compiler.
2026.06.08 01:50:14 INFO  no build target found for D:\CURSOS\7MO\Desarrollo_we\Creacion de examen_San-Luis\Backend\src\main\java\pe\edu\utp\sistemaexamenes\model\ExamenConfiguracionCurso.java. Using fallback presentation compiler.
2026.06.08 01:50:14 INFO  no build target found for D:\CURSOS\7MO\Desarrollo_we\Creacion de examen_San-Luis\Backend\src\main\java\pe\edu\utp\sistemaexamenes\model\ExamenConfiguracionCurso.java. Using fallback presentation compiler.
2026.06.08 01:50:14 WARN  no build target for: D:\CURSOS\7MO\Desarrollo_we\Creacion de examen_San-Luis\Backend\src\main\java\pe\edu\utp\sistemaexamenes\model\ExamenConfiguracionCurso.java
2026.06.08 01:50:14 INFO  no build target found for D:\CURSOS\7MO\Desarrollo_we\Creacion de examen_San-Luis\Backend\src\main\java\pe\edu\utp\sistemaexamenes\model\ExamenConfiguracionCurso.java. Using fallback presentation compiler.
2026.06.08 01:50:15 INFO  no build target found for D:\CURSOS\7MO\Desarrollo_we\Creacion de examen_San-Luis\Backend\src\main\java\pe\edu\utp\sistemaexamenes\model\ExamenConfiguracionCurso.java. Using fallback presentation compiler.
2026.06.08 01:50:15 WARN  no build target for: D:\CURSOS\7MO\Desarrollo_we\Creacion de examen_San-Luis\Backend\src\main\java\pe\edu\utp\sistemaexamenes\model\ExamenConfiguracionCurso.java
2026.06.08 01:50:15 WARN  Running javac-semanticdb failed for file:///D:/CURSOS/7MO/Desarrollo_we/Creacion%20de%20examen_San-Luis/Backend/src/main/java/pe/edu/utp/sistemaexamenes/model/ExamenConfiguracionCurso.java. Output:

2026.06.08 01:50:14 INFO  no build target found for D:\CURSOS\7MO\Desarrollo_we\Creacion de examen_San-Luis\Backend\src\main\java\pe\edu\utp\sistemaexamenes\model\ExamenConfiguracionCurso.java. Using fallback presentation compiler.
2026.06.08 01:50:14 WARN  no build target for: D:\CURSOS\7MO\Desarrollo_we\Creacion de examen_San-Luis\Backend\src\main\java\pe\edu\utp\sistemaexamenes\model\ExamenConfiguracionCurso.java
2026.06.08 01:50:14 INFO  no build target found for D:\CURSOS\7MO\Desarrollo_we\Creacion de examen_San-Luis\Backend\src\main\java\pe\edu\utp\sistemaexamenes\model\ExamenConfiguracionCurso.java. Using fallback presentation compiler.
2026.06.08 01:50:15 INFO  no build target found for D:\CURSOS\7MO\Desarrollo_we\Creacion de examen_San-Luis\Backend\src\main\java\pe\edu\utp\sistemaexamenes\model\ExamenConfiguracionCurso.java. Using fallback presentation compiler.
2026.06.08 01:50:16 INFO  no build target found for D:\CURSOS\7MO\Desarrollo_we\Creacion de examen_San-Luis\Backend\src\main\java\pe\edu\utp\sistemaexamenes\model\ExamenConfiguracionCurso.java. Using fallback presentation compiler.
2026.06.08 01:50:16 INFO  no build target found for D:\CURSOS\7MO\Desarrollo_we\Creacion de examen_San-Luis\Backend\src\main\java\pe\edu\utp\sistemaexamenes\model\HistorialAccion.java. Using fallback presentation compiler.
2026.06.08 01:50:16 WARN  no build target for: D:\CURSOS\7MO\Desarrollo_we\Creacion de examen_San-Luis\Backend\src\main\java\pe\edu\utp\sistemaexamenes\model\HistorialAccion.java
2026.06.08 01:50:16 INFO  no build target found for D:\CURSOS\7MO\Desarrollo_we\Creacion de examen_San-Luis\Backend\src\main\java\pe\edu\utp\sistemaexamenes\model\HistorialAccion.java. Using fallback presentation compiler.
2026.06.08 01:50:16 INFO  no build target found for D:\CURSOS\7MO\Desarrollo_we\Creacion de examen_San-Luis\Backend\src\main\java\pe\edu\utp\sistemaexamenes\model\HistorialAccion.java. Using fallback presentation compiler.
2026.06.08 01:50:16 INFO  no build target found for D:\CURSOS\7MO\Desarrollo_we\Creacion de examen_San-Luis\Backend\src\main\java\pe\edu\utp\sistemaexamenes\model\HistorialAccion.java. Using fallback presentation compiler.
2026.06.08 01:50:16 WARN  no build target for: D:\CURSOS\7MO\Desarrollo_we\Creacion de examen_San-Luis\Backend\src\main\java\pe\edu\utp\sistemaexamenes\model\HistorialAccion.java
2026.06.08 01:50:16 INFO  no build target found for D:\CURSOS\7MO\Desarrollo_we\Creacion de examen_San-Luis\Backend\src\main\java\pe\edu\utp\sistemaexamenes\model\HistorialAccion.java. Using fallback presentation compiler.
2026.06.08 01:50:16 INFO  no build target found for D:\CURSOS\7MO\Desarrollo_we\Creacion de examen_San-Luis\Backend\src\main\java\pe\edu\utp\sistemaexamenes\model\HistorialAccion.java. Using fallback presentation compiler.
2026.06.08 01:50:17 WARN  no build target for: D:\CURSOS\7MO\Desarrollo_we\Creacion de examen_San-Luis\Backend\src\main\java\pe\edu\utp\sistemaexamenes\model\HistorialAccion.java
2026.06.08 01:50:16 INFO  no build target found for D:\CURSOS\7MO\Desarrollo_we\Creacion de examen_San-Luis\Backend\src\main\java\pe\edu\utp\sistemaexamenes\model\HistorialAccion.java. Using fallback presentation compiler.
2026.06.08 01:50:16 WARN  Running javac-semanticdb failed for file:///D:/CURSOS/7MO/Desarrollo_we/Creacion%20de%20examen_San-Luis/Backend/src/main/java/pe/edu/utp/sistemaexamenes/model/HistorialAccion.java. Output:

2026.06.08 01:50:17 WARN  no build target for: D:\CURSOS\7MO\Desarrollo_we\Creacion de examen_San-Luis\Backend\src\main\java\pe\edu\utp\sistemaexamenes\model\HistorialAccion.java
2026.06.08 01:50:17 INFO  no build target found for D:\CURSOS\7MO\Desarrollo_we\Creacion de examen_San-Luis\Backend\src\main\java\pe\edu\utp\sistemaexamenes\model\HistorialAccion.java. Using fallback presentation compiler.
2026.06.08 01:50:17 INFO  no build target found for D:\CURSOS\7MO\Desarrollo_we\Creacion de examen_San-Luis\Backend\src\main\java\pe\edu\utp\sistemaexamenes\model\HistorialAccion.java. Using fallback presentation compiler.
2026.06.08 01:50:17 INFO  no build target found for D:\CURSOS\7MO\Desarrollo_we\Creacion de examen_San-Luis\Backend\src\main\java\pe\edu\utp\sistemaexamenes\model\HistorialAccion.java. Using fallback presentation compiler.
2026.06.08 01:50:49 INFO  no build target found for D:\CURSOS\7MO\Desarrollo_we\Creacion de examen_San-Luis\Backend\src\main\java\pe\edu\utp\sistemaexamenes\dto\request\GenerarExamenCursoRequest.java. Using fallback presentation compiler.
2026.06.08 01:50:49 INFO  no build target found for D:\CURSOS\7MO\Desarrollo_we\Creacion de examen_San-Luis\Backend\src\main\java\pe\edu\utp\sistemaexamenes\dto\request\GenerarExamenCursoRequest.java. Using fallback presentation compiler.
2026.06.08 01:50:49 INFO  no build target found for D:\CURSOS\7MO\Desarrollo_we\Creacion de examen_San-Luis\Backend\src\main\java\pe\edu\utp\sistemaexamenes\dto\request\GenerarExamenCursoRequest.java. Using fallback presentation compiler.
2026.06.08 01:50:49 WARN  no build target for: D:\CURSOS\7MO\Desarrollo_we\Creacion de examen_San-Luis\Backend\src\main\java\pe\edu\utp\sistemaexamenes\dto\request\GenerarExamenCursoRequest.java
2026.06.08 01:50:49 WARN  Running javac-semanticdb failed for file:///D:/CURSOS/7MO/Desarrollo_we/Creacion%20de%20examen_San-Luis/Backend/src/main/java/pe/edu/utp/sistemaexamenes/dto/request/GenerarExamenCursoRequest.java. Output:

2026.06.08 01:50:49 INFO  no build target found for D:\CURSOS\7MO\Desarrollo_we\Creacion de examen_San-Luis\Backend\src\main\java\pe\edu\utp\sistemaexamenes\dto\request\GenerarExamenCursoRequest.java. Using fallback presentation compiler.
2026.06.08 01:50:49 INFO  no build target found for D:\CURSOS\7MO\Desarrollo_we\Creacion de examen_San-Luis\Backend\src\main\java\pe\edu\utp\sistemaexamenes\dto\request\GenerarExamenCursoRequest.java. Using fallback presentation compiler.
2026.06.08 01:50:49 INFO  no build target found for D:\CURSOS\7MO\Desarrollo_we\Creacion de examen_San-Luis\Backend\src\main\java\pe\edu\utp\sistemaexamenes\dto\request\GenerarExamenCursoRequest.java. Using fallback presentation compiler.
2026.06.08 01:50:51 INFO  no build target found for D:\CURSOS\7MO\Desarrollo_we\Creacion de examen_San-Luis\Backend\src\main\java\pe\edu\utp\sistemaexamenes\dto\request\GenerarExamenRequest.java. Using fallback presentation compiler.
2026.06.08 01:50:51 INFO  no build target found for D:\CURSOS\7MO\Desarrollo_we\Creacion de examen_San-Luis\Backend\src\main\java\pe\edu\utp\sistemaexamenes\dto\request\GenerarExamenRequest.java. Using fallback presentation compiler.
2026.06.08 01:50:51 INFO  no build target found for D:\CURSOS\7MO\Desarrollo_we\Creacion de examen_San-Luis\Backend\src\main\java\pe\edu\utp\sistemaexamenes\dto\request\GenerarExamenRequest.java. Using fallback presentation compiler.
2026.06.08 01:50:51 WARN  no build target for: D:\CURSOS\7MO\Desarrollo_we\Creacion de examen_San-Luis\Backend\src\main\java\pe\edu\utp\sistemaexamenes\dto\request\GenerarExamenRequest.java
2026.06.08 01:50:51 WARN  Running javac-semanticdb failed for file:///D:/CURSOS/7MO/Desarrollo_we/Creacion%20de%20examen_San-Luis/Backend/src/main/java/pe/edu/utp/sistemaexamenes/dto/request/GenerarExamenRequest.java. Output:

2026.06.08 01:50:51 INFO  no build target found for D:\CURSOS\7MO\Desarrollo_we\Creacion de examen_San-Luis\Backend\src\main\java\pe\edu\utp\sistemaexamenes\dto\request\GenerarExamenRequest.java. Using fallback presentation compiler.
2026.06.08 01:50:51 INFO  no build target found for D:\CURSOS\7MO\Desarrollo_we\Creacion de examen_San-Luis\Backend\src\main\java\pe\edu\utp\sistemaexamenes\dto\request\GenerarExamenRequest.java. Using fallback presentation compiler.
2026.06.08 01:50:51 INFO  no build target found for D:\CURSOS\7MO\Desarrollo_we\Creacion de examen_San-Luis\Backend\src\main\java\pe\edu\utp\sistemaexamenes\dto\request\GenerarExamenRequest.java. Using fallback presentation compiler.
2026.06.08 01:50:52 INFO  no build target found for D:\CURSOS\7MO\Desarrollo_we\Creacion de examen_San-Luis\Backend\src\main\java\pe\edu\utp\sistemaexamenes\dto\response\ExamenCursoUsadoResponse.java. Using fallback presentation compiler.
2026.06.08 01:50:52 INFO  no build target found for D:\CURSOS\7MO\Desarrollo_we\Creacion de examen_San-Luis\Backend\src\main\java\pe\edu\utp\sistemaexamenes\dto\response\ExamenCursoUsadoResponse.java. Using fallback presentation compiler.
2026.06.08 01:50:52 INFO  no build target found for D:\CURSOS\7MO\Desarrollo_we\Creacion de examen_San-Luis\Backend\src\main\java\pe\edu\utp\sistemaexamenes\dto\response\ExamenCursoUsadoResponse.java. Using fallback presentation compiler.
2026.06.08 01:50:53 WARN  no build target for: D:\CURSOS\7MO\Desarrollo_we\Creacion de examen_San-Luis\Backend\src\main\java\pe\edu\utp\sistemaexamenes\dto\response\ExamenCursoUsadoResponse.java
2026.06.08 01:50:53 WARN  Running javac-semanticdb failed for file:///D:/CURSOS/7MO/Desarrollo_we/Creacion%20de%20examen_San-Luis/Backend/src/main/java/pe/edu/utp/sistemaexamenes/dto/response/ExamenCursoUsadoResponse.java. Output:

2026.06.08 01:50:52 INFO  no build target found for D:\CURSOS\7MO\Desarrollo_we\Creacion de examen_San-Luis\Backend\src\main\java\pe\edu\utp\sistemaexamenes\dto\response\ExamenCursoUsadoResponse.java. Using fallback presentation compiler.
2026.06.08 01:50:53 INFO  no build target found for D:\CURSOS\7MO\Desarrollo_we\Creacion de examen_San-Luis\Backend\src\main\java\pe\edu\utp\sistemaexamenes\dto\response\ExamenCursoUsadoResponse.java. Using fallback presentation compiler.
2026.06.08 01:50:52 INFO  no build target found for D:\CURSOS\7MO\Desarrollo_we\Creacion de examen_San-Luis\Backend\src\main\java\pe\edu\utp\sistemaexamenes\dto\response\ExamenCursoUsadoResponse.java. Using fallback presentation compiler.
2026.06.08 01:50:54 INFO  no build target found for D:\CURSOS\7MO\Desarrollo_we\Creacion de examen_San-Luis\Backend\src\main\java\pe\edu\utp\sistemaexamenes\dto\response\ExamenAlternativaVistaResponse.java. Using fallback presentation compiler.
2026.06.08 01:50:54 INFO  no build target found for D:\CURSOS\7MO\Desarrollo_we\Creacion de examen_San-Luis\Backend\src\main\java\pe\edu\utp\sistemaexamenes\dto\response\ExamenAlternativaVistaResponse.java. Using fallback presentation compiler.
2026.06.08 01:50:54 INFO  no build target found for D:\CURSOS\7MO\Desarrollo_we\Creacion de examen_San-Luis\Backend\src\main\java\pe\edu\utp\sistemaexamenes\dto\response\ExamenAlternativaVistaResponse.java. Using fallback presentation compiler.
2026.06.08 01:50:54 WARN  no build target for: D:\CURSOS\7MO\Desarrollo_we\Creacion de examen_San-Luis\Backend\src\main\java\pe\edu\utp\sistemaexamenes\dto\response\ExamenAlternativaVistaResponse.java
2026.06.08 01:50:54 WARN  Running javac-semanticdb failed for file:///D:/CURSOS/7MO/Desarrollo_we/Creacion%20de%20examen_San-Luis/Backend/src/main/java/pe/edu/utp/sistemaexamenes/dto/response/ExamenAlternativaVistaResponse.java. Output:

2026.06.08 01:50:54 INFO  no build target found for D:\CURSOS\7MO\Desarrollo_we\Creacion de examen_San-Luis\Backend\src\main\java\pe\edu\utp\sistemaexamenes\dto\response\ExamenAlternativaVistaResponse.java. Using fallback presentation compiler.
2026.06.08 01:50:55 INFO  no build target found for D:\CURSOS\7MO\Desarrollo_we\Creacion de examen_San-Luis\Backend\src\main\java\pe\edu\utp\sistemaexamenes\dto\response\ExamenAlternativaVistaResponse.java. Using fallback presentation compiler.
2026.06.08 01:50:54 INFO  no build target found for D:\CURSOS\7MO\Desarrollo_we\Creacion de examen_San-Luis\Backend\src\main\java\pe\edu\utp\sistemaexamenes\dto\response\ExamenAlternativaVistaResponse.java. Using fallback presentation compiler.
2026.06.08 01:50:56 INFO  no build target found for D:\CURSOS\7MO\Desarrollo_we\Creacion de examen_San-Luis\Backend\src\main\java\pe\edu\utp\sistemaexamenes\dto\response\ExamenPreguntaVistaResponse.java. Using fallback presentation compiler.
2026.06.08 01:50:56 INFO  no build target found for D:\CURSOS\7MO\Desarrollo_we\Creacion de examen_San-Luis\Backend\src\main\java\pe\edu\utp\sistemaexamenes\dto\response\ExamenPreguntaVistaResponse.java. Using fallback presentation compiler.
2026.06.08 01:50:56 INFO  no build target found for D:\CURSOS\7MO\Desarrollo_we\Creacion de examen_San-Luis\Backend\src\main\java\pe\edu\utp\sistemaexamenes\dto\response\ExamenPreguntaVistaResponse.java. Using fallback presentation compiler.
2026.06.08 01:50:56 INFO  no build target found for D:\CURSOS\7MO\Desarrollo_we\Creacion de examen_San-Luis\Backend\src\main\java\pe\edu\utp\sistemaexamenes\dto\response\ExamenPreguntaVistaResponse.java. Using fallback presentation compiler.
2026.06.08 01:50:56 INFO  no build target found for D:\CURSOS\7MO\Desarrollo_we\Creacion de examen_San-Luis\Backend\src\main\java\pe\edu\utp\sistemaexamenes\dto\response\ExamenPreguntaVistaResponse.java. Using fallback presentation compiler.
2026.06.08 01:50:56 WARN  no build target for: D:\CURSOS\7MO\Desarrollo_we\Creacion de examen_San-Luis\Backend\src\main\java\pe\edu\utp\sistemaexamenes\dto\response\ExamenPreguntaVistaResponse.java
2026.06.08 01:50:56 WARN  Running javac-semanticdb failed for file:///D:/CURSOS/7MO/Desarrollo_we/Creacion%20de%20examen_San-Luis/Backend/src/main/java/pe/edu/utp/sistemaexamenes/dto/response/ExamenPreguntaVistaResponse.java. Output:

2026.06.08 01:50:56 INFO  no build target found for D:\CURSOS\7MO\Desarrollo_we\Creacion de examen_San-Luis\Backend\src\main\java\pe\edu\utp\sistemaexamenes\dto\response\ExamenPreguntaVistaResponse.java. Using fallback presentation compiler.
2026.06.08 01:50:56 INFO  no build target found for D:\CURSOS\7MO\Desarrollo_we\Creacion de examen_San-Luis\Backend\src\main\java\pe\edu\utp\sistemaexamenes\dto\response\ExamenPreguntaVistaResponse.java. Using fallback presentation compiler.
2026.06.08 01:50:56 INFO  no build target found for D:\CURSOS\7MO\Desarrollo_we\Creacion de examen_San-Luis\Backend\src\main\java\pe\edu\utp\sistemaexamenes\dto\response\ExamenPreguntaVistaResponse.java. Using fallback presentation compiler.
2026.06.08 01:50:58 INFO  no build target found for D:\CURSOS\7MO\Desarrollo_we\Creacion de examen_San-Luis\Backend\src\main\java\pe\edu\utp\sistemaexamenes\dto\response\ExamenVersionResponse.java. Using fallback presentation compiler.
2026.06.08 01:50:58 INFO  no build target found for D:\CURSOS\7MO\Desarrollo_we\Creacion de examen_San-Luis\Backend\src\main\java\pe\edu\utp\sistemaexamenes\dto\response\ExamenVersionResponse.java. Using fallback presentation compiler.
2026.06.08 01:50:58 INFO  no build target found for D:\CURSOS\7MO\Desarrollo_we\Creacion de examen_San-Luis\Backend\src\main\java\pe\edu\utp\sistemaexamenes\dto\response\ExamenVersionResponse.java. Using fallback presentation compiler.
2026.06.08 01:50:58 INFO  no build target found for D:\CURSOS\7MO\Desarrollo_we\Creacion de examen_San-Luis\Backend\src\main\java\pe\edu\utp\sistemaexamenes\dto\response\ExamenVersionResponse.java. Using fallback presentation compiler.
2026.06.08 01:50:58 INFO  no build target found for D:\CURSOS\7MO\Desarrollo_we\Creacion de examen_San-Luis\Backend\src\main\java\pe\edu\utp\sistemaexamenes\dto\response\ExamenVersionResponse.java. Using fallback presentation compiler.
2026.06.08 01:50:58 WARN  no build target for: D:\CURSOS\7MO\Desarrollo_we\Creacion de examen_San-Luis\Backend\src\main\java\pe\edu\utp\sistemaexamenes\dto\response\ExamenVersionResponse.java
2026.06.08 01:50:58 WARN  Running javac-semanticdb failed for file:///D:/CURSOS/7MO/Desarrollo_we/Creacion%20de%20examen_San-Luis/Backend/src/main/java/pe/edu/utp/sistemaexamenes/dto/response/ExamenVersionResponse.java. Output:

2026.06.08 01:50:58 INFO  no build target found for D:\CURSOS\7MO\Desarrollo_we\Creacion de examen_San-Luis\Backend\src\main\java\pe\edu\utp\sistemaexamenes\dto\response\ExamenVersionResponse.java. Using fallback presentation compiler.
2026.06.08 01:50:58 INFO  no build target found for D:\CURSOS\7MO\Desarrollo_we\Creacion de examen_San-Luis\Backend\src\main\java\pe\edu\utp\sistemaexamenes\dto\response\ExamenVersionResponse.java. Using fallback presentation compiler.
2026.06.08 01:50:58 INFO  no build target found for D:\CURSOS\7MO\Desarrollo_we\Creacion de examen_San-Luis\Backend\src\main\java\pe\edu\utp\sistemaexamenes\dto\response\ExamenVersionResponse.java. Using fallback presentation compiler.
2026.06.08 01:51:00 INFO  no build target found for D:\CURSOS\7MO\Desarrollo_we\Creacion de examen_San-Luis\Backend\src\main\java\pe\edu\utp\sistemaexamenes\dto\response\SolucionarioPreguntaResponse.java. Using fallback presentation compiler.
2026.06.08 01:51:00 INFO  no build target found for D:\CURSOS\7MO\Desarrollo_we\Creacion de examen_San-Luis\Backend\src\main\java\pe\edu\utp\sistemaexamenes\dto\response\SolucionarioPreguntaResponse.java. Using fallback presentation compiler.
2026.06.08 01:51:00 INFO  no build target found for D:\CURSOS\7MO\Desarrollo_we\Creacion de examen_San-Luis\Backend\src\main\java\pe\edu\utp\sistemaexamenes\dto\response\SolucionarioPreguntaResponse.java. Using fallback presentation compiler.
2026.06.08 01:51:00 WARN  no build target for: D:\CURSOS\7MO\Desarrollo_we\Creacion de examen_San-Luis\Backend\src\main\java\pe\edu\utp\sistemaexamenes\dto\response\SolucionarioPreguntaResponse.java
2026.06.08 01:51:00 WARN  Running javac-semanticdb failed for file:///D:/CURSOS/7MO/Desarrollo_we/Creacion%20de%20examen_San-Luis/Backend/src/main/java/pe/edu/utp/sistemaexamenes/dto/response/SolucionarioPreguntaResponse.java. Output:

2026.06.08 01:51:00 INFO  no build target found for D:\CURSOS\7MO\Desarrollo_we\Creacion de examen_San-Luis\Backend\src\main\java\pe\edu\utp\sistemaexamenes\dto\response\SolucionarioPreguntaResponse.java. Using fallback presentation compiler.
2026.06.08 01:51:00 INFO  no build target found for D:\CURSOS\7MO\Desarrollo_we\Creacion de examen_San-Luis\Backend\src\main\java\pe\edu\utp\sistemaexamenes\dto\response\SolucionarioPreguntaResponse.java. Using fallback presentation compiler.
2026.06.08 01:51:00 INFO  no build target found for D:\CURSOS\7MO\Desarrollo_we\Creacion de examen_San-Luis\Backend\src\main\java\pe\edu\utp\sistemaexamenes\dto\response\SolucionarioPreguntaResponse.java. Using fallback presentation compiler.
2026.06.08 01:51:02 INFO  no build target found for D:\CURSOS\7MO\Desarrollo_we\Creacion de examen_San-Luis\Backend\src\main\java\pe\edu\utp\sistemaexamenes\dto\response\ExamenSolucionarioResponse.java. Using fallback presentation compiler.
2026.06.08 01:51:02 INFO  no build target found for D:\CURSOS\7MO\Desarrollo_we\Creacion de examen_San-Luis\Backend\src\main\java\pe\edu\utp\sistemaexamenes\dto\response\ExamenSolucionarioResponse.java. Using fallback presentation compiler.
2026.06.08 01:51:02 INFO  no build target found for D:\CURSOS\7MO\Desarrollo_we\Creacion de examen_San-Luis\Backend\src\main\java\pe\edu\utp\sistemaexamenes\dto\response\ExamenSolucionarioResponse.java. Using fallback presentation compiler.
2026.06.08 01:51:02 WARN  no build target for: D:\CURSOS\7MO\Desarrollo_we\Creacion de examen_San-Luis\Backend\src\main\java\pe\edu\utp\sistemaexamenes\dto\response\ExamenSolucionarioResponse.java
2026.06.08 01:51:02 WARN  Running javac-semanticdb failed for file:///D:/CURSOS/7MO/Desarrollo_we/Creacion%20de%20examen_San-Luis/Backend/src/main/java/pe/edu/utp/sistemaexamenes/dto/response/ExamenSolucionarioResponse.java. Output:

2026.06.08 01:51:02 INFO  no build target found for D:\CURSOS\7MO\Desarrollo_we\Creacion de examen_San-Luis\Backend\src\main\java\pe\edu\utp\sistemaexamenes\dto\response\ExamenSolucionarioResponse.java. Using fallback presentation compiler.
2026.06.08 01:51:02 INFO  no build target found for D:\CURSOS\7MO\Desarrollo_we\Creacion de examen_San-Luis\Backend\src\main\java\pe\edu\utp\sistemaexamenes\dto\response\ExamenSolucionarioResponse.java. Using fallback presentation compiler.
2026.06.08 01:51:02 INFO  no build target found for D:\CURSOS\7MO\Desarrollo_we\Creacion de examen_San-Luis\Backend\src\main\java\pe\edu\utp\sistemaexamenes\dto\response\ExamenSolucionarioResponse.java. Using fallback presentation compiler.
2026.06.08 01:51:03 INFO  no build target found for D:\CURSOS\7MO\Desarrollo_we\Creacion de examen_San-Luis\Backend\src\main\java\pe\edu\utp\sistemaexamenes\dto\response\ExamenSolucionarioResponse.java. Using fallback presentation compiler.
2026.06.08 01:51:03 INFO  no build target found for D:\CURSOS\7MO\Desarrollo_we\Creacion de examen_San-Luis\Backend\src\main\java\pe\edu\utp\sistemaexamenes\dto\response\ExamenVersionSolucionarioResponse.java. Using fallback presentation compiler.
2026.06.08 01:51:03 INFO  no build target found for D:\CURSOS\7MO\Desarrollo_we\Creacion de examen_San-Luis\Backend\src\main\java\pe\edu\utp\sistemaexamenes\dto\response\ExamenVersionSolucionarioResponse.java. Using fallback presentation compiler.
2026.06.08 01:51:04 INFO  no build target found for D:\CURSOS\7MO\Desarrollo_we\Creacion de examen_San-Luis\Backend\src\main\java\pe\edu\utp\sistemaexamenes\dto\response\ExamenVersionSolucionarioResponse.java. Using fallback presentation compiler.
2026.06.08 01:51:04 WARN  no build target for: D:\CURSOS\7MO\Desarrollo_we\Creacion de examen_San-Luis\Backend\src\main\java\pe\edu\utp\sistemaexamenes\dto\response\ExamenVersionSolucionarioResponse.java
2026.06.08 01:51:04 WARN  Running javac-semanticdb failed for file:///D:/CURSOS/7MO/Desarrollo_we/Creacion%20de%20examen_San-Luis/Backend/src/main/java/pe/edu/utp/sistemaexamenes/dto/response/ExamenVersionSolucionarioResponse.java. Output:

2026.06.08 01:51:04 INFO  no build target found for D:\CURSOS\7MO\Desarrollo_we\Creacion de examen_San-Luis\Backend\src\main\java\pe\edu\utp\sistemaexamenes\dto\response\ExamenVersionSolucionarioResponse.java. Using fallback presentation compiler.
2026.06.08 01:51:04 INFO  no build target found for D:\CURSOS\7MO\Desarrollo_we\Creacion de examen_San-Luis\Backend\src\main\java\pe\edu\utp\sistemaexamenes\dto\response\ExamenVersionSolucionarioResponse.java. Using fallback presentation compiler.
2026.06.08 01:51:04 INFO  no build target found for D:\CURSOS\7MO\Desarrollo_we\Creacion de examen_San-Luis\Backend\src\main\java\pe\edu\utp\sistemaexamenes\dto\response\ExamenVersionSolucionarioResponse.java. Using fallback presentation compiler.
2026.06.08 01:51:25 INFO  no build target found for D:\CURSOS\7MO\Desarrollo_we\Creacion de examen_San-Luis\Backend\src\main\java\pe\edu\utp\sistemaexamenes\dto\response\ExamenResponse.java. Using fallback presentation compiler.
2026.06.08 01:51:25 INFO  no build target found for D:\CURSOS\7MO\Desarrollo_we\Creacion de examen_San-Luis\Backend\src\main\java\pe\edu\utp\sistemaexamenes\dto\response\ExamenResponse.java. Using fallback presentation compiler.
2026.06.08 01:51:25 INFO  no build target found for D:\CURSOS\7MO\Desarrollo_we\Creacion de examen_San-Luis\Backend\src\main\java\pe\edu\utp\sistemaexamenes\dto\response\ExamenResponse.java. Using fallback presentation compiler.
2026.06.08 01:51:25 INFO  no build target found for D:\CURSOS\7MO\Desarrollo_we\Creacion de examen_San-Luis\Backend\src\main\java\pe\edu\utp\sistemaexamenes\dto\response\ExamenResponse.java. Using fallback presentation compiler.
2026.06.08 01:51:25 INFO  no build target found for D:\CURSOS\7MO\Desarrollo_we\Creacion de examen_San-Luis\Backend\src\main\java\pe\edu\utp\sistemaexamenes\dto\response\ExamenResponse.java. Using fallback presentation compiler.
2026.06.08 01:51:26 INFO  no build target found for D:\CURSOS\7MO\Desarrollo_we\Creacion de examen_San-Luis\Backend\src\main\java\pe\edu\utp\sistemaexamenes\dto\response\ExamenResponse.java. Using fallback presentation compiler.
2026.06.08 01:51:25 INFO  no build target found for D:\CURSOS\7MO\Desarrollo_we\Creacion de examen_San-Luis\Backend\src\main\java\pe\edu\utp\sistemaexamenes\dto\response\ExamenResponse.java. Using fallback presentation compiler.
2026.06.08 01:51:26 WARN  no build target for: D:\CURSOS\7MO\Desarrollo_we\Creacion de examen_San-Luis\Backend\src\main\java\pe\edu\utp\sistemaexamenes\dto\response\ExamenResponse.java
2026.06.08 01:51:26 WARN  Running javac-semanticdb failed for file:///D:/CURSOS/7MO/Desarrollo_we/Creacion%20de%20examen_San-Luis/Backend/src/main/java/pe/edu/utp/sistemaexamenes/dto/response/ExamenResponse.java. Output:

2026.06.08 01:51:25 INFO  no build target found for D:\CURSOS\7MO\Desarrollo_we\Creacion de examen_San-Luis\Backend\src\main\java\pe\edu\utp\sistemaexamenes\dto\response\ExamenResponse.java. Using fallback presentation compiler.
2026.06.08 01:51:26 INFO  no build target found for D:\CURSOS\7MO\Desarrollo_we\Creacion de examen_San-Luis\Backend\src\main\java\pe\edu\utp\sistemaexamenes\dto\response\ExamenResponse.java. Using fallback presentation compiler.
2026.06.08 01:51:25 INFO  no build target found for D:\CURSOS\7MO\Desarrollo_we\Creacion de examen_San-Luis\Backend\src\main\java\pe\edu\utp\sistemaexamenes\dto\response\ExamenResponse.java. Using fallback presentation compiler.
2026.06.08 01:51:27 INFO  no build target found for D:\CURSOS\7MO\Desarrollo_we\Creacion de examen_San-Luis\Backend\src\main\java\pe\edu\utp\sistemaexamenes\repository\PreguntaRepository.java. Using fallback presentation compiler.
2026.06.08 01:51:27 INFO  no build target found for D:\CURSOS\7MO\Desarrollo_we\Creacion de examen_San-Luis\Backend\src\main\java\pe\edu\utp\sistemaexamenes\repository\PreguntaRepository.java. Using fallback presentation compiler.
2026.06.08 01:51:27 INFO  no build target found for D:\CURSOS\7MO\Desarrollo_we\Creacion de examen_San-Luis\Backend\src\main\java\pe\edu\utp\sistemaexamenes\repository\PreguntaRepository.java. Using fallback presentation compiler.
2026.06.08 01:51:27 INFO  no build target found for D:\CURSOS\7MO\Desarrollo_we\Creacion de examen_San-Luis\Backend\src\main\java\pe\edu\utp\sistemaexamenes\repository\PreguntaRepository.java. Using fallback presentation compiler.
2026.06.08 01:51:27 INFO  no build target found for D:\CURSOS\7MO\Desarrollo_we\Creacion de examen_San-Luis\Backend\src\main\java\pe\edu\utp\sistemaexamenes\repository\PreguntaRepository.java. Using fallback presentation compiler.
2026.06.08 01:51:28 INFO  no build target found for D:\CURSOS\7MO\Desarrollo_we\Creacion de examen_San-Luis\Backend\src\main\java\pe\edu\utp\sistemaexamenes\repository\PreguntaRepository.java. Using fallback presentation compiler.
2026.06.08 01:51:27 INFO  no build target found for D:\CURSOS\7MO\Desarrollo_we\Creacion de examen_San-Luis\Backend\src\main\java\pe\edu\utp\sistemaexamenes\repository\PreguntaRepository.java. Using fallback presentation compiler.
2026.06.08 01:51:28 WARN  no build target for: D:\CURSOS\7MO\Desarrollo_we\Creacion de examen_San-Luis\Backend\src\main\java\pe\edu\utp\sistemaexamenes\repository\PreguntaRepository.java
2026.06.08 01:51:28 WARN  Running javac-semanticdb failed for file:///D:/CURSOS/7MO/Desarrollo_we/Creacion%20de%20examen_San-Luis/Backend/src/main/java/pe/edu/utp/sistemaexamenes/repository/PreguntaRepository.java. Output:

2026.06.08 01:51:27 INFO  no build target found for D:\CURSOS\7MO\Desarrollo_we\Creacion de examen_San-Luis\Backend\src\main\java\pe\edu\utp\sistemaexamenes\repository\PreguntaRepository.java. Using fallback presentation compiler.
2026.06.08 01:51:28 INFO  no build target found for D:\CURSOS\7MO\Desarrollo_we\Creacion de examen_San-Luis\Backend\src\main\java\pe\edu\utp\sistemaexamenes\repository\PreguntaRepository.java. Using fallback presentation compiler.
2026.06.08 01:51:28 INFO  no build target found for D:\CURSOS\7MO\Desarrollo_we\Creacion de examen_San-Luis\Backend\src\main\java\pe\edu\utp\sistemaexamenes\repository\PreguntaRepository.java. Using fallback presentation compiler.
2026.06.08 01:51:28 INFO  no build target found for D:\CURSOS\7MO\Desarrollo_we\Creacion de examen_San-Luis\Backend\src\main\java\pe\edu\utp\sistemaexamenes\repository\ExamenVersionRepository.java. Using fallback presentation compiler.
2026.06.08 01:51:29 INFO  no build target found for D:\CURSOS\7MO\Desarrollo_we\Creacion de examen_San-Luis\Backend\src\main\java\pe\edu\utp\sistemaexamenes\repository\ExamenVersionRepository.java. Using fallback presentation compiler.
2026.06.08 01:51:29 INFO  no build target found for D:\CURSOS\7MO\Desarrollo_we\Creacion de examen_San-Luis\Backend\src\main\java\pe\edu\utp\sistemaexamenes\repository\ExamenVersionRepository.java. Using fallback presentation compiler.
2026.06.08 01:51:29 INFO  no build target found for D:\CURSOS\7MO\Desarrollo_we\Creacion de examen_San-Luis\Backend\src\main\java\pe\edu\utp\sistemaexamenes\repository\ExamenVersionRepository.java. Using fallback presentation compiler.
2026.06.08 01:51:29 INFO  no build target found for D:\CURSOS\7MO\Desarrollo_we\Creacion de examen_San-Luis\Backend\src\main\java\pe\edu\utp\sistemaexamenes\repository\ExamenVersionRepository.java. Using fallback presentation compiler.
2026.06.08 01:51:30 INFO  no build target found for D:\CURSOS\7MO\Desarrollo_we\Creacion de examen_San-Luis\Backend\src\main\java\pe\edu\utp\sistemaexamenes\repository\ExamenVersionRepository.java. Using fallback presentation compiler.
2026.06.08 01:51:30 WARN  no build target for: D:\CURSOS\7MO\Desarrollo_we\Creacion de examen_San-Luis\Backend\src\main\java\pe\edu\utp\sistemaexamenes\repository\ExamenVersionRepository.java
2026.06.08 01:51:30 WARN  Running javac-semanticdb failed for file:///D:/CURSOS/7MO/Desarrollo_we/Creacion%20de%20examen_San-Luis/Backend/src/main/java/pe/edu/utp/sistemaexamenes/repository/ExamenVersionRepository.java. Output:

2026.06.08 01:51:29 INFO  no build target found for D:\CURSOS\7MO\Desarrollo_we\Creacion de examen_San-Luis\Backend\src\main\java\pe\edu\utp\sistemaexamenes\repository\ExamenVersionRepository.java. Using fallback presentation compiler.
2026.06.08 01:51:30 INFO  no build target found for D:\CURSOS\7MO\Desarrollo_we\Creacion de examen_San-Luis\Backend\src\main\java\pe\edu\utp\sistemaexamenes\repository\ExamenVersionRepository.java. Using fallback presentation compiler.
2026.06.08 01:51:29 INFO  no build target found for D:\CURSOS\7MO\Desarrollo_we\Creacion de examen_San-Luis\Backend\src\main\java\pe\edu\utp\sistemaexamenes\repository\ExamenVersionRepository.java. Using fallback presentation compiler.
2026.06.08 01:52:09 INFO  no build target found for D:\CURSOS\7MO\Desarrollo_we\Creacion de examen_San-Luis\Backend\src\main\java\pe\edu\utp\sistemaexamenes\service\ExamenService.java. Using fallback presentation compiler.
2026.06.08 01:52:09 INFO  no build target found for D:\CURSOS\7MO\Desarrollo_we\Creacion de examen_San-Luis\Backend\src\main\java\pe\edu\utp\sistemaexamenes\service\ExamenService.java. Using fallback presentation compiler.
2026.06.08 01:52:09 INFO  no build target found for D:\CURSOS\7MO\Desarrollo_we\Creacion de examen_San-Luis\Backend\src\main\java\pe\edu\utp\sistemaexamenes\service\ExamenService.java. Using fallback presentation compiler.
2026.06.08 01:52:09 WARN  no build target for: D:\CURSOS\7MO\Desarrollo_we\Creacion de examen_San-Luis\Backend\src\main\java\pe\edu\utp\sistemaexamenes\service\ExamenService.java
2026.06.08 01:52:09 WARN  Running javac-semanticdb failed for file:///D:/CURSOS/7MO/Desarrollo_we/Creacion%20de%20examen_San-Luis/Backend/src/main/java/pe/edu/utp/sistemaexamenes/service/ExamenService.java. Output:

2026.06.08 01:52:09 INFO  no build target found for D:\CURSOS\7MO\Desarrollo_we\Creacion de examen_San-Luis\Backend\src\main\java\pe\edu\utp\sistemaexamenes\service\ExamenService.java. Using fallback presentation compiler.
2026.06.08 01:52:09 INFO  no build target found for D:\CURSOS\7MO\Desarrollo_we\Creacion de examen_San-Luis\Backend\src\main\java\pe\edu\utp\sistemaexamenes\service\ExamenService.java. Using fallback presentation compiler.
2026.06.08 01:52:09 INFO  no build target found for D:\CURSOS\7MO\Desarrollo_we\Creacion de examen_San-Luis\Backend\src\main\java\pe\edu\utp\sistemaexamenes\service\ExamenService.java. Using fallback presentation compiler.
2026.06.08 01:52:11 INFO  no build target found for D:\CURSOS\7MO\Desarrollo_we\Creacion de examen_San-Luis\Backend\src\main\java\pe\edu\utp\sistemaexamenes\mapper\ExamenMapper.java. Using fallback presentation compiler.
2026.06.08 01:52:11 INFO  no build target found for D:\CURSOS\7MO\Desarrollo_we\Creacion de examen_San-Luis\Backend\src\main\java\pe\edu\utp\sistemaexamenes\mapper\ExamenMapper.java. Using fallback presentation compiler.
2026.06.08 01:52:11 INFO  no build target found for D:\CURSOS\7MO\Desarrollo_we\Creacion de examen_San-Luis\Backend\src\main\java\pe\edu\utp\sistemaexamenes\mapper\ExamenMapper.java. Using fallback presentation compiler.
2026.06.08 01:52:11 WARN  no build target for: D:\CURSOS\7MO\Desarrollo_we\Creacion de examen_San-Luis\Backend\src\main\java\pe\edu\utp\sistemaexamenes\mapper\ExamenMapper.java
2026.06.08 01:52:11 INFO  no build target found for D:\CURSOS\7MO\Desarrollo_we\Creacion de examen_San-Luis\Backend\src\main\java\pe\edu\utp\sistemaexamenes\mapper\ExamenMapper.java. Using fallback presentation compiler.
2026.06.08 01:52:11 WARN  Running javac-semanticdb failed for file:///D:/CURSOS/7MO/Desarrollo_we/Creacion%20de%20examen_San-Luis/Backend/src/main/java/pe/edu/utp/sistemaexamenes/mapper/ExamenMapper.java. Output:

2026.06.08 01:52:11 INFO  no build target found for D:\CURSOS\7MO\Desarrollo_we\Creacion de examen_San-Luis\Backend\src\main\java\pe\edu\utp\sistemaexamenes\mapper\ExamenMapper.java. Using fallback presentation compiler.
2026.06.08 01:52:11 INFO  no build target found for D:\CURSOS\7MO\Desarrollo_we\Creacion de examen_San-Luis\Backend\src\main\java\pe\edu\utp\sistemaexamenes\mapper\ExamenMapper.java. Using fallback presentation compiler.
2026.06.08 01:53:27 INFO  no build target found for D:\CURSOS\7MO\Desarrollo_we\Creacion de examen_San-Luis\Backend\src\main\java\pe\edu\utp\sistemaexamenes\service\impl\ExamenServiceImpl.java. Using fallback presentation compiler.
2026.06.08 01:53:27 INFO  no build target found for D:\CURSOS\7MO\Desarrollo_we\Creacion de examen_San-Luis\Backend\src\main\java\pe\edu\utp\sistemaexamenes\service\impl\ExamenServiceImpl.java. Using fallback presentation compiler.
2026.06.08 01:53:27 INFO  no build target found for D:\CURSOS\7MO\Desarrollo_we\Creacion de examen_San-Luis\Backend\src\main\java\pe\edu\utp\sistemaexamenes\service\impl\ExamenServiceImpl.java. Using fallback presentation compiler.
2026.06.08 01:53:28 WARN  no build target for: D:\CURSOS\7MO\Desarrollo_we\Creacion de examen_San-Luis\Backend\src\main\java\pe\edu\utp\sistemaexamenes\service\impl\ExamenServiceImpl.java
2026.06.08 01:53:27 INFO  no build target found for D:\CURSOS\7MO\Desarrollo_we\Creacion de examen_San-Luis\Backend\src\main\java\pe\edu\utp\sistemaexamenes\service\impl\ExamenServiceImpl.java. Using fallback presentation compiler.
2026.06.08 01:53:27 WARN  Running javac-semanticdb failed for file:///D:/CURSOS/7MO/Desarrollo_we/Creacion%20de%20examen_San-Luis/Backend/src/main/java/pe/edu/utp/sistemaexamenes/service/impl/ExamenServiceImpl.java. Output:

2026.06.08 01:53:27 INFO  no build target found for D:\CURSOS\7MO\Desarrollo_we\Creacion de examen_San-Luis\Backend\src\main\java\pe\edu\utp\sistemaexamenes\service\impl\ExamenServiceImpl.java. Using fallback presentation compiler.
2026.06.08 01:53:27 INFO  no build target found for D:\CURSOS\7MO\Desarrollo_we\Creacion de examen_San-Luis\Backend\src\main\java\pe\edu\utp\sistemaexamenes\service\impl\ExamenServiceImpl.java. Using fallback presentation compiler.
2026.06.08 01:53:43 INFO  no build target found for D:\CURSOS\7MO\Desarrollo_we\Creacion de examen_San-Luis\Backend\src\main\java\pe\edu\utp\sistemaexamenes\controller\ExamenController.java. Using fallback presentation compiler.
2026.06.08 01:53:43 INFO  no build target found for D:\CURSOS\7MO\Desarrollo_we\Creacion de examen_San-Luis\Backend\src\main\java\pe\edu\utp\sistemaexamenes\controller\ExamenController.java. Using fallback presentation compiler.
2026.06.08 01:53:43 INFO  no build target found for D:\CURSOS\7MO\Desarrollo_we\Creacion de examen_San-Luis\Backend\src\main\java\pe\edu\utp\sistemaexamenes\controller\ExamenController.java. Using fallback presentation compiler.
2026.06.08 01:53:44 WARN  no build target for: D:\CURSOS\7MO\Desarrollo_we\Creacion de examen_San-Luis\Backend\src\main\java\pe\edu\utp\sistemaexamenes\controller\ExamenController.java
2026.06.08 01:53:44 WARN  Running javac-semanticdb failed for file:///D:/CURSOS/7MO/Desarrollo_we/Creacion%20de%20examen_San-Luis/Backend/src/main/java/pe/edu/utp/sistemaexamenes/controller/ExamenController.java. Output:

2026.06.08 01:53:43 INFO  no build target found for D:\CURSOS\7MO\Desarrollo_we\Creacion de examen_San-Luis\Backend\src\main\java\pe\edu\utp\sistemaexamenes\controller\ExamenController.java. Using fallback presentation compiler.
2026.06.08 01:53:44 INFO  no build target found for D:\CURSOS\7MO\Desarrollo_we\Creacion de examen_San-Luis\Backend\src\main\java\pe\edu\utp\sistemaexamenes\controller\ExamenController.java. Using fallback presentation compiler.
2026.06.08 01:53:43 INFO  no build target found for D:\CURSOS\7MO\Desarrollo_we\Creacion de examen_San-Luis\Backend\src\main\java\pe\edu\utp\sistemaexamenes\controller\ExamenController.java. Using fallback presentation compiler.
2026.06.08 01:55:14 INFO  no build target found for D:\CURSOS\7MO\Desarrollo_we\Creacion de examen_San-Luis\Backend\src\main\java\pe\edu\utp\sistemaexamenes\model\ExamenPregunta.java. Using fallback presentation compiler.
2026.06.08 01:55:14 INFO  no build target found for D:\CURSOS\7MO\Desarrollo_we\Creacion de examen_San-Luis\Backend\src\main\java\pe\edu\utp\sistemaexamenes\model\ExamenPregunta.java. Using fallback presentation compiler.
2026.06.08 01:55:14 INFO  no build target found for D:\CURSOS\7MO\Desarrollo_we\Creacion de examen_San-Luis\Backend\src\main\java\pe\edu\utp\sistemaexamenes\model\ExamenPregunta.java. Using fallback presentation compiler.
2026.06.08 01:55:14 INFO  no build target found for D:\CURSOS\7MO\Desarrollo_we\Creacion de examen_San-Luis\Backend\src\main\java\pe\edu\utp\sistemaexamenes\model\ExamenPregunta.java. Using fallback presentation compiler.
2026.06.08 01:55:14 INFO  no build target found for D:\CURSOS\7MO\Desarrollo_we\Creacion de examen_San-Luis\Backend\src\main\java\pe\edu\utp\sistemaexamenes\model\ExamenPregunta.java. Using fallback presentation compiler.
2026.06.08 01:55:15 INFO  no build target found for D:\CURSOS\7MO\Desarrollo_we\Creacion de examen_San-Luis\Backend\src\main\java\pe\edu\utp\sistemaexamenes\model\ExamenPregunta.java. Using fallback presentation compiler.
2026.06.08 01:55:14 INFO  no build target found for D:\CURSOS\7MO\Desarrollo_we\Creacion de examen_San-Luis\Backend\src\main\java\pe\edu\utp\sistemaexamenes\model\ExamenPregunta.java. Using fallback presentation compiler.
2026.06.08 01:55:15 WARN  no build target for: D:\CURSOS\7MO\Desarrollo_we\Creacion de examen_San-Luis\Backend\src\main\java\pe\edu\utp\sistemaexamenes\model\ExamenPregunta.java
2026.06.08 01:55:15 WARN  Running javac-semanticdb failed for file:///D:/CURSOS/7MO/Desarrollo_we/Creacion%20de%20examen_San-Luis/Backend/src/main/java/pe/edu/utp/sistemaexamenes/model/ExamenPregunta.java. Output:

2026.06.08 01:55:14 INFO  no build target found for D:\CURSOS\7MO\Desarrollo_we\Creacion de examen_San-Luis\Backend\src\main\java\pe\edu\utp\sistemaexamenes\model\ExamenPregunta.java. Using fallback presentation compiler.
2026.06.08 01:55:15 INFO  no build target found for D:\CURSOS\7MO\Desarrollo_we\Creacion de examen_San-Luis\Backend\src\main\java\pe\edu\utp\sistemaexamenes\model\ExamenPregunta.java. Using fallback presentation compiler.
2026.06.08 01:55:15 INFO  no build target found for D:\CURSOS\7MO\Desarrollo_we\Creacion de examen_San-Luis\Backend\src\main\java\pe\edu\utp\sistemaexamenes\model\ExamenPregunta.java. Using fallback presentation compiler.
2026.06.08 01:55:15 INFO  no build target found for D:\CURSOS\7MO\Desarrollo_we\Creacion de examen_San-Luis\Backend\src\main\java\pe\edu\utp\sistemaexamenes\model\ExamenPregunta.java. Using fallback presentation compiler.
2026.06.08 02:04:47 INFO  no build target found for D:\CURSOS\7MO\Desarrollo_we\Creacion de examen_San-Luis\Backend\src\main\java\pe\edu\utp\sistemaexamenes\config\TestDataSeeder.java. Using fallback presentation compiler.
2026.06.08 02:04:47 INFO  no build target found for D:\CURSOS\7MO\Desarrollo_we\Creacion de examen_San-Luis\Backend\src\main\java\pe\edu\utp\sistemaexamenes\config\TestDataSeeder.java. Using fallback presentation compiler.
2026.06.08 02:04:47 INFO  no build target found for D:\CURSOS\7MO\Desarrollo_we\Creacion de examen_San-Luis\Backend\src\main\java\pe\edu\utp\sistemaexamenes\config\TestDataSeeder.java. Using fallback presentation compiler.
2026.06.08 02:04:47 WARN  no build target for: D:\CURSOS\7MO\Desarrollo_we\Creacion de examen_San-Luis\Backend\src\main\java\pe\edu\utp\sistemaexamenes\config\TestDataSeeder.java
2026.06.08 02:04:47 INFO  no build target found for D:\CURSOS\7MO\Desarrollo_we\Creacion de examen_San-Luis\Backend\src\main\java\pe\edu\utp\sistemaexamenes\config\TestDataSeeder.java. Using fallback presentation compiler.
2026.06.08 02:04:48 WARN  Running javac-semanticdb failed for file:///D:/CURSOS/7MO/Desarrollo_we/Creacion%20de%20examen_San-Luis/Backend/src/main/java/pe/edu/utp/sistemaexamenes/config/TestDataSeeder.java. Output:

2026.06.08 02:04:47 INFO  no build target found for D:\CURSOS\7MO\Desarrollo_we\Creacion de examen_San-Luis\Backend\src\main\java\pe\edu\utp\sistemaexamenes\config\TestDataSeeder.java. Using fallback presentation compiler.
2026.06.08 02:04:48 INFO  no build target found for D:\CURSOS\7MO\Desarrollo_we\Creacion de examen_San-Luis\Backend\src\main\java\pe\edu\utp\sistemaexamenes\config\TestDataSeeder.java. Using fallback presentation compiler.
2026.06.08 02:15:58 INFO  no build target found for D:\CURSOS\7MO\Desarrollo_we\Creacion de examen_San-Luis\Backend\src\main\java\pe\edu\utp\sistemaexamenes\config\CorsConfig.java. Using fallback presentation compiler.
2026.06.08 02:15:58 INFO  no build target found for D:\CURSOS\7MO\Desarrollo_we\Creacion de examen_San-Luis\Backend\src\main\java\pe\edu\utp\sistemaexamenes\config\CorsConfig.java. Using fallback presentation compiler.
2026.06.08 02:15:58 INFO  no build target found for D:\CURSOS\7MO\Desarrollo_we\Creacion de examen_San-Luis\Backend\src\main\java\pe\edu\utp\sistemaexamenes\config\CorsConfig.java. Using fallback presentation compiler.
2026.06.08 02:15:58 INFO  no build target found for D:\CURSOS\7MO\Desarrollo_we\Creacion de examen_San-Luis\Backend\src\main\java\pe\edu\utp\sistemaexamenes\config\CorsConfig.java. Using fallback presentation compiler.
2026.06.08 02:15:58 INFO  no build target found for D:\CURSOS\7MO\Desarrollo_we\Creacion de examen_San-Luis\Backend\src\main\java\pe\edu\utp\sistemaexamenes\config\CorsConfig.java. Using fallback presentation compiler.
2026.06.08 02:15:59 INFO  no build target found for D:\CURSOS\7MO\Desarrollo_we\Creacion de examen_San-Luis\Backend\src\main\java\pe\edu\utp\sistemaexamenes\config\CorsConfig.java. Using fallback presentation compiler.
2026.06.08 02:15:58 INFO  no build target found for D:\CURSOS\7MO\Desarrollo_we\Creacion de examen_San-Luis\Backend\src\main\java\pe\edu\utp\sistemaexamenes\config\CorsConfig.java. Using fallback presentation compiler.
2026.06.08 02:15:58 INFO  no build target found for D:\CURSOS\7MO\Desarrollo_we\Creacion de examen_San-Luis\Backend\src\main\java\pe\edu\utp\sistemaexamenes\config\CorsConfig.java. Using fallback presentation compiler.
2026.06.08 02:15:59 WARN  no build target for: D:\CURSOS\7MO\Desarrollo_we\Creacion de examen_San-Luis\Backend\src\main\java\pe\edu\utp\sistemaexamenes\config\CorsConfig.java
2026.06.08 02:15:59 INFO  no build target found for D:\CURSOS\7MO\Desarrollo_we\Creacion de examen_San-Luis\Backend\src\main\java\pe\edu\utp\sistemaexamenes\config\CorsConfig.java. Using fallback presentation compiler.
2026.06.08 02:15:59 WARN  Running javac-semanticdb failed for file:///D:/CURSOS/7MO/Desarrollo_we/Creacion%20de%20examen_San-Luis/Backend/src/main/java/pe/edu/utp/sistemaexamenes/config/CorsConfig.java. Output:

2026.06.08 02:15:59 INFO  no build target found for D:\CURSOS\7MO\Desarrollo_we\Creacion de examen_San-Luis\Backend\src\main\java\pe\edu\utp\sistemaexamenes\config\CorsConfig.java. Using fallback presentation compiler.
2026.06.08 02:15:59 INFO  no build target found for D:\CURSOS\7MO\Desarrollo_we\Creacion de examen_San-Luis\Backend\src\main\java\pe\edu\utp\sistemaexamenes\config\CorsConfig.java. Using fallback presentation compiler.
2026.06.08 02:28:08 INFO  no build target found for D:\CURSOS\7MO\Desarrollo_we\Creacion de examen_San-Luis\Backend\src\main\java\pe\edu\utp\sistemaexamenes\model\Curso.java. Using fallback presentation compiler.
2026.06.08 02:28:08 INFO  no build target found for D:\CURSOS\7MO\Desarrollo_we\Creacion de examen_San-Luis\Backend\src\main\java\pe\edu\utp\sistemaexamenes\model\Curso.java. Using fallback presentation compiler.
2026.06.08 02:28:08 INFO  no build target found for D:\CURSOS\7MO\Desarrollo_we\Creacion de examen_San-Luis\Backend\src\main\java\pe\edu\utp\sistemaexamenes\model\Curso.java. Using fallback presentation compiler.
2026.06.08 02:28:08 INFO  no build target found for D:\CURSOS\7MO\Desarrollo_we\Creacion de examen_San-Luis\Backend\src\main\java\pe\edu\utp\sistemaexamenes\model\Curso.java. Using fallback presentation compiler.
2026.06.08 02:28:08 INFO  no build target found for D:\CURSOS\7MO\Desarrollo_we\Creacion de examen_San-Luis\Backend\src\main\java\pe\edu\utp\sistemaexamenes\model\Curso.java. Using fallback presentation compiler.
2026.06.08 02:28:09 WARN  no build target for: D:\CURSOS\7MO\Desarrollo_we\Creacion de examen_San-Luis\Backend\src\main\java\pe\edu\utp\sistemaexamenes\model\Curso.java
2026.06.08 02:28:09 WARN  Running javac-semanticdb failed for file:///D:/CURSOS/7MO/Desarrollo_we/Creacion%20de%20examen_San-Luis/Backend/src/main/java/pe/edu/utp/sistemaexamenes/model/Curso.java. Output:

2026.06.08 02:28:08 INFO  no build target found for D:\CURSOS\7MO\Desarrollo_we\Creacion de examen_San-Luis\Backend\src\main\java\pe\edu\utp\sistemaexamenes\model\Curso.java. Using fallback presentation compiler.
2026.06.08 02:28:09 INFO  no build target found for D:\CURSOS\7MO\Desarrollo_we\Creacion de examen_San-Luis\Backend\src\main\java\pe\edu\utp\sistemaexamenes\model\Curso.java. Using fallback presentation compiler.
2026.06.08 02:28:10 INFO  no build target found for D:\CURSOS\7MO\Desarrollo_we\Creacion de examen_San-Luis\Backend\src\main\java\pe\edu\utp\sistemaexamenes\model\Curso.java. Using fallback presentation compiler.
2026.06.08 02:28:10 INFO  no build target found for D:\CURSOS\7MO\Desarrollo_we\Creacion de examen_San-Luis\Backend\src\main\java\pe\edu\utp\sistemaexamenes\model\CategoriaExamen.java. Using fallback presentation compiler.
2026.06.08 02:28:10 INFO  no build target found for D:\CURSOS\7MO\Desarrollo_we\Creacion de examen_San-Luis\Backend\src\main\java\pe\edu\utp\sistemaexamenes\model\CategoriaExamen.java. Using fallback presentation compiler.
2026.06.08 02:28:10 INFO  no build target found for D:\CURSOS\7MO\Desarrollo_we\Creacion de examen_San-Luis\Backend\src\main\java\pe\edu\utp\sistemaexamenes\model\CategoriaExamen.java. Using fallback presentation compiler.
2026.06.08 02:28:10 INFO  no build target found for D:\CURSOS\7MO\Desarrollo_we\Creacion de examen_San-Luis\Backend\src\main\java\pe\edu\utp\sistemaexamenes\model\CategoriaExamen.java. Using fallback presentation compiler.
2026.06.08 02:28:11 INFO  no build target found for D:\CURSOS\7MO\Desarrollo_we\Creacion de examen_San-Luis\Backend\src\main\java\pe\edu\utp\sistemaexamenes\model\CategoriaExamen.java. Using fallback presentation compiler.
2026.06.08 02:28:11 WARN  no build target for: D:\CURSOS\7MO\Desarrollo_we\Creacion de examen_San-Luis\Backend\src\main\java\pe\edu\utp\sistemaexamenes\model\CategoriaExamen.java
2026.06.08 02:28:11 WARN  Running javac-semanticdb failed for file:///D:/CURSOS/7MO/Desarrollo_we/Creacion%20de%20examen_San-Luis/Backend/src/main/java/pe/edu/utp/sistemaexamenes/model/CategoriaExamen.java. Output:

2026.06.08 02:28:11 INFO  no build target found for D:\CURSOS\7MO\Desarrollo_we\Creacion de examen_San-Luis\Backend\src\main\java\pe\edu\utp\sistemaexamenes\model\CategoriaExamen.java. Using fallback presentation compiler.
2026.06.08 02:28:11 INFO  no build target found for D:\CURSOS\7MO\Desarrollo_we\Creacion de examen_San-Luis\Backend\src\main\java\pe\edu\utp\sistemaexamenes\model\CategoriaExamen.java. Using fallback presentation compiler.
2026.06.08 02:28:11 INFO  no build target found for D:\CURSOS\7MO\Desarrollo_we\Creacion de examen_San-Luis\Backend\src\main\java\pe\edu\utp\sistemaexamenes\model\CategoriaExamen.java. Using fallback presentation compiler.
2026.06.08 02:28:13 INFO  no build target found for D:\CURSOS\7MO\Desarrollo_we\Creacion de examen_San-Luis\Backend\src\main\java\pe\edu\utp\sistemaexamenes\model\CategoriaCurso.java. Using fallback presentation compiler.
2026.06.08 02:28:13 INFO  no build target found for D:\CURSOS\7MO\Desarrollo_we\Creacion de examen_San-Luis\Backend\src\main\java\pe\edu\utp\sistemaexamenes\model\CategoriaCurso.java. Using fallback presentation compiler.
2026.06.08 02:28:13 WARN  no build target for: D:\CURSOS\7MO\Desarrollo_we\Creacion de examen_San-Luis\Backend\src\main\java\pe\edu\utp\sistemaexamenes\model\CategoriaCurso.java
2026.06.08 02:28:13 WARN  Running javac-semanticdb failed for file:///D:/CURSOS/7MO/Desarrollo_we/Creacion%20de%20examen_San-Luis/Backend/src/main/java/pe/edu/utp/sistemaexamenes/model/CategoriaCurso.java. Output:

2026.06.08 02:28:13 INFO  no build target found for D:\CURSOS\7MO\Desarrollo_we\Creacion de examen_San-Luis\Backend\src\main\java\pe\edu\utp\sistemaexamenes\model\CategoriaCurso.java. Using fallback presentation compiler.
2026.06.08 02:28:13 INFO  no build target found for D:\CURSOS\7MO\Desarrollo_we\Creacion de examen_San-Luis\Backend\src\main\java\pe\edu\utp\sistemaexamenes\model\CategoriaCurso.java. Using fallback presentation compiler.
2026.06.08 02:28:13 INFO  no build target found for D:\CURSOS\7MO\Desarrollo_we\Creacion de examen_San-Luis\Backend\src\main\java\pe\edu\utp\sistemaexamenes\model\CategoriaCurso.java. Using fallback presentation compiler.
2026.06.08 02:28:15 INFO  no build target found for D:\CURSOS\7MO\Desarrollo_we\Creacion de examen_San-Luis\Backend\src\main\java\pe\edu\utp\sistemaexamenes\repository\CategoriaCursoRepository.java. Using fallback presentation compiler.
2026.06.08 02:28:15 WARN  no build target for: D:\CURSOS\7MO\Desarrollo_we\Creacion de examen_San-Luis\Backend\src\main\java\pe\edu\utp\sistemaexamenes\repository\CategoriaCursoRepository.java
2026.06.08 02:28:15 WARN  Running javac-semanticdb failed for file:///D:/CURSOS/7MO/Desarrollo_we/Creacion%20de%20examen_San-Luis/Backend/src/main/java/pe/edu/utp/sistemaexamenes/repository/CategoriaCursoRepository.java. Output:

2026.06.08 02:28:15 INFO  no build target found for D:\CURSOS\7MO\Desarrollo_we\Creacion de examen_San-Luis\Backend\src\main\java\pe\edu\utp\sistemaexamenes\repository\CategoriaCursoRepository.java. Using fallback presentation compiler.
2026.06.08 02:28:15 INFO  no build target found for D:\CURSOS\7MO\Desarrollo_we\Creacion de examen_San-Luis\Backend\src\main\java\pe\edu\utp\sistemaexamenes\repository\CategoriaCursoRepository.java. Using fallback presentation compiler.
2026.06.08 02:28:15 INFO  no build target found for D:\CURSOS\7MO\Desarrollo_we\Creacion de examen_San-Luis\Backend\src\main\java\pe\edu\utp\sistemaexamenes\repository\CategoriaCursoRepository.java. Using fallback presentation compiler.
2026.06.08 02:28:33 INFO  no build target found for D:\CURSOS\7MO\Desarrollo_we\Creacion de examen_San-Luis\Backend\src\main\java\pe\edu\utp\sistemaexamenes\dto\request\CursoRequest.java. Using fallback presentation compiler.
2026.06.08 02:28:33 INFO  no build target found for D:\CURSOS\7MO\Desarrollo_we\Creacion de examen_San-Luis\Backend\src\main\java\pe\edu\utp\sistemaexamenes\dto\request\CursoRequest.java. Using fallback presentation compiler.
2026.06.08 02:28:33 INFO  no build target found for D:\CURSOS\7MO\Desarrollo_we\Creacion de examen_San-Luis\Backend\src\main\java\pe\edu\utp\sistemaexamenes\dto\request\CursoRequest.java. Using fallback presentation compiler.
2026.06.08 02:28:33 INFO  no build target found for D:\CURSOS\7MO\Desarrollo_we\Creacion de examen_San-Luis\Backend\src\main\java\pe\edu\utp\sistemaexamenes\dto\request\CursoRequest.java. Using fallback presentation compiler.
2026.06.08 02:28:33 INFO  no build target found for D:\CURSOS\7MO\Desarrollo_we\Creacion de examen_San-Luis\Backend\src\main\java\pe\edu\utp\sistemaexamenes\dto\request\CursoRequest.java. Using fallback presentation compiler.
2026.06.08 02:28:34 INFO  no build target found for D:\CURSOS\7MO\Desarrollo_we\Creacion de examen_San-Luis\Backend\src\main\java\pe\edu\utp\sistemaexamenes\dto\request\CursoRequest.java. Using fallback presentation compiler.
2026.06.08 02:28:33 INFO  no build target found for D:\CURSOS\7MO\Desarrollo_we\Creacion de examen_San-Luis\Backend\src\main\java\pe\edu\utp\sistemaexamenes\dto\request\CursoRequest.java. Using fallback presentation compiler.
2026.06.08 02:28:34 WARN  no build target for: D:\CURSOS\7MO\Desarrollo_we\Creacion de examen_San-Luis\Backend\src\main\java\pe\edu\utp\sistemaexamenes\dto\request\CursoRequest.java
2026.06.08 02:28:34 WARN  Running javac-semanticdb failed for file:///D:/CURSOS/7MO/Desarrollo_we/Creacion%20de%20examen_San-Luis/Backend/src/main/java/pe/edu/utp/sistemaexamenes/dto/request/CursoRequest.java. Output:

2026.06.08 02:28:33 INFO  no build target found for D:\CURSOS\7MO\Desarrollo_we\Creacion de examen_San-Luis\Backend\src\main\java\pe\edu\utp\sistemaexamenes\dto\request\CursoRequest.java. Using fallback presentation compiler.
2026.06.08 02:28:34 INFO  no build target found for D:\CURSOS\7MO\Desarrollo_we\Creacion de examen_San-Luis\Backend\src\main\java\pe\edu\utp\sistemaexamenes\dto\request\CursoRequest.java. Using fallback presentation compiler.
2026.06.08 02:28:35 INFO  no build target found for D:\CURSOS\7MO\Desarrollo_we\Creacion de examen_San-Luis\Backend\src\main\java\pe\edu\utp\sistemaexamenes\dto\request\CursoRequest.java. Using fallback presentation compiler.
2026.06.08 02:28:35 INFO  no build target found for D:\CURSOS\7MO\Desarrollo_we\Creacion de examen_San-Luis\Backend\src\main\java\pe\edu\utp\sistemaexamenes\dto\response\CursoResponse.java. Using fallback presentation compiler.
2026.06.08 02:28:35 INFO  no build target found for D:\CURSOS\7MO\Desarrollo_we\Creacion de examen_San-Luis\Backend\src\main\java\pe\edu\utp\sistemaexamenes\dto\response\CursoResponse.java. Using fallback presentation compiler.
2026.06.08 02:28:35 INFO  no build target found for D:\CURSOS\7MO\Desarrollo_we\Creacion de examen_San-Luis\Backend\src\main\java\pe\edu\utp\sistemaexamenes\dto\response\CursoResponse.java. Using fallback presentation compiler.
2026.06.08 02:28:35 INFO  no build target found for D:\CURSOS\7MO\Desarrollo_we\Creacion de examen_San-Luis\Backend\src\main\java\pe\edu\utp\sistemaexamenes\dto\response\CursoResponse.java. Using fallback presentation compiler.
2026.06.08 02:28:35 INFO  no build target found for D:\CURSOS\7MO\Desarrollo_we\Creacion de examen_San-Luis\Backend\src\main\java\pe\edu\utp\sistemaexamenes\dto\response\CursoResponse.java. Using fallback presentation compiler.
2026.06.08 02:28:35 WARN  no build target for: D:\CURSOS\7MO\Desarrollo_we\Creacion de examen_San-Luis\Backend\src\main\java\pe\edu\utp\sistemaexamenes\dto\response\CursoResponse.java
2026.06.08 02:28:35 WARN  Running javac-semanticdb failed for file:///D:/CURSOS/7MO/Desarrollo_we/Creacion%20de%20examen_San-Luis/Backend/src/main/java/pe/edu/utp/sistemaexamenes/dto/response/CursoResponse.java. Output:

2026.06.08 02:28:36 INFO  no build target found for D:\CURSOS\7MO\Desarrollo_we\Creacion de examen_San-Luis\Backend\src\main\java\pe\edu\utp\sistemaexamenes\dto\response\CursoResponse.java. Using fallback presentation compiler.
2026.06.08 02:28:36 INFO  no build target found for D:\CURSOS\7MO\Desarrollo_we\Creacion de examen_San-Luis\Backend\src\main\java\pe\edu\utp\sistemaexamenes\dto\response\CursoResponse.java. Using fallback presentation compiler.
2026.06.08 02:28:36 INFO  no build target found for D:\CURSOS\7MO\Desarrollo_we\Creacion de examen_San-Luis\Backend\src\main\java\pe\edu\utp\sistemaexamenes\dto\response\CursoResponse.java. Using fallback presentation compiler.
2026.06.08 02:28:37 INFO  no build target found for D:\CURSOS\7MO\Desarrollo_we\Creacion de examen_San-Luis\Backend\src\main\java\pe\edu\utp\sistemaexamenes\mapper\CursoMapper.java. Using fallback presentation compiler.
2026.06.08 02:28:37 INFO  no build target found for D:\CURSOS\7MO\Desarrollo_we\Creacion de examen_San-Luis\Backend\src\main\java\pe\edu\utp\sistemaexamenes\mapper\CursoMapper.java. Using fallback presentation compiler.
2026.06.08 02:28:37 INFO  no build target found for D:\CURSOS\7MO\Desarrollo_we\Creacion de examen_San-Luis\Backend\src\main\java\pe\edu\utp\sistemaexamenes\mapper\CursoMapper.java. Using fallback presentation compiler.
2026.06.08 02:28:37 INFO  no build target found for D:\CURSOS\7MO\Desarrollo_we\Creacion de examen_San-Luis\Backend\src\main\java\pe\edu\utp\sistemaexamenes\mapper\CursoMapper.java. Using fallback presentation compiler.
2026.06.08 02:28:37 INFO  no build target found for D:\CURSOS\7MO\Desarrollo_we\Creacion de examen_San-Luis\Backend\src\main\java\pe\edu\utp\sistemaexamenes\mapper\CursoMapper.java. Using fallback presentation compiler.
2026.06.08 02:28:37 WARN  no build target for: D:\CURSOS\7MO\Desarrollo_we\Creacion de examen_San-Luis\Backend\src\main\java\pe\edu\utp\sistemaexamenes\mapper\CursoMapper.java
2026.06.08 02:28:37 WARN  Running javac-semanticdb failed for file:///D:/CURSOS/7MO/Desarrollo_we/Creacion%20de%20examen_San-Luis/Backend/src/main/java/pe/edu/utp/sistemaexamenes/mapper/CursoMapper.java. Output:

2026.06.08 02:28:37 INFO  no build target found for D:\CURSOS\7MO\Desarrollo_we\Creacion de examen_San-Luis\Backend\src\main\java\pe\edu\utp\sistemaexamenes\mapper\CursoMapper.java. Using fallback presentation compiler.
2026.06.08 02:28:38 INFO  no build target found for D:\CURSOS\7MO\Desarrollo_we\Creacion de examen_San-Luis\Backend\src\main\java\pe\edu\utp\sistemaexamenes\mapper\CursoMapper.java. Using fallback presentation compiler.
2026.06.08 02:28:39 INFO  no build target found for D:\CURSOS\7MO\Desarrollo_we\Creacion de examen_San-Luis\Backend\src\main\java\pe\edu\utp\sistemaexamenes\mapper\CursoMapper.java. Using fallback presentation compiler.
2026.06.08 02:28:39 INFO  no build target found for D:\CURSOS\7MO\Desarrollo_we\Creacion de examen_San-Luis\Backend\src\main\java\pe\edu\utp\sistemaexamenes\mapper\CursoMapper.java. Using fallback presentation compiler.
2026.06.08 02:28:39 INFO  no build target found for D:\CURSOS\7MO\Desarrollo_we\Creacion de examen_San-Luis\Backend\src\main\java\pe\edu\utp\sistemaexamenes\repository\CursoRepository.java. Using fallback presentation compiler.
2026.06.08 02:28:39 INFO  no build target found for D:\CURSOS\7MO\Desarrollo_we\Creacion de examen_San-Luis\Backend\src\main\java\pe\edu\utp\sistemaexamenes\repository\CursoRepository.java. Using fallback presentation compiler.
2026.06.08 02:28:39 INFO  no build target found for D:\CURSOS\7MO\Desarrollo_we\Creacion de examen_San-Luis\Backend\src\main\java\pe\edu\utp\sistemaexamenes\repository\CursoRepository.java. Using fallback presentation compiler.
2026.06.08 02:28:39 INFO  no build target found for D:\CURSOS\7MO\Desarrollo_we\Creacion de examen_San-Luis\Backend\src\main\java\pe\edu\utp\sistemaexamenes\repository\CursoRepository.java. Using fallback presentation compiler.
2026.06.08 02:28:39 INFO  no build target found for D:\CURSOS\7MO\Desarrollo_we\Creacion de examen_San-Luis\Backend\src\main\java\pe\edu\utp\sistemaexamenes\repository\CursoRepository.java. Using fallback presentation compiler.
2026.06.08 02:28:39 WARN  no build target for: D:\CURSOS\7MO\Desarrollo_we\Creacion de examen_San-Luis\Backend\src\main\java\pe\edu\utp\sistemaexamenes\repository\CursoRepository.java
2026.06.08 02:28:39 WARN  Running javac-semanticdb failed for file:///D:/CURSOS/7MO/Desarrollo_we/Creacion%20de%20examen_San-Luis/Backend/src/main/java/pe/edu/utp/sistemaexamenes/repository/CursoRepository.java. Output:

2026.06.08 02:28:40 INFO  no build target found for D:\CURSOS\7MO\Desarrollo_we\Creacion de examen_San-Luis\Backend\src\main\java\pe\edu\utp\sistemaexamenes\repository\CursoRepository.java. Using fallback presentation compiler.
2026.06.08 02:28:40 INFO  no build target found for D:\CURSOS\7MO\Desarrollo_we\Creacion de examen_San-Luis\Backend\src\main\java\pe\edu\utp\sistemaexamenes\repository\CursoRepository.java. Using fallback presentation compiler.
2026.06.08 02:28:41 INFO  no build target found for D:\CURSOS\7MO\Desarrollo_we\Creacion de examen_San-Luis\Backend\src\main\java\pe\edu\utp\sistemaexamenes\repository\CursoRepository.java. Using fallback presentation compiler.
2026.06.08 02:29:17 INFO  no build target found for D:\CURSOS\7MO\Desarrollo_we\Creacion de examen_San-Luis\Backend\src\main\java\pe\edu\utp\sistemaexamenes\dto\request\CategoriaCursoRequest.java. Using fallback presentation compiler.
2026.06.08 02:29:17 WARN  no build target for: D:\CURSOS\7MO\Desarrollo_we\Creacion de examen_San-Luis\Backend\src\main\java\pe\edu\utp\sistemaexamenes\dto\request\CategoriaCursoRequest.java
2026.06.08 02:29:17 WARN  Running javac-semanticdb failed for file:///D:/CURSOS/7MO/Desarrollo_we/Creacion%20de%20examen_San-Luis/Backend/src/main/java/pe/edu/utp/sistemaexamenes/dto/request/CategoriaCursoRequest.java. Output:

2026.06.08 02:29:17 INFO  no build target found for D:\CURSOS\7MO\Desarrollo_we\Creacion de examen_San-Luis\Backend\src\main\java\pe\edu\utp\sistemaexamenes\dto\request\CategoriaCursoRequest.java. Using fallback presentation compiler.
2026.06.08 02:29:17 INFO  no build target found for D:\CURSOS\7MO\Desarrollo_we\Creacion de examen_San-Luis\Backend\src\main\java\pe\edu\utp\sistemaexamenes\dto\request\CategoriaCursoRequest.java. Using fallback presentation compiler.
2026.06.08 02:29:17 INFO  no build target found for D:\CURSOS\7MO\Desarrollo_we\Creacion de examen_San-Luis\Backend\src\main\java\pe\edu\utp\sistemaexamenes\dto\request\CategoriaCursoRequest.java. Using fallback presentation compiler.
2026.06.08 02:29:18 INFO  no build target found for D:\CURSOS\7MO\Desarrollo_we\Creacion de examen_San-Luis\Backend\src\main\java\pe\edu\utp\sistemaexamenes\service\CategoriaExamenService.java. Using fallback presentation compiler.
2026.06.08 02:29:18 INFO  no build target found for D:\CURSOS\7MO\Desarrollo_we\Creacion de examen_San-Luis\Backend\src\main\java\pe\edu\utp\sistemaexamenes\service\CategoriaExamenService.java. Using fallback presentation compiler.
2026.06.08 02:29:18 INFO  no build target found for D:\CURSOS\7MO\Desarrollo_we\Creacion de examen_San-Luis\Backend\src\main\java\pe\edu\utp\sistemaexamenes\service\CategoriaExamenService.java. Using fallback presentation compiler.
2026.06.08 02:29:18 INFO  no build target found for D:\CURSOS\7MO\Desarrollo_we\Creacion de examen_San-Luis\Backend\src\main\java\pe\edu\utp\sistemaexamenes\service\CategoriaExamenService.java. Using fallback presentation compiler.
2026.06.08 02:29:18 INFO  no build target found for D:\CURSOS\7MO\Desarrollo_we\Creacion de examen_San-Luis\Backend\src\main\java\pe\edu\utp\sistemaexamenes\service\CategoriaExamenService.java. Using fallback presentation compiler.
2026.06.08 02:29:18 INFO  no build target found for D:\CURSOS\7MO\Desarrollo_we\Creacion de examen_San-Luis\Backend\src\main\java\pe\edu\utp\sistemaexamenes\service\CategoriaExamenService.java. Using fallback presentation compiler.
2026.06.08 02:29:19 INFO  no build target found for D:\CURSOS\7MO\Desarrollo_we\Creacion de examen_San-Luis\Backend\src\main\java\pe\edu\utp\sistemaexamenes\service\CategoriaExamenService.java. Using fallback presentation compiler.
2026.06.08 02:29:19 WARN  no build target for: D:\CURSOS\7MO\Desarrollo_we\Creacion de examen_San-Luis\Backend\src\main\java\pe\edu\utp\sistemaexamenes\service\CategoriaExamenService.java
2026.06.08 02:29:19 WARN  Running javac-semanticdb failed for file:///D:/CURSOS/7MO/Desarrollo_we/Creacion%20de%20examen_San-Luis/Backend/src/main/java/pe/edu/utp/sistemaexamenes/service/CategoriaExamenService.java. Output:

2026.06.08 02:29:18 INFO  no build target found for D:\CURSOS\7MO\Desarrollo_we\Creacion de examen_San-Luis\Backend\src\main\java\pe\edu\utp\sistemaexamenes\service\CategoriaExamenService.java. Using fallback presentation compiler.
2026.06.08 02:29:19 INFO  no build target found for D:\CURSOS\7MO\Desarrollo_we\Creacion de examen_San-Luis\Backend\src\main\java\pe\edu\utp\sistemaexamenes\service\CategoriaExamenService.java. Using fallback presentation compiler.
2026.06.08 02:29:20 INFO  no build target found for D:\CURSOS\7MO\Desarrollo_we\Creacion de examen_San-Luis\Backend\src\main\java\pe\edu\utp\sistemaexamenes\service\CategoriaExamenService.java. Using fallback presentation compiler.
2026.06.08 02:29:20 INFO  no build target found for D:\CURSOS\7MO\Desarrollo_we\Creacion de examen_San-Luis\Backend\src\main\java\pe\edu\utp\sistemaexamenes\service\impl\CategoriaExamenServiceImpl.java. Using fallback presentation compiler.
2026.06.08 02:29:20 INFO  no build target found for D:\CURSOS\7MO\Desarrollo_we\Creacion de examen_San-Luis\Backend\src\main\java\pe\edu\utp\sistemaexamenes\service\impl\CategoriaExamenServiceImpl.java. Using fallback presentation compiler.
2026.06.08 02:29:20 INFO  no build target found for D:\CURSOS\7MO\Desarrollo_we\Creacion de examen_San-Luis\Backend\src\main\java\pe\edu\utp\sistemaexamenes\service\impl\CategoriaExamenServiceImpl.java. Using fallback presentation compiler.
2026.06.08 02:29:20 INFO  no build target found for D:\CURSOS\7MO\Desarrollo_we\Creacion de examen_San-Luis\Backend\src\main\java\pe\edu\utp\sistemaexamenes\service\impl\CategoriaExamenServiceImpl.java. Using fallback presentation compiler.
2026.06.08 02:29:21 WARN  no build target for: D:\CURSOS\7MO\Desarrollo_we\Creacion de examen_San-Luis\Backend\src\main\java\pe\edu\utp\sistemaexamenes\service\impl\CategoriaExamenServiceImpl.java
2026.06.08 02:29:21 WARN  Running javac-semanticdb failed for file:///D:/CURSOS/7MO/Desarrollo_we/Creacion%20de%20examen_San-Luis/Backend/src/main/java/pe/edu/utp/sistemaexamenes/service/impl/CategoriaExamenServiceImpl.java. Output:

2026.06.08 02:29:21 INFO  no build target found for D:\CURSOS\7MO\Desarrollo_we\Creacion de examen_San-Luis\Backend\src\main\java\pe\edu\utp\sistemaexamenes\service\impl\CategoriaExamenServiceImpl.java. Using fallback presentation compiler.
2026.06.08 02:29:21 INFO  no build target found for D:\CURSOS\7MO\Desarrollo_we\Creacion de examen_San-Luis\Backend\src\main\java\pe\edu\utp\sistemaexamenes\service\impl\CategoriaExamenServiceImpl.java. Using fallback presentation compiler.
2026.06.08 02:29:21 INFO  no build target found for D:\CURSOS\7MO\Desarrollo_we\Creacion de examen_San-Luis\Backend\src\main\java\pe\edu\utp\sistemaexamenes\service\impl\CategoriaExamenServiceImpl.java. Using fallback presentation compiler.
2026.06.08 02:29:22 INFO  no build target found for D:\CURSOS\7MO\Desarrollo_we\Creacion de examen_San-Luis\Backend\src\main\java\pe\edu\utp\sistemaexamenes\controller\CategoriaExamenController.java. Using fallback presentation compiler.
2026.06.08 02:29:22 INFO  no build target found for D:\CURSOS\7MO\Desarrollo_we\Creacion de examen_San-Luis\Backend\src\main\java\pe\edu\utp\sistemaexamenes\controller\CategoriaExamenController.java. Using fallback presentation compiler.
2026.06.08 02:29:22 INFO  no build target found for D:\CURSOS\7MO\Desarrollo_we\Creacion de examen_San-Luis\Backend\src\main\java\pe\edu\utp\sistemaexamenes\controller\CategoriaExamenController.java. Using fallback presentation compiler.
2026.06.08 02:29:22 INFO  no build target found for D:\CURSOS\7MO\Desarrollo_we\Creacion de examen_San-Luis\Backend\src\main\java\pe\edu\utp\sistemaexamenes\controller\CategoriaExamenController.java. Using fallback presentation compiler.
2026.06.08 02:29:23 WARN  no build target for: D:\CURSOS\7MO\Desarrollo_we\Creacion de examen_San-Luis\Backend\src\main\java\pe\edu\utp\sistemaexamenes\controller\CategoriaExamenController.java
2026.06.08 02:29:22 INFO  no build target found for D:\CURSOS\7MO\Desarrollo_we\Creacion de examen_San-Luis\Backend\src\main\java\pe\edu\utp\sistemaexamenes\controller\CategoriaExamenController.java. Using fallback presentation compiler.
2026.06.08 02:29:23 WARN  Running javac-semanticdb failed for file:///D:/CURSOS/7MO/Desarrollo_we/Creacion%20de%20examen_San-Luis/Backend/src/main/java/pe/edu/utp/sistemaexamenes/controller/CategoriaExamenController.java. Output:

2026.06.08 02:29:23 INFO  no build target found for D:\CURSOS\7MO\Desarrollo_we\Creacion de examen_San-Luis\Backend\src\main\java\pe\edu\utp\sistemaexamenes\controller\CategoriaExamenController.java. Using fallback presentation compiler.
2026.06.08 02:29:24 INFO  no build target found for D:\CURSOS\7MO\Desarrollo_we\Creacion de examen_San-Luis\Backend\src\main\java\pe\edu\utp\sistemaexamenes\controller\CategoriaExamenController.java. Using fallback presentation compiler.
2026.06.08 02:29:59 INFO  no build target found for D:\CURSOS\7MO\Desarrollo_we\Creacion de examen_San-Luis\Backend\src\main\java\pe\edu\utp\sistemaexamenes\service\impl\CursoServiceImpl.java. Using fallback presentation compiler.
2026.06.08 02:29:59 INFO  no build target found for D:\CURSOS\7MO\Desarrollo_we\Creacion de examen_San-Luis\Backend\src\main\java\pe\edu\utp\sistemaexamenes\service\impl\CursoServiceImpl.java. Using fallback presentation compiler.
2026.06.08 02:29:59 INFO  no build target found for D:\CURSOS\7MO\Desarrollo_we\Creacion de examen_San-Luis\Backend\src\main\java\pe\edu\utp\sistemaexamenes\service\impl\CursoServiceImpl.java. Using fallback presentation compiler.
2026.06.08 02:29:59 INFO  no build target found for D:\CURSOS\7MO\Desarrollo_we\Creacion de examen_San-Luis\Backend\src\main\java\pe\edu\utp\sistemaexamenes\service\impl\CursoServiceImpl.java. Using fallback presentation compiler.
2026.06.08 02:29:59 WARN  no build target for: D:\CURSOS\7MO\Desarrollo_we\Creacion de examen_San-Luis\Backend\src\main\java\pe\edu\utp\sistemaexamenes\service\impl\CursoServiceImpl.java
2026.06.08 02:29:59 WARN  Running javac-semanticdb failed for file:///D:/CURSOS/7MO/Desarrollo_we/Creacion%20de%20examen_San-Luis/Backend/src/main/java/pe/edu/utp/sistemaexamenes/service/impl/CursoServiceImpl.java. Output:

2026.06.08 02:29:59 INFO  no build target found for D:\CURSOS\7MO\Desarrollo_we\Creacion de examen_San-Luis\Backend\src\main\java\pe\edu\utp\sistemaexamenes\service\impl\CursoServiceImpl.java. Using fallback presentation compiler.
2026.06.08 02:30:00 INFO  no build target found for D:\CURSOS\7MO\Desarrollo_we\Creacion de examen_San-Luis\Backend\src\main\java\pe\edu\utp\sistemaexamenes\service\impl\CursoServiceImpl.java. Using fallback presentation compiler.
2026.06.08 02:29:59 INFO  no build target found for D:\CURSOS\7MO\Desarrollo_we\Creacion de examen_San-Luis\Backend\src\main\java\pe\edu\utp\sistemaexamenes\service\impl\CursoServiceImpl.java. Using fallback presentation compiler.
2026.06.08 02:30:01 INFO  no build target found for D:\CURSOS\7MO\Desarrollo_we\Creacion de examen_San-Luis\Backend\src\main\java\pe\edu\utp\sistemaexamenes\service\impl\CursoServiceImpl.java. Using fallback presentation compiler.
2026.06.08 02:30:01 INFO  no build target found for D:\CURSOS\7MO\Desarrollo_we\Creacion de examen_San-Luis\Backend\src\main\java\pe\edu\utp\sistemaexamenes\service\impl\ExamenServiceImpl.java. Using fallback presentation compiler.
2026.06.08 02:30:01 INFO  no build target found for D:\CURSOS\7MO\Desarrollo_we\Creacion de examen_San-Luis\Backend\src\main\java\pe\edu\utp\sistemaexamenes\service\impl\ExamenServiceImpl.java. Using fallback presentation compiler.
2026.06.08 02:30:01 INFO  no build target found for D:\CURSOS\7MO\Desarrollo_we\Creacion de examen_San-Luis\Backend\src\main\java\pe\edu\utp\sistemaexamenes\service\impl\ExamenServiceImpl.java. Using fallback presentation compiler.
2026.06.08 02:30:01 INFO  no build target found for D:\CURSOS\7MO\Desarrollo_we\Creacion de examen_San-Luis\Backend\src\main\java\pe\edu\utp\sistemaexamenes\service\impl\ExamenServiceImpl.java. Using fallback presentation compiler.
2026.06.08 02:30:01 WARN  no build target for: D:\CURSOS\7MO\Desarrollo_we\Creacion de examen_San-Luis\Backend\src\main\java\pe\edu\utp\sistemaexamenes\service\impl\ExamenServiceImpl.java
2026.06.08 02:30:01 INFO  no build target found for D:\CURSOS\7MO\Desarrollo_we\Creacion de examen_San-Luis\Backend\src\main\java\pe\edu\utp\sistemaexamenes\service\impl\ExamenServiceImpl.java. Using fallback presentation compiler.
2026.06.08 02:30:01 WARN  Running javac-semanticdb failed for file:///D:/CURSOS/7MO/Desarrollo_we/Creacion%20de%20examen_San-Luis/Backend/src/main/java/pe/edu/utp/sistemaexamenes/service/impl/ExamenServiceImpl.java. Output:

2026.06.08 02:30:02 INFO  no build target found for D:\CURSOS\7MO\Desarrollo_we\Creacion de examen_San-Luis\Backend\src\main\java\pe\edu\utp\sistemaexamenes\service\impl\ExamenServiceImpl.java. Using fallback presentation compiler.
2026.06.08 02:30:02 INFO  no build target found for D:\CURSOS\7MO\Desarrollo_we\Creacion de examen_San-Luis\Backend\src\main\java\pe\edu\utp\sistemaexamenes\service\impl\ExamenServiceImpl.java. Using fallback presentation compiler.
2026.06.08 02:30:02 INFO  no build target found for D:\CURSOS\7MO\Desarrollo_we\Creacion de examen_San-Luis\Backend\src\main\java\pe\edu\utp\sistemaexamenes\service\impl\ExamenServiceImpl.java. Using fallback presentation compiler.
2026.06.08 02:30:03 INFO  no build target found for D:\CURSOS\7MO\Desarrollo_we\Creacion de examen_San-Luis\Backend\src\main\java\pe\edu\utp\sistemaexamenes\config\TestDataSeeder.java. Using fallback presentation compiler.
2026.06.08 02:30:03 INFO  no build target found for D:\CURSOS\7MO\Desarrollo_we\Creacion de examen_San-Luis\Backend\src\main\java\pe\edu\utp\sistemaexamenes\config\TestDataSeeder.java. Using fallback presentation compiler.
2026.06.08 02:30:03 INFO  no build target found for D:\CURSOS\7MO\Desarrollo_we\Creacion de examen_San-Luis\Backend\src\main\java\pe\edu\utp\sistemaexamenes\config\TestDataSeeder.java. Using fallback presentation compiler.
2026.06.08 02:30:03 INFO  no build target found for D:\CURSOS\7MO\Desarrollo_we\Creacion de examen_San-Luis\Backend\src\main\java\pe\edu\utp\sistemaexamenes\config\TestDataSeeder.java. Using fallback presentation compiler.
2026.06.08 02:30:03 WARN  no build target for: D:\CURSOS\7MO\Desarrollo_we\Creacion de examen_San-Luis\Backend\src\main\java\pe\edu\utp\sistemaexamenes\config\TestDataSeeder.java
2026.06.08 02:30:03 INFO  no build target found for D:\CURSOS\7MO\Desarrollo_we\Creacion de examen_San-Luis\Backend\src\main\java\pe\edu\utp\sistemaexamenes\config\TestDataSeeder.java. Using fallback presentation compiler.
2026.06.08 02:30:03 WARN  Running javac-semanticdb failed for file:///D:/CURSOS/7MO/Desarrollo_we/Creacion%20de%20examen_San-Luis/Backend/src/main/java/pe/edu/utp/sistemaexamenes/config/TestDataSeeder.java. Output:

2026.06.08 02:30:03 INFO  no build target found for D:\CURSOS\7MO\Desarrollo_we\Creacion de examen_San-Luis\Backend\src\main\java\pe\edu\utp\sistemaexamenes\config\TestDataSeeder.java. Using fallback presentation compiler.
2026.06.08 02:30:03 INFO  no build target found for D:\CURSOS\7MO\Desarrollo_we\Creacion de examen_San-Luis\Backend\src\main\java\pe\edu\utp\sistemaexamenes\config\TestDataSeeder.java. Using fallback presentation compiler.
2026.06.08 02:30:05 INFO  no build target found for D:\CURSOS\7MO\Desarrollo_we\Creacion de examen_San-Luis\Backend\src\main\java\pe\edu\utp\sistemaexamenes\config\TestDataSeeder.java. Using fallback presentation compiler.
2026.06.08 02:30:29 INFO  no build target found for D:\CURSOS\7MO\Desarrollo_we\Creacion de examen_San-Luis\Backend\src\main\java\pe\edu\utp\sistemaexamenes\repository\PreguntaRepository.java. Using fallback presentation compiler.
2026.06.08 02:30:29 INFO  no build target found for D:\CURSOS\7MO\Desarrollo_we\Creacion de examen_San-Luis\Backend\src\main\java\pe\edu\utp\sistemaexamenes\repository\PreguntaRepository.java. Using fallback presentation compiler.
2026.06.08 02:30:29 INFO  no build target found for D:\CURSOS\7MO\Desarrollo_we\Creacion de examen_San-Luis\Backend\src\main\java\pe\edu\utp\sistemaexamenes\repository\PreguntaRepository.java. Using fallback presentation compiler.
2026.06.08 02:30:29 INFO  no build target found for D:\CURSOS\7MO\Desarrollo_we\Creacion de examen_San-Luis\Backend\src\main\java\pe\edu\utp\sistemaexamenes\repository\PreguntaRepository.java. Using fallback presentation compiler.
2026.06.08 02:30:29 INFO  no build target found for D:\CURSOS\7MO\Desarrollo_we\Creacion de examen_San-Luis\Backend\src\main\java\pe\edu\utp\sistemaexamenes\repository\PreguntaRepository.java. Using fallback presentation compiler.
2026.06.08 02:30:30 WARN  no build target for: D:\CURSOS\7MO\Desarrollo_we\Creacion de examen_San-Luis\Backend\src\main\java\pe\edu\utp\sistemaexamenes\repository\PreguntaRepository.java
2026.06.08 02:30:30 WARN  Running javac-semanticdb failed for file:///D:/CURSOS/7MO/Desarrollo_we/Creacion%20de%20examen_San-Luis/Backend/src/main/java/pe/edu/utp/sistemaexamenes/repository/PreguntaRepository.java. Output:

2026.06.08 02:30:29 INFO  no build target found for D:\CURSOS\7MO\Desarrollo_we\Creacion de examen_San-Luis\Backend\src\main\java\pe\edu\utp\sistemaexamenes\repository\PreguntaRepository.java. Using fallback presentation compiler.
2026.06.08 02:30:30 INFO  no build target found for D:\CURSOS\7MO\Desarrollo_we\Creacion de examen_San-Luis\Backend\src\main\java\pe\edu\utp\sistemaexamenes\repository\PreguntaRepository.java. Using fallback presentation compiler.
2026.06.08 02:30:31 INFO  no build target found for D:\CURSOS\7MO\Desarrollo_we\Creacion de examen_San-Luis\Backend\src\main\java\pe\edu\utp\sistemaexamenes\repository\PreguntaRepository.java. Using fallback presentation compiler.
2026.06.08 02:38:45 INFO  no build target found for D:\CURSOS\7MO\Desarrollo_we\Creacion de examen_San-Luis\Backend\src\main\java\pe\edu\utp\sistemaexamenes\model\CategoriaCursoConfig.java. Using fallback presentation compiler.
2026.06.08 02:38:45 INFO  no build target found for D:\CURSOS\7MO\Desarrollo_we\Creacion de examen_San-Luis\Backend\src\main\java\pe\edu\utp\sistemaexamenes\model\CategoriaCursoConfig.java. Using fallback presentation compiler.
2026.06.08 02:38:45 INFO  no build target found for D:\CURSOS\7MO\Desarrollo_we\Creacion de examen_San-Luis\Backend\src\main\java\pe\edu\utp\sistemaexamenes\model\CategoriaCursoConfig.java. Using fallback presentation compiler.
2026.06.08 02:38:45 INFO  no build target found for D:\CURSOS\7MO\Desarrollo_we\Creacion de examen_San-Luis\Backend\src\main\java\pe\edu\utp\sistemaexamenes\model\CategoriaCursoConfig.java. Using fallback presentation compiler.
2026.06.08 02:38:45 INFO  no build target found for D:\CURSOS\7MO\Desarrollo_we\Creacion de examen_San-Luis\Backend\src\main\java\pe\edu\utp\sistemaexamenes\model\CategoriaCursoConfig.java. Using fallback presentation compiler.
2026.06.08 02:38:46 INFO  no build target found for D:\CURSOS\7MO\Desarrollo_we\Creacion de examen_San-Luis\Backend\src\main\java\pe\edu\utp\sistemaexamenes\model\CategoriaCursoConfig.java. Using fallback presentation compiler.
2026.06.08 02:38:46 WARN  no build target for: D:\CURSOS\7MO\Desarrollo_we\Creacion de examen_San-Luis\Backend\src\main\java\pe\edu\utp\sistemaexamenes\model\CategoriaCursoConfig.java
2026.06.08 02:38:47 WARN  Running javac-semanticdb failed for file:///D:/CURSOS/7MO/Desarrollo_we/Creacion%20de%20examen_San-Luis/Backend/src/main/java/pe/edu/utp/sistemaexamenes/model/CategoriaCursoConfig.java. Output:

2026.06.08 02:38:47 INFO  no build target found for D:\CURSOS\7MO\Desarrollo_we\Creacion de examen_San-Luis\Backend\src\main\java\pe\edu\utp\sistemaexamenes\model\CategoriaCursoConfig.java. Using fallback presentation compiler.
2026.06.08 02:38:47 INFO  no build target found for D:\CURSOS\7MO\Desarrollo_we\Creacion de examen_San-Luis\Backend\src\main\java\pe\edu\utp\sistemaexamenes\model\CategoriaCursoConfig.java. Using fallback presentation compiler.
2026.06.08 02:38:47 INFO  no build target found for D:\CURSOS\7MO\Desarrollo_we\Creacion de examen_San-Luis\Backend\src\main\java\pe\edu\utp\sistemaexamenes\model\CategoriaCursoConfig.java. Using fallback presentation compiler.
2026.06.08 02:38:48 INFO  no build target found for D:\CURSOS\7MO\Desarrollo_we\Creacion de examen_San-Luis\Backend\src\main\java\pe\edu\utp\sistemaexamenes\repository\CategoriaCursoConfigRepository.java. Using fallback presentation compiler.
2026.06.08 02:38:48 INFO  no build target found for D:\CURSOS\7MO\Desarrollo_we\Creacion de examen_San-Luis\Backend\src\main\java\pe\edu\utp\sistemaexamenes\repository\CategoriaCursoConfigRepository.java. Using fallback presentation compiler.
2026.06.08 02:38:48 INFO  no build target found for D:\CURSOS\7MO\Desarrollo_we\Creacion de examen_San-Luis\Backend\src\main\java\pe\edu\utp\sistemaexamenes\repository\CategoriaCursoConfigRepository.java. Using fallback presentation compiler.
2026.06.08 02:38:49 WARN  no build target for: D:\CURSOS\7MO\Desarrollo_we\Creacion de examen_San-Luis\Backend\src\main\java\pe\edu\utp\sistemaexamenes\repository\CategoriaCursoConfigRepository.java
2026.06.08 02:38:49 WARN  Running javac-semanticdb failed for file:///D:/CURSOS/7MO/Desarrollo_we/Creacion%20de%20examen_San-Luis/Backend/src/main/java/pe/edu/utp/sistemaexamenes/repository/CategoriaCursoConfigRepository.java. Output:

2026.06.08 02:38:48 INFO  no build target found for D:\CURSOS\7MO\Desarrollo_we\Creacion de examen_San-Luis\Backend\src\main\java\pe\edu\utp\sistemaexamenes\repository\CategoriaCursoConfigRepository.java. Using fallback presentation compiler.
2026.06.08 02:38:48 INFO  no build target found for D:\CURSOS\7MO\Desarrollo_we\Creacion de examen_San-Luis\Backend\src\main\java\pe\edu\utp\sistemaexamenes\repository\CategoriaCursoConfigRepository.java. Using fallback presentation compiler.
2026.06.08 02:38:48 INFO  no build target found for D:\CURSOS\7MO\Desarrollo_we\Creacion de examen_San-Luis\Backend\src\main\java\pe\edu\utp\sistemaexamenes\repository\CategoriaCursoConfigRepository.java. Using fallback presentation compiler.
2026.06.08 02:38:51 INFO  no build target found for D:\CURSOS\7MO\Desarrollo_we\Creacion de examen_San-Luis\Backend\src\main\java\pe\edu\utp\sistemaexamenes\dto\request\CategoriaCursoConfigRequest.java. Using fallback presentation compiler.
2026.06.08 02:38:51 INFO  no build target found for D:\CURSOS\7MO\Desarrollo_we\Creacion de examen_San-Luis\Backend\src\main\java\pe\edu\utp\sistemaexamenes\dto\request\CategoriaCursoConfigRequest.java. Using fallback presentation compiler.
2026.06.08 02:38:51 INFO  no build target found for D:\CURSOS\7MO\Desarrollo_we\Creacion de examen_San-Luis\Backend\src\main\java\pe\edu\utp\sistemaexamenes\dto\request\CategoriaCursoConfigRequest.java. Using fallback presentation compiler.
2026.06.08 02:38:51 WARN  no build target for: D:\CURSOS\7MO\Desarrollo_we\Creacion de examen_San-Luis\Backend\src\main\java\pe\edu\utp\sistemaexamenes\dto\request\CategoriaCursoConfigRequest.java
2026.06.08 02:38:51 WARN  Running javac-semanticdb failed for file:///D:/CURSOS/7MO/Desarrollo_we/Creacion%20de%20examen_San-Luis/Backend/src/main/java/pe/edu/utp/sistemaexamenes/dto/request/CategoriaCursoConfigRequest.java. Output:

2026.06.08 02:38:51 INFO  no build target found for D:\CURSOS\7MO\Desarrollo_we\Creacion de examen_San-Luis\Backend\src\main\java\pe\edu\utp\sistemaexamenes\dto\request\CategoriaCursoConfigRequest.java. Using fallback presentation compiler.
2026.06.08 02:38:51 INFO  no build target found for D:\CURSOS\7MO\Desarrollo_we\Creacion de examen_San-Luis\Backend\src\main\java\pe\edu\utp\sistemaexamenes\dto\request\CategoriaCursoConfigRequest.java. Using fallback presentation compiler.
2026.06.08 02:38:51 INFO  no build target found for D:\CURSOS\7MO\Desarrollo_we\Creacion de examen_San-Luis\Backend\src\main\java\pe\edu\utp\sistemaexamenes\dto\request\CategoriaCursoConfigRequest.java. Using fallback presentation compiler.
2026.06.08 02:38:53 INFO  no build target found for D:\CURSOS\7MO\Desarrollo_we\Creacion de examen_San-Luis\Backend\src\main\java\pe\edu\utp\sistemaexamenes\dto\response\CategoriaCursoConfigResponse.java. Using fallback presentation compiler.
2026.06.08 02:38:53 INFO  no build target found for D:\CURSOS\7MO\Desarrollo_we\Creacion de examen_San-Luis\Backend\src\main\java\pe\edu\utp\sistemaexamenes\dto\response\CategoriaCursoConfigResponse.java. Using fallback presentation compiler.
2026.06.08 02:38:53 INFO  no build target found for D:\CURSOS\7MO\Desarrollo_we\Creacion de examen_San-Luis\Backend\src\main\java\pe\edu\utp\sistemaexamenes\dto\response\CategoriaCursoConfigResponse.java. Using fallback presentation compiler.
2026.06.08 02:38:53 WARN  no build target for: D:\CURSOS\7MO\Desarrollo_we\Creacion de examen_San-Luis\Backend\src\main\java\pe\edu\utp\sistemaexamenes\dto\response\CategoriaCursoConfigResponse.java
2026.06.08 02:38:53 WARN  Running javac-semanticdb failed for file:///D:/CURSOS/7MO/Desarrollo_we/Creacion%20de%20examen_San-Luis/Backend/src/main/java/pe/edu/utp/sistemaexamenes/dto/response/CategoriaCursoConfigResponse.java. Output:

2026.06.08 02:38:53 INFO  no build target found for D:\CURSOS\7MO\Desarrollo_we\Creacion de examen_San-Luis\Backend\src\main\java\pe\edu\utp\sistemaexamenes\dto\response\CategoriaCursoConfigResponse.java. Using fallback presentation compiler.
2026.06.08 02:38:53 INFO  no build target found for D:\CURSOS\7MO\Desarrollo_we\Creacion de examen_San-Luis\Backend\src\main\java\pe\edu\utp\sistemaexamenes\dto\response\CategoriaCursoConfigResponse.java. Using fallback presentation compiler.
2026.06.08 02:38:53 INFO  no build target found for D:\CURSOS\7MO\Desarrollo_we\Creacion de examen_San-Luis\Backend\src\main\java\pe\edu\utp\sistemaexamenes\dto\response\CategoriaCursoConfigResponse.java. Using fallback presentation compiler.
2026.06.08 02:39:15 INFO  no build target found for D:\CURSOS\7MO\Desarrollo_we\Creacion de examen_San-Luis\Backend\src\main\java\pe\edu\utp\sistemaexamenes\model\Curso.java. Using fallback presentation compiler.
2026.06.08 02:39:15 INFO  no build target found for D:\CURSOS\7MO\Desarrollo_we\Creacion de examen_San-Luis\Backend\src\main\java\pe\edu\utp\sistemaexamenes\model\Curso.java. Using fallback presentation compiler.
2026.06.08 02:39:15 INFO  no build target found for D:\CURSOS\7MO\Desarrollo_we\Creacion de examen_San-Luis\Backend\src\main\java\pe\edu\utp\sistemaexamenes\model\Curso.java. Using fallback presentation compiler.
2026.06.08 02:39:15 INFO  no build target found for D:\CURSOS\7MO\Desarrollo_we\Creacion de examen_San-Luis\Backend\src\main\java\pe\edu\utp\sistemaexamenes\model\Curso.java. Using fallback presentation compiler.
2026.06.08 02:39:15 INFO  no build target found for D:\CURSOS\7MO\Desarrollo_we\Creacion de examen_San-Luis\Backend\src\main\java\pe\edu\utp\sistemaexamenes\model\Curso.java. Using fallback presentation compiler.
2026.06.08 02:39:16 INFO  no build target found for D:\CURSOS\7MO\Desarrollo_we\Creacion de examen_San-Luis\Backend\src\main\java\pe\edu\utp\sistemaexamenes\model\Curso.java. Using fallback presentation compiler.
2026.06.08 02:39:15 INFO  no build target found for D:\CURSOS\7MO\Desarrollo_we\Creacion de examen_San-Luis\Backend\src\main\java\pe\edu\utp\sistemaexamenes\model\Curso.java. Using fallback presentation compiler.
2026.06.08 02:39:16 WARN  no build target for: D:\CURSOS\7MO\Desarrollo_we\Creacion de examen_San-Luis\Backend\src\main\java\pe\edu\utp\sistemaexamenes\model\Curso.java
2026.06.08 02:39:16 WARN  Running javac-semanticdb failed for file:///D:/CURSOS/7MO/Desarrollo_we/Creacion%20de%20examen_San-Luis/Backend/src/main/java/pe/edu/utp/sistemaexamenes/model/Curso.java. Output:

2026.06.08 02:39:16 INFO  no build target found for D:\CURSOS\7MO\Desarrollo_we\Creacion de examen_San-Luis\Backend\src\main\java\pe\edu\utp\sistemaexamenes\model\Curso.java. Using fallback presentation compiler.
2026.06.08 02:39:16 INFO  no build target found for D:\CURSOS\7MO\Desarrollo_we\Creacion de examen_San-Luis\Backend\src\main\java\pe\edu\utp\sistemaexamenes\model\Curso.java. Using fallback presentation compiler.
2026.06.08 02:39:16 INFO  no build target found for D:\CURSOS\7MO\Desarrollo_we\Creacion de examen_San-Luis\Backend\src\main\java\pe\edu\utp\sistemaexamenes\model\Curso.java. Using fallback presentation compiler.
2026.06.08 02:39:17 INFO  no build target found for D:\CURSOS\7MO\Desarrollo_we\Creacion de examen_San-Luis\Backend\src\main\java\pe\edu\utp\sistemaexamenes\model\CategoriaExamen.java. Using fallback presentation compiler.
2026.06.08 02:39:17 INFO  no build target found for D:\CURSOS\7MO\Desarrollo_we\Creacion de examen_San-Luis\Backend\src\main\java\pe\edu\utp\sistemaexamenes\model\CategoriaExamen.java. Using fallback presentation compiler.
2026.06.08 02:39:17 INFO  no build target found for D:\CURSOS\7MO\Desarrollo_we\Creacion de examen_San-Luis\Backend\src\main\java\pe\edu\utp\sistemaexamenes\model\CategoriaExamen.java. Using fallback presentation compiler.
2026.06.08 02:39:17 INFO  no build target found for D:\CURSOS\7MO\Desarrollo_we\Creacion de examen_San-Luis\Backend\src\main\java\pe\edu\utp\sistemaexamenes\model\CategoriaExamen.java. Using fallback presentation compiler.
2026.06.08 02:39:17 INFO  no build target found for D:\CURSOS\7MO\Desarrollo_we\Creacion de examen_San-Luis\Backend\src\main\java\pe\edu\utp\sistemaexamenes\model\CategoriaExamen.java. Using fallback presentation compiler.
2026.06.08 02:39:18 INFO  no build target found for D:\CURSOS\7MO\Desarrollo_we\Creacion de examen_San-Luis\Backend\src\main\java\pe\edu\utp\sistemaexamenes\model\CategoriaExamen.java. Using fallback presentation compiler.
2026.06.08 02:39:17 INFO  no build target found for D:\CURSOS\7MO\Desarrollo_we\Creacion de examen_San-Luis\Backend\src\main\java\pe\edu\utp\sistemaexamenes\model\CategoriaExamen.java. Using fallback presentation compiler.
2026.06.08 02:39:19 WARN  no build target for: D:\CURSOS\7MO\Desarrollo_we\Creacion de examen_San-Luis\Backend\src\main\java\pe\edu\utp\sistemaexamenes\model\CategoriaExamen.java
2026.06.08 02:39:19 WARN  Running javac-semanticdb failed for file:///D:/CURSOS/7MO/Desarrollo_we/Creacion%20de%20examen_San-Luis/Backend/src/main/java/pe/edu/utp/sistemaexamenes/model/CategoriaExamen.java. Output:

2026.06.08 02:39:19 INFO  no build target found for D:\CURSOS\7MO\Desarrollo_we\Creacion de examen_San-Luis\Backend\src\main\java\pe\edu\utp\sistemaexamenes\model\CategoriaExamen.java. Using fallback presentation compiler.
2026.06.08 02:39:19 INFO  no build target found for D:\CURSOS\7MO\Desarrollo_we\Creacion de examen_San-Luis\Backend\src\main\java\pe\edu\utp\sistemaexamenes\model\CategoriaExamen.java. Using fallback presentation compiler.
2026.06.08 02:39:19 INFO  no build target found for D:\CURSOS\7MO\Desarrollo_we\Creacion de examen_San-Luis\Backend\src\main\java\pe\edu\utp\sistemaexamenes\model\CategoriaExamen.java. Using fallback presentation compiler.
2026.06.08 02:39:19 INFO  no build target found for D:\CURSOS\7MO\Desarrollo_we\Creacion de examen_San-Luis\Backend\src\main\java\pe\edu\utp\sistemaexamenes\model\CategoriaExamen.java. Using fallback presentation compiler.
2026.06.08 02:39:20 INFO  no build target found for D:\CURSOS\7MO\Desarrollo_we\Creacion de examen_San-Luis\Backend\src\main\java\pe\edu\utp\sistemaexamenes\service\CursoService.java. Using fallback presentation compiler.
2026.06.08 02:39:20 INFO  no build target found for D:\CURSOS\7MO\Desarrollo_we\Creacion de examen_San-Luis\Backend\src\main\java\pe\edu\utp\sistemaexamenes\service\CursoService.java. Using fallback presentation compiler.
2026.06.08 02:39:20 INFO  no build target found for D:\CURSOS\7MO\Desarrollo_we\Creacion de examen_San-Luis\Backend\src\main\java\pe\edu\utp\sistemaexamenes\service\CursoService.java. Using fallback presentation compiler.
2026.06.08 02:39:20 INFO  no build target found for D:\CURSOS\7MO\Desarrollo_we\Creacion de examen_San-Luis\Backend\src\main\java\pe\edu\utp\sistemaexamenes\service\CursoService.java. Using fallback presentation compiler.
2026.06.08 02:39:20 INFO  no build target found for D:\CURSOS\7MO\Desarrollo_we\Creacion de examen_San-Luis\Backend\src\main\java\pe\edu\utp\sistemaexamenes\service\CursoService.java. Using fallback presentation compiler.
2026.06.08 02:39:21 INFO  no build target found for D:\CURSOS\7MO\Desarrollo_we\Creacion de examen_San-Luis\Backend\src\main\java\pe\edu\utp\sistemaexamenes\service\CursoService.java. Using fallback presentation compiler.
2026.06.08 02:39:20 INFO  no build target found for D:\CURSOS\7MO\Desarrollo_we\Creacion de examen_San-Luis\Backend\src\main\java\pe\edu\utp\sistemaexamenes\service\CursoService.java. Using fallback presentation compiler.
2026.06.08 02:39:21 WARN  no build target for: D:\CURSOS\7MO\Desarrollo_we\Creacion de examen_San-Luis\Backend\src\main\java\pe\edu\utp\sistemaexamenes\service\CursoService.java
2026.06.08 02:39:21 WARN  Running javac-semanticdb failed for file:///D:/CURSOS/7MO/Desarrollo_we/Creacion%20de%20examen_San-Luis/Backend/src/main/java/pe/edu/utp/sistemaexamenes/service/CursoService.java. Output:

2026.06.08 02:39:21 INFO  no build target found for D:\CURSOS\7MO\Desarrollo_we\Creacion de examen_San-Luis\Backend\src\main\java\pe\edu\utp\sistemaexamenes\service\CursoService.java. Using fallback presentation compiler.
2026.06.08 02:39:21 INFO  no build target found for D:\CURSOS\7MO\Desarrollo_we\Creacion de examen_San-Luis\Backend\src\main\java\pe\edu\utp\sistemaexamenes\service\CursoService.java. Using fallback presentation compiler.
2026.06.08 02:39:21 INFO  no build target found for D:\CURSOS\7MO\Desarrollo_we\Creacion de examen_San-Luis\Backend\src\main\java\pe\edu\utp\sistemaexamenes\service\CursoService.java. Using fallback presentation compiler.
2026.06.08 02:39:22 INFO  no build target found for D:\CURSOS\7MO\Desarrollo_we\Creacion de examen_San-Luis\Backend\src\main\java\pe\edu\utp\sistemaexamenes\controller\CursoController.java. Using fallback presentation compiler.
2026.06.08 02:39:22 INFO  no build target found for D:\CURSOS\7MO\Desarrollo_we\Creacion de examen_San-Luis\Backend\src\main\java\pe\edu\utp\sistemaexamenes\controller\CursoController.java. Using fallback presentation compiler.
2026.06.08 02:39:22 INFO  no build target found for D:\CURSOS\7MO\Desarrollo_we\Creacion de examen_San-Luis\Backend\src\main\java\pe\edu\utp\sistemaexamenes\controller\CursoController.java. Using fallback presentation compiler.
2026.06.08 02:39:22 INFO  no build target found for D:\CURSOS\7MO\Desarrollo_we\Creacion de examen_San-Luis\Backend\src\main\java\pe\edu\utp\sistemaexamenes\controller\CursoController.java. Using fallback presentation compiler.
2026.06.08 02:39:22 INFO  no build target found for D:\CURSOS\7MO\Desarrollo_we\Creacion de examen_San-Luis\Backend\src\main\java\pe\edu\utp\sistemaexamenes\controller\CursoController.java. Using fallback presentation compiler.
2026.06.08 02:39:23 INFO  no build target found for D:\CURSOS\7MO\Desarrollo_we\Creacion de examen_San-Luis\Backend\src\main\java\pe\edu\utp\sistemaexamenes\controller\CursoController.java. Using fallback presentation compiler.
2026.06.08 02:39:22 INFO  no build target found for D:\CURSOS\7MO\Desarrollo_we\Creacion de examen_San-Luis\Backend\src\main\java\pe\edu\utp\sistemaexamenes\controller\CursoController.java. Using fallback presentation compiler.
2026.06.08 02:39:23 WARN  no build target for: D:\CURSOS\7MO\Desarrollo_we\Creacion de examen_San-Luis\Backend\src\main\java\pe\edu\utp\sistemaexamenes\controller\CursoController.java
2026.06.08 02:39:23 INFO  no build target found for D:\CURSOS\7MO\Desarrollo_we\Creacion de examen_San-Luis\Backend\src\main\java\pe\edu\utp\sistemaexamenes\controller\CursoController.java. Using fallback presentation compiler.
2026.06.08 02:39:24 WARN  Running javac-semanticdb failed for file:///D:/CURSOS/7MO/Desarrollo_we/Creacion%20de%20examen_San-Luis/Backend/src/main/java/pe/edu/utp/sistemaexamenes/controller/CursoController.java. Output:

2026.06.08 02:39:24 INFO  no build target found for D:\CURSOS\7MO\Desarrollo_we\Creacion de examen_San-Luis\Backend\src\main\java\pe\edu\utp\sistemaexamenes\controller\CursoController.java. Using fallback presentation compiler.
2026.06.08 02:39:24 INFO  no build target found for D:\CURSOS\7MO\Desarrollo_we\Creacion de examen_San-Luis\Backend\src\main\java\pe\edu\utp\sistemaexamenes\controller\CursoController.java. Using fallback presentation compiler.
2026.06.08 02:39:24 INFO  no build target found for D:\CURSOS\7MO\Desarrollo_we\Creacion de examen_San-Luis\Backend\src\main\java\pe\edu\utp\sistemaexamenes\controller\CursoController.java. Using fallback presentation compiler.
2026.06.08 02:39:24 INFO  no build target found for D:\CURSOS\7MO\Desarrollo_we\Creacion de examen_San-Luis\Backend\src\main\java\pe\edu\utp\sistemaexamenes\controller\CursoController.java. Using fallback presentation compiler.
2026.06.08 02:39:24 INFO  no build target found for D:\CURSOS\7MO\Desarrollo_we\Creacion de examen_San-Luis\Backend\src\main\java\pe\edu\utp\sistemaexamenes\controller\CursoController.java. Using fallback presentation compiler.
2026.06.08 02:39:25 INFO  no build target found for D:\CURSOS\7MO\Desarrollo_we\Creacion de examen_San-Luis\Backend\src\main\java\pe\edu\utp\sistemaexamenes\service\CursoService.java. Using fallback presentation compiler.
2026.06.08 02:39:25 WARN  no build target for: D:\CURSOS\7MO\Desarrollo_we\Creacion de examen_San-Luis\Backend\src\main\java\pe\edu\utp\sistemaexamenes\service\CursoService.java
2026.06.08 02:39:25 INFO  no build target found for D:\CURSOS\7MO\Desarrollo_we\Creacion de examen_San-Luis\Backend\src\main\java\pe\edu\utp\sistemaexamenes\controller\CursoController.java. Using fallback presentation compiler.
2026.06.08 02:39:25 INFO  no build target found for D:\CURSOS\7MO\Desarrollo_we\Creacion de examen_San-Luis\Backend\src\main\java\pe\edu\utp\sistemaexamenes\controller\CursoController.java. Using fallback presentation compiler.
2026.06.08 02:39:25 INFO  no build target found for D:\CURSOS\7MO\Desarrollo_we\Creacion de examen_San-Luis\Backend\src\main\java\pe\edu\utp\sistemaexamenes\controller\CursoController.java. Using fallback presentation compiler.
2026.06.08 02:39:25 INFO  no build target found for D:\CURSOS\7MO\Desarrollo_we\Creacion de examen_San-Luis\Backend\src\main\java\pe\edu\utp\sistemaexamenes\controller\CursoController.java. Using fallback presentation compiler.
2026.06.08 02:39:25 WARN  no build target for: D:\CURSOS\7MO\Desarrollo_we\Creacion de examen_San-Luis\Backend\src\main\java\pe\edu\utp\sistemaexamenes\controller\CursoController.java
2026.06.08 02:39:25 INFO  no build target found for D:\CURSOS\7MO\Desarrollo_we\Creacion de examen_San-Luis\Backend\src\main\java\pe\edu\utp\sistemaexamenes\controller\CursoController.java. Using fallback presentation compiler.
2026.06.08 02:39:26 INFO  no build target found for D:\CURSOS\7MO\Desarrollo_we\Creacion de examen_San-Luis\Backend\src\main\java\pe\edu\utp\sistemaexamenes\controller\CursoController.java. Using fallback presentation compiler.
2026.06.08 02:39:25 INFO  no build target found for D:\CURSOS\7MO\Desarrollo_we\Creacion de examen_San-Luis\Backend\src\main\java\pe\edu\utp\sistemaexamenes\controller\CursoController.java. Using fallback presentation compiler.
2026.06.08 02:39:25 INFO  no build target found for D:\CURSOS\7MO\Desarrollo_we\Creacion de examen_San-Luis\Backend\src\main\java\pe\edu\utp\sistemaexamenes\controller\CursoController.java. Using fallback presentation compiler.
2026.06.08 02:39:26 WARN  no build target for: D:\CURSOS\7MO\Desarrollo_we\Creacion de examen_San-Luis\Backend\src\main\java\pe\edu\utp\sistemaexamenes\controller\CursoController.java
2026.06.08 02:39:26 WARN  Running javac-semanticdb failed for file:///D:/CURSOS/7MO/Desarrollo_we/Creacion%20de%20examen_San-Luis/Backend/src/main/java/pe/edu/utp/sistemaexamenes/controller/CursoController.java. Output:

2026.06.08 02:39:26 INFO  no build target found for D:\CURSOS\7MO\Desarrollo_we\Creacion de examen_San-Luis\Backend\src\main\java\pe\edu\utp\sistemaexamenes\controller\CursoController.java. Using fallback presentation compiler.
2026.06.08 02:39:26 WARN  no build target for: D:\CURSOS\7MO\Desarrollo_we\Creacion de examen_San-Luis\Backend\src\main\java\pe\edu\utp\sistemaexamenes\controller\CursoController.java
2026.06.08 02:39:26 INFO  no build target found for D:\CURSOS\7MO\Desarrollo_we\Creacion de examen_San-Luis\Backend\src\main\java\pe\edu\utp\sistemaexamenes\controller\CursoController.java. Using fallback presentation compiler.
2026.06.08 02:39:26 INFO  no build target found for D:\CURSOS\7MO\Desarrollo_we\Creacion de examen_San-Luis\Backend\src\main\java\pe\edu\utp\sistemaexamenes\controller\CursoController.java. Using fallback presentation compiler.
2026.06.08 02:39:27 INFO  no build target found for D:\CURSOS\7MO\Desarrollo_we\Creacion de examen_San-Luis\Backend\src\main\java\pe\edu\utp\sistemaexamenes\controller\CursoController.java. Using fallback presentation compiler.
2026.06.08 02:39:27 INFO  no build target found for D:\CURSOS\7MO\Desarrollo_we\Creacion de examen_San-Luis\Backend\src\main\java\pe\edu\utp\sistemaexamenes\controller\CursoController.java. Using fallback presentation compiler.
2026.06.08 02:39:27 INFO  no build target found for D:\CURSOS\7MO\Desarrollo_we\Creacion de examen_San-Luis\Backend\src\main\java\pe\edu\utp\sistemaexamenes\service\impl\CursoServiceImpl.java. Using fallback presentation compiler.
2026.06.08 02:39:27 INFO  no build target found for D:\CURSOS\7MO\Desarrollo_we\Creacion de examen_San-Luis\Backend\src\main\java\pe\edu\utp\sistemaexamenes\service\impl\CursoServiceImpl.java. Using fallback presentation compiler.
2026.06.08 02:39:27 INFO  no build target found for D:\CURSOS\7MO\Desarrollo_we\Creacion de examen_San-Luis\Backend\src\main\java\pe\edu\utp\sistemaexamenes\service\impl\CursoServiceImpl.java. Using fallback presentation compiler.
2026.06.08 02:39:27 INFO  no build target found for D:\CURSOS\7MO\Desarrollo_we\Creacion de examen_San-Luis\Backend\src\main\java\pe\edu\utp\sistemaexamenes\service\impl\CursoServiceImpl.java. Using fallback presentation compiler.
2026.06.08 02:39:28 WARN  no build target for: D:\CURSOS\7MO\Desarrollo_we\Creacion de examen_San-Luis\Backend\src\main\java\pe\edu\utp\sistemaexamenes\service\impl\CursoServiceImpl.java
2026.06.08 02:39:27 INFO  no build target found for D:\CURSOS\7MO\Desarrollo_we\Creacion de examen_San-Luis\Backend\src\main\java\pe\edu\utp\sistemaexamenes\service\impl\CursoServiceImpl.java. Using fallback presentation compiler.
2026.06.08 02:39:27 INFO  no build target found for D:\CURSOS\7MO\Desarrollo_we\Creacion de examen_San-Luis\Backend\src\main\java\pe\edu\utp\sistemaexamenes\service\impl\CursoServiceImpl.java. Using fallback presentation compiler.
2026.06.08 02:39:28 WARN  Running javac-semanticdb failed for file:///D:/CURSOS/7MO/Desarrollo_we/Creacion%20de%20examen_San-Luis/Backend/src/main/java/pe/edu/utp/sistemaexamenes/service/impl/CursoServiceImpl.java. Output:

2026.06.08 02:39:27 INFO  no build target found for D:\CURSOS\7MO\Desarrollo_we\Creacion de examen_San-Luis\Backend\src\main\java\pe\edu\utp\sistemaexamenes\service\impl\CursoServiceImpl.java. Using fallback presentation compiler.
2026.06.08 02:39:28 INFO  no build target found for D:\CURSOS\7MO\Desarrollo_we\Creacion de examen_San-Luis\Backend\src\main\java\pe\edu\utp\sistemaexamenes\service\impl\CursoServiceImpl.java. Using fallback presentation compiler.
2026.06.08 02:39:27 INFO  no build target found for D:\CURSOS\7MO\Desarrollo_we\Creacion de examen_San-Luis\Backend\src\main\java\pe\edu\utp\sistemaexamenes\service\impl\CursoServiceImpl.java. Using fallback presentation compiler.
2026.06.08 02:39:29 INFO  no build target found for D:\CURSOS\7MO\Desarrollo_we\Creacion de examen_San-Luis\Backend\src\main\java\pe\edu\utp\sistemaexamenes\service\impl\CursoServiceImpl.java. Using fallback presentation compiler.
2026.06.08 02:39:29 INFO  no build target found for D:\CURSOS\7MO\Desarrollo_we\Creacion de examen_San-Luis\Backend\src\main\java\pe\edu\utp\sistemaexamenes\repository\PreguntaRepository.java. Using fallback presentation compiler.
2026.06.08 02:39:29 INFO  no build target found for D:\CURSOS\7MO\Desarrollo_we\Creacion de examen_San-Luis\Backend\src\main\java\pe\edu\utp\sistemaexamenes\repository\PreguntaRepository.java. Using fallback presentation compiler.
2026.06.08 02:39:29 INFO  no build target found for D:\CURSOS\7MO\Desarrollo_we\Creacion de examen_San-Luis\Backend\src\main\java\pe\edu\utp\sistemaexamenes\repository\PreguntaRepository.java. Using fallback presentation compiler.
2026.06.08 02:39:29 INFO  no build target found for D:\CURSOS\7MO\Desarrollo_we\Creacion de examen_San-Luis\Backend\src\main\java\pe\edu\utp\sistemaexamenes\repository\PreguntaRepository.java. Using fallback presentation compiler.
2026.06.08 02:39:30 WARN  no build target for: D:\CURSOS\7MO\Desarrollo_we\Creacion de examen_San-Luis\Backend\src\main\java\pe\edu\utp\sistemaexamenes\repository\PreguntaRepository.java
2026.06.08 02:39:29 INFO  no build target found for D:\CURSOS\7MO\Desarrollo_we\Creacion de examen_San-Luis\Backend\src\main\java\pe\edu\utp\sistemaexamenes\repository\PreguntaRepository.java. Using fallback presentation compiler.
2026.06.08 02:39:30 WARN  Running javac-semanticdb failed for file:///D:/CURSOS/7MO/Desarrollo_we/Creacion%20de%20examen_San-Luis/Backend/src/main/java/pe/edu/utp/sistemaexamenes/repository/PreguntaRepository.java. Output:

2026.06.08 02:39:29 INFO  no build target found for D:\CURSOS\7MO\Desarrollo_we\Creacion de examen_San-Luis\Backend\src\main\java\pe\edu\utp\sistemaexamenes\repository\PreguntaRepository.java. Using fallback presentation compiler.
2026.06.08 02:39:30 INFO  no build target found for D:\CURSOS\7MO\Desarrollo_we\Creacion de examen_San-Luis\Backend\src\main\java\pe\edu\utp\sistemaexamenes\repository\PreguntaRepository.java. Using fallback presentation compiler.
2026.06.08 02:39:30 INFO  no build target found for D:\CURSOS\7MO\Desarrollo_we\Creacion de examen_San-Luis\Backend\src\main\java\pe\edu\utp\sistemaexamenes\repository\PreguntaRepository.java. Using fallback presentation compiler.
2026.06.08 02:40:24 INFO  no build target found for D:\CURSOS\7MO\Desarrollo_we\Creacion de examen_San-Luis\Backend\src\main\java\pe\edu\utp\sistemaexamenes\service\CategoriaExamenService.java. Using fallback presentation compiler.
2026.06.08 02:40:24 INFO  no build target found for D:\CURSOS\7MO\Desarrollo_we\Creacion de examen_San-Luis\Backend\src\main\java\pe\edu\utp\sistemaexamenes\service\CategoriaExamenService.java. Using fallback presentation compiler.
2026.06.08 02:40:24 INFO  no build target found for D:\CURSOS\7MO\Desarrollo_we\Creacion de examen_San-Luis\Backend\src\main\java\pe\edu\utp\sistemaexamenes\service\CategoriaExamenService.java. Using fallback presentation compiler.
2026.06.08 02:40:24 INFO  no build target found for D:\CURSOS\7MO\Desarrollo_we\Creacion de examen_San-Luis\Backend\src\main\java\pe\edu\utp\sistemaexamenes\service\CategoriaExamenService.java. Using fallback presentation compiler.
2026.06.08 02:40:24 INFO  no build target found for D:\CURSOS\7MO\Desarrollo_we\Creacion de examen_San-Luis\Backend\src\main\java\pe\edu\utp\sistemaexamenes\service\CategoriaExamenService.java. Using fallback presentation compiler.
2026.06.08 02:40:25 WARN  no build target for: D:\CURSOS\7MO\Desarrollo_we\Creacion de examen_San-Luis\Backend\src\main\java\pe\edu\utp\sistemaexamenes\service\CategoriaExamenService.java
2026.06.08 02:40:25 WARN  Running javac-semanticdb failed for file:///D:/CURSOS/7MO/Desarrollo_we/Creacion%20de%20examen_San-Luis/Backend/src/main/java/pe/edu/utp/sistemaexamenes/service/CategoriaExamenService.java. Output:

2026.06.08 02:40:24 INFO  no build target found for D:\CURSOS\7MO\Desarrollo_we\Creacion de examen_San-Luis\Backend\src\main\java\pe\edu\utp\sistemaexamenes\service\CategoriaExamenService.java. Using fallback presentation compiler.
2026.06.08 02:40:25 INFO  no build target found for D:\CURSOS\7MO\Desarrollo_we\Creacion de examen_San-Luis\Backend\src\main\java\pe\edu\utp\sistemaexamenes\service\CategoriaExamenService.java. Using fallback presentation compiler.
2026.06.08 02:40:25 INFO  no build target found for D:\CURSOS\7MO\Desarrollo_we\Creacion de examen_San-Luis\Backend\src\main\java\pe\edu\utp\sistemaexamenes\service\CategoriaExamenService.java. Using fallback presentation compiler.
2026.06.08 02:40:25 INFO  no build target found for D:\CURSOS\7MO\Desarrollo_we\Creacion de examen_San-Luis\Backend\src\main\java\pe\edu\utp\sistemaexamenes\service\impl\CategoriaExamenServiceImpl.java. Using fallback presentation compiler.
2026.06.08 02:40:25 INFO  no build target found for D:\CURSOS\7MO\Desarrollo_we\Creacion de examen_San-Luis\Backend\src\main\java\pe\edu\utp\sistemaexamenes\service\impl\CategoriaExamenServiceImpl.java. Using fallback presentation compiler.
2026.06.08 02:40:27 INFO  no build target found for D:\CURSOS\7MO\Desarrollo_we\Creacion de examen_San-Luis\Backend\src\main\java\pe\edu\utp\sistemaexamenes\service\impl\CategoriaExamenServiceImpl.java. Using fallback presentation compiler.
2026.06.08 02:40:27 INFO  no build target found for D:\CURSOS\7MO\Desarrollo_we\Creacion de examen_San-Luis\Backend\src\main\java\pe\edu\utp\sistemaexamenes\service\impl\CategoriaExamenServiceImpl.java. Using fallback presentation compiler.
2026.06.08 02:40:27 WARN  no build target for: D:\CURSOS\7MO\Desarrollo_we\Creacion de examen_San-Luis\Backend\src\main\java\pe\edu\utp\sistemaexamenes\service\impl\CategoriaExamenServiceImpl.java
2026.06.08 02:40:27 WARN  Running javac-semanticdb failed for file:///D:/CURSOS/7MO/Desarrollo_we/Creacion%20de%20examen_San-Luis/Backend/src/main/java/pe/edu/utp/sistemaexamenes/service/impl/CategoriaExamenServiceImpl.java. Output:

2026.06.08 02:40:27 INFO  no build target found for D:\CURSOS\7MO\Desarrollo_we\Creacion de examen_San-Luis\Backend\src\main\java\pe\edu\utp\sistemaexamenes\service\impl\CategoriaExamenServiceImpl.java. Using fallback presentation compiler.
2026.06.08 02:40:27 INFO  no build target found for D:\CURSOS\7MO\Desarrollo_we\Creacion de examen_San-Luis\Backend\src\main\java\pe\edu\utp\sistemaexamenes\service\impl\CategoriaExamenServiceImpl.java. Using fallback presentation compiler.
2026.06.08 02:40:27 INFO  no build target found for D:\CURSOS\7MO\Desarrollo_we\Creacion de examen_San-Luis\Backend\src\main\java\pe\edu\utp\sistemaexamenes\service\impl\CategoriaExamenServiceImpl.java. Using fallback presentation compiler.
2026.06.08 02:40:28 INFO  no build target found for D:\CURSOS\7MO\Desarrollo_we\Creacion de examen_San-Luis\Backend\src\main\java\pe\edu\utp\sistemaexamenes\controller\CategoriaExamenController.java. Using fallback presentation compiler.
2026.06.08 02:40:28 INFO  no build target found for D:\CURSOS\7MO\Desarrollo_we\Creacion de examen_San-Luis\Backend\src\main\java\pe\edu\utp\sistemaexamenes\controller\CategoriaExamenController.java. Using fallback presentation compiler.
2026.06.08 02:40:28 INFO  no build target found for D:\CURSOS\7MO\Desarrollo_we\Creacion de examen_San-Luis\Backend\src\main\java\pe\edu\utp\sistemaexamenes\controller\CategoriaExamenController.java. Using fallback presentation compiler.
2026.06.08 02:40:28 INFO  no build target found for D:\CURSOS\7MO\Desarrollo_we\Creacion de examen_San-Luis\Backend\src\main\java\pe\edu\utp\sistemaexamenes\controller\CategoriaExamenController.java. Using fallback presentation compiler.
2026.06.08 02:40:29 WARN  no build target for: D:\CURSOS\7MO\Desarrollo_we\Creacion de examen_San-Luis\Backend\src\main\java\pe\edu\utp\sistemaexamenes\controller\CategoriaExamenController.java
2026.06.08 02:40:28 INFO  no build target found for D:\CURSOS\7MO\Desarrollo_we\Creacion de examen_San-Luis\Backend\src\main\java\pe\edu\utp\sistemaexamenes\controller\CategoriaExamenController.java. Using fallback presentation compiler.
2026.06.08 02:40:29 WARN  Running javac-semanticdb failed for file:///D:/CURSOS/7MO/Desarrollo_we/Creacion%20de%20examen_San-Luis/Backend/src/main/java/pe/edu/utp/sistemaexamenes/controller/CategoriaExamenController.java. Output:

2026.06.08 02:40:29 INFO  no build target found for D:\CURSOS\7MO\Desarrollo_we\Creacion de examen_San-Luis\Backend\src\main\java\pe\edu\utp\sistemaexamenes\controller\CategoriaExamenController.java. Using fallback presentation compiler.
2026.06.08 02:40:31 INFO  no build target found for D:\CURSOS\7MO\Desarrollo_we\Creacion de examen_San-Luis\Backend\src\main\java\pe\edu\utp\sistemaexamenes\controller\CategoriaExamenController.java. Using fallback presentation compiler.
2026.06.08 02:40:31 INFO  no build target found for D:\CURSOS\7MO\Desarrollo_we\Creacion de examen_San-Luis\Backend\src\main\java\pe\edu\utp\sistemaexamenes\controller\CategoriaExamenController.java. Using fallback presentation compiler.
jun. 08, 2026 2:40:31 A. M. org.eclipse.lsp4j.jsonrpc.RemoteEndpoint handleCancellation
WARNING: Unmatched cancel notification for request id 1758
2026.06.08 02:41:28 INFO  no build target found for D:\CURSOS\7MO\Desarrollo_we\Creacion de examen_San-Luis\Backend\src\main\java\pe\edu\utp\sistemaexamenes\controller\CursoController.java. Using fallback presentation compiler.
2026.06.08 02:41:28 WARN  no build target for: D:\CURSOS\7MO\Desarrollo_we\Creacion de examen_San-Luis\Backend\src\main\java\pe\edu\utp\sistemaexamenes\controller\CursoController.java
2026.06.08 02:41:28 INFO  no build target found for D:\CURSOS\7MO\Desarrollo_we\Creacion de examen_San-Luis\Backend\src\main\java\pe\edu\utp\sistemaexamenes\controller\CursoController.java. Using fallback presentation compiler.
2026.06.08 02:41:28 INFO  no build target found for D:\CURSOS\7MO\Desarrollo_we\Creacion de examen_San-Luis\Backend\src\main\java\pe\edu\utp\sistemaexamenes\controller\CursoController.java. Using fallback presentation compiler.
2026.06.08 02:41:28 WARN  no build target for: D:\CURSOS\7MO\Desarrollo_we\Creacion de examen_San-Luis\Backend\src\main\java\pe\edu\utp\sistemaexamenes\controller\CursoController.java
2026.06.08 02:41:28 INFO  no build target found for D:\CURSOS\7MO\Desarrollo_we\Creacion de examen_San-Luis\Backend\src\main\java\pe\edu\utp\sistemaexamenes\controller\CursoController.java. Using fallback presentation compiler.
2026.06.08 02:41:28 INFO  no build target found for D:\CURSOS\7MO\Desarrollo_we\Creacion de examen_San-Luis\Backend\src\main\java\pe\edu\utp\sistemaexamenes\controller\CursoController.java. Using fallback presentation compiler.
2026.06.08 02:41:28 WARN  no build target for: D:\CURSOS\7MO\Desarrollo_we\Creacion de examen_San-Luis\Backend\src\main\java\pe\edu\utp\sistemaexamenes\controller\CursoController.java
2026.06.08 02:41:28 WARN  Running javac-semanticdb failed for file:///D:/CURSOS/7MO/Desarrollo_we/Creacion%20de%20examen_San-Luis/Backend/src/main/java/pe/edu/utp/sistemaexamenes/controller/CursoController.java. Output:

2026.06.08 02:41:28 INFO  no build target found for D:\CURSOS\7MO\Desarrollo_we\Creacion de examen_San-Luis\Backend\src\main\java\pe\edu\utp\sistemaexamenes\controller\CursoController.java. Using fallback presentation compiler.
2026.06.08 02:41:28 WARN  no build target for: D:\CURSOS\7MO\Desarrollo_we\Creacion de examen_San-Luis\Backend\src\main\java\pe\edu\utp\sistemaexamenes\controller\CursoController.java
2026.06.08 02:41:28 INFO  no build target found for D:\CURSOS\7MO\Desarrollo_we\Creacion de examen_San-Luis\Backend\src\main\java\pe\edu\utp\sistemaexamenes\controller\CursoController.java. Using fallback presentation compiler.
2026.06.08 02:41:28 INFO  no build target found for D:\CURSOS\7MO\Desarrollo_we\Creacion de examen_San-Luis\Backend\src\main\java\pe\edu\utp\sistemaexamenes\controller\CursoController.java. Using fallback presentation compiler.
2026.06.08 02:41:29 INFO  no build target found for D:\CURSOS\7MO\Desarrollo_we\Creacion de examen_San-Luis\Backend\src\main\java\pe\edu\utp\sistemaexamenes\service\impl\ExamenServiceImpl.java. Using fallback presentation compiler.
2026.06.08 02:41:29 INFO  no build target found for D:\CURSOS\7MO\Desarrollo_we\Creacion de examen_San-Luis\Backend\src\main\java\pe\edu\utp\sistemaexamenes\controller\CursoController.java. Using fallback presentation compiler.
2026.06.08 02:41:29 INFO  no build target found for D:\CURSOS\7MO\Desarrollo_we\Creacion de examen_San-Luis\Backend\src\main\java\pe\edu\utp\sistemaexamenes\service\impl\ExamenServiceImpl.java. Using fallback presentation compiler.
2026.06.08 02:41:29 INFO  no build target found for D:\CURSOS\7MO\Desarrollo_we\Creacion de examen_San-Luis\Backend\src\main\java\pe\edu\utp\sistemaexamenes\service\impl\ExamenServiceImpl.java. Using fallback presentation compiler.
2026.06.08 02:41:29 INFO  no build target found for D:\CURSOS\7MO\Desarrollo_we\Creacion de examen_San-Luis\Backend\src\main\java\pe\edu\utp\sistemaexamenes\service\impl\ExamenServiceImpl.java. Using fallback presentation compiler.
2026.06.08 02:41:30 WARN  no build target for: D:\CURSOS\7MO\Desarrollo_we\Creacion de examen_San-Luis\Backend\src\main\java\pe\edu\utp\sistemaexamenes\service\impl\ExamenServiceImpl.java
2026.06.08 02:41:29 INFO  no build target found for D:\CURSOS\7MO\Desarrollo_we\Creacion de examen_San-Luis\Backend\src\main\java\pe\edu\utp\sistemaexamenes\service\impl\ExamenServiceImpl.java. Using fallback presentation compiler.
2026.06.08 02:41:31 WARN  Running javac-semanticdb failed for file:///D:/CURSOS/7MO/Desarrollo_we/Creacion%20de%20examen_San-Luis/Backend/src/main/java/pe/edu/utp/sistemaexamenes/service/impl/ExamenServiceImpl.java. Output:

2026.06.08 02:41:31 INFO  no build target found for D:\CURSOS\7MO\Desarrollo_we\Creacion de examen_San-Luis\Backend\src\main\java\pe\edu\utp\sistemaexamenes\service\impl\ExamenServiceImpl.java. Using fallback presentation compiler.
2026.06.08 02:41:31 INFO  no build target found for D:\CURSOS\7MO\Desarrollo_we\Creacion de examen_San-Luis\Backend\src\main\java\pe\edu\utp\sistemaexamenes\service\impl\ExamenServiceImpl.java. Using fallback presentation compiler.
2026.06.08 02:41:31 INFO  no build target found for D:\CURSOS\7MO\Desarrollo_we\Creacion de examen_San-Luis\Backend\src\main\java\pe\edu\utp\sistemaexamenes\service\impl\ExamenServiceImpl.java. Using fallback presentation compiler.
2026.06.08 02:41:32 INFO  no build target found for D:\CURSOS\7MO\Desarrollo_we\Creacion de examen_San-Luis\Backend\src\main\java\pe\edu\utp\sistemaexamenes\config\TestDataSeeder.java. Using fallback presentation compiler.
2026.06.08 02:41:32 INFO  no build target found for D:\CURSOS\7MO\Desarrollo_we\Creacion de examen_San-Luis\Backend\src\main\java\pe\edu\utp\sistemaexamenes\config\TestDataSeeder.java. Using fallback presentation compiler.
2026.06.08 02:41:32 INFO  no build target found for D:\CURSOS\7MO\Desarrollo_we\Creacion de examen_San-Luis\Backend\src\main\java\pe\edu\utp\sistemaexamenes\config\TestDataSeeder.java. Using fallback presentation compiler.
2026.06.08 02:41:32 INFO  no build target found for D:\CURSOS\7MO\Desarrollo_we\Creacion de examen_San-Luis\Backend\src\main\java\pe\edu\utp\sistemaexamenes\config\TestDataSeeder.java. Using fallback presentation compiler.
2026.06.08 02:41:32 WARN  no build target for: D:\CURSOS\7MO\Desarrollo_we\Creacion de examen_San-Luis\Backend\src\main\java\pe\edu\utp\sistemaexamenes\config\TestDataSeeder.java
2026.06.08 02:41:32 INFO  no build target found for D:\CURSOS\7MO\Desarrollo_we\Creacion de examen_San-Luis\Backend\src\main\java\pe\edu\utp\sistemaexamenes\config\TestDataSeeder.java. Using fallback presentation compiler.
2026.06.08 02:41:32 WARN  Running javac-semanticdb failed for file:///D:/CURSOS/7MO/Desarrollo_we/Creacion%20de%20examen_San-Luis/Backend/src/main/java/pe/edu/utp/sistemaexamenes/config/TestDataSeeder.java. Output:

2026.06.08 02:41:32 INFO  no build target found for D:\CURSOS\7MO\Desarrollo_we\Creacion de examen_San-Luis\Backend\src\main\java\pe\edu\utp\sistemaexamenes\config\TestDataSeeder.java. Using fallback presentation compiler.
2026.06.08 02:41:32 INFO  no build target found for D:\CURSOS\7MO\Desarrollo_we\Creacion de examen_San-Luis\Backend\src\main\java\pe\edu\utp\sistemaexamenes\config\TestDataSeeder.java. Using fallback presentation compiler.
2026.06.08 02:41:34 INFO  no build target found for D:\CURSOS\7MO\Desarrollo_we\Creacion de examen_San-Luis\Backend\src\main\java\pe\edu\utp\sistemaexamenes\config\TestDataSeeder.java. Using fallback presentation compiler.
2026.06.08 02:45:41 INFO  no build target found for D:\CURSOS\7MO\Desarrollo_we\Creacion de examen_San-Luis\Backend\src\main\java\pe\edu\utp\sistemaexamenes\controller\CategoriaExamenController.java. Using fallback presentation compiler.
2026.06.08 02:45:41 INFO  no build target found for D:\CURSOS\7MO\Desarrollo_we\Creacion de examen_San-Luis\Backend\src\main\java\pe\edu\utp\sistemaexamenes\controller\CategoriaExamenController.java. Using fallback presentation compiler.
2026.06.08 02:45:41 INFO  no build target found for D:\CURSOS\7MO\Desarrollo_we\Creacion de examen_San-Luis\Backend\src\main\java\pe\edu\utp\sistemaexamenes\controller\CategoriaExamenController.java. Using fallback presentation compiler.
2026.06.08 02:45:41 INFO  no build target found for D:\CURSOS\7MO\Desarrollo_we\Creacion de examen_San-Luis\Backend\src\main\java\pe\edu\utp\sistemaexamenes\controller\CategoriaExamenController.java. Using fallback presentation compiler.
2026.06.08 02:45:41 INFO  no build target found for D:\CURSOS\7MO\Desarrollo_we\Creacion de examen_San-Luis\Backend\src\main\java\pe\edu\utp\sistemaexamenes\controller\CategoriaExamenController.java. Using fallback presentation compiler.
2026.06.08 02:45:42 WARN  no build target for: D:\CURSOS\7MO\Desarrollo_we\Creacion de examen_San-Luis\Backend\src\main\java\pe\edu\utp\sistemaexamenes\controller\CategoriaExamenController.java
2026.06.08 02:45:41 INFO  no build target found for D:\CURSOS\7MO\Desarrollo_we\Creacion de examen_San-Luis\Backend\src\main\java\pe\edu\utp\sistemaexamenes\controller\CategoriaExamenController.java. Using fallback presentation compiler.
2026.06.08 02:45:42 WARN  Running javac-semanticdb failed for file:///D:/CURSOS/7MO/Desarrollo_we/Creacion%20de%20examen_San-Luis/Backend/src/main/java/pe/edu/utp/sistemaexamenes/controller/CategoriaExamenController.java. Output:

2026.06.08 02:45:42 INFO  no build target found for D:\CURSOS\7MO\Desarrollo_we\Creacion de examen_San-Luis\Backend\src\main\java\pe\edu\utp\sistemaexamenes\controller\CategoriaExamenController.java. Using fallback presentation compiler.
2026.06.08 02:45:42 INFO  no build target found for D:\CURSOS\7MO\Desarrollo_we\Creacion de examen_San-Luis\Backend\src\main\java\pe\edu\utp\sistemaexamenes\controller\CategoriaExamenController.java. Using fallback presentation compiler.
2026.06.08 02:45:42 INFO  no build target found for D:\CURSOS\7MO\Desarrollo_we\Creacion de examen_San-Luis\Backend\src\main\java\pe\edu\utp\sistemaexamenes\repository\PreguntaRepository.java. Using fallback presentation compiler.
2026.06.08 02:45:44 INFO  no build target found for D:\CURSOS\7MO\Desarrollo_we\Creacion de examen_San-Luis\Backend\src\main\java\pe\edu\utp\sistemaexamenes\repository\PreguntaRepository.java. Using fallback presentation compiler.
2026.06.08 02:45:44 INFO  no build target found for D:\CURSOS\7MO\Desarrollo_we\Creacion de examen_San-Luis\Backend\src\main\java\pe\edu\utp\sistemaexamenes\repository\PreguntaRepository.java. Using fallback presentation compiler.
2026.06.08 02:45:44 INFO  no build target found for D:\CURSOS\7MO\Desarrollo_we\Creacion de examen_San-Luis\Backend\src\main\java\pe\edu\utp\sistemaexamenes\repository\PreguntaRepository.java. Using fallback presentation compiler.
2026.06.08 02:45:44 INFO  no build target found for D:\CURSOS\7MO\Desarrollo_we\Creacion de examen_San-Luis\Backend\src\main\java\pe\edu\utp\sistemaexamenes\repository\PreguntaRepository.java. Using fallback presentation compiler.
2026.06.08 02:45:44 WARN  no build target for: D:\CURSOS\7MO\Desarrollo_we\Creacion de examen_San-Luis\Backend\src\main\java\pe\edu\utp\sistemaexamenes\repository\PreguntaRepository.java
2026.06.08 02:45:44 WARN  Running javac-semanticdb failed for file:///D:/CURSOS/7MO/Desarrollo_we/Creacion%20de%20examen_San-Luis/Backend/src/main/java/pe/edu/utp/sistemaexamenes/repository/PreguntaRepository.java. Output:

2026.06.08 02:45:44 INFO  no build target found for D:\CURSOS\7MO\Desarrollo_we\Creacion de examen_San-Luis\Backend\src\main\java\pe\edu\utp\sistemaexamenes\repository\PreguntaRepository.java. Using fallback presentation compiler.
2026.06.08 02:45:44 INFO  no build target found for D:\CURSOS\7MO\Desarrollo_we\Creacion de examen_San-Luis\Backend\src\main\java\pe\edu\utp\sistemaexamenes\repository\PreguntaRepository.java. Using fallback presentation compiler.
2026.06.08 02:45:44 INFO  no build target found for D:\CURSOS\7MO\Desarrollo_we\Creacion de examen_San-Luis\Backend\src\main\java\pe\edu\utp\sistemaexamenes\repository\PreguntaRepository.java. Using fallback presentation compiler.
2026.06.08 02:45:45 INFO  no build target found for D:\CURSOS\7MO\Desarrollo_we\Creacion de examen_San-Luis\Backend\src\main\java\pe\edu\utp\sistemaexamenes\service\PreguntaService.java. Using fallback presentation compiler.
2026.06.08 02:45:45 INFO  no build target found for D:\CURSOS\7MO\Desarrollo_we\Creacion de examen_San-Luis\Backend\src\main\java\pe\edu\utp\sistemaexamenes\service\PreguntaService.java. Using fallback presentation compiler.
2026.06.08 02:45:45 INFO  no build target found for D:\CURSOS\7MO\Desarrollo_we\Creacion de examen_San-Luis\Backend\src\main\java\pe\edu\utp\sistemaexamenes\service\PreguntaService.java. Using fallback presentation compiler.
2026.06.08 02:45:45 INFO  no build target found for D:\CURSOS\7MO\Desarrollo_we\Creacion de examen_San-Luis\Backend\src\main\java\pe\edu\utp\sistemaexamenes\service\PreguntaService.java. Using fallback presentation compiler.
2026.06.08 02:45:45 INFO  no build target found for D:\CURSOS\7MO\Desarrollo_we\Creacion de examen_San-Luis\Backend\src\main\java\pe\edu\utp\sistemaexamenes\service\PreguntaService.java. Using fallback presentation compiler.
2026.06.08 02:45:46 WARN  no build target for: D:\CURSOS\7MO\Desarrollo_we\Creacion de examen_San-Luis\Backend\src\main\java\pe\edu\utp\sistemaexamenes\service\PreguntaService.java
2026.06.08 02:45:46 WARN  Running javac-semanticdb failed for file:///D:/CURSOS/7MO/Desarrollo_we/Creacion%20de%20examen_San-Luis/Backend/src/main/java/pe/edu/utp/sistemaexamenes/service/PreguntaService.java. Output:

2026.06.08 02:45:45 INFO  no build target found for D:\CURSOS\7MO\Desarrollo_we\Creacion de examen_San-Luis\Backend\src\main\java\pe\edu\utp\sistemaexamenes\service\PreguntaService.java. Using fallback presentation compiler.
2026.06.08 02:45:46 INFO  no build target found for D:\CURSOS\7MO\Desarrollo_we\Creacion de examen_San-Luis\Backend\src\main\java\pe\edu\utp\sistemaexamenes\service\PreguntaService.java. Using fallback presentation compiler.
2026.06.08 02:45:46 INFO  no build target found for D:\CURSOS\7MO\Desarrollo_we\Creacion de examen_San-Luis\Backend\src\main\java\pe\edu\utp\sistemaexamenes\service\PreguntaService.java. Using fallback presentation compiler.
2026.06.08 02:45:46 INFO  no build target found for D:\CURSOS\7MO\Desarrollo_we\Creacion de examen_San-Luis\Backend\src\main\java\pe\edu\utp\sistemaexamenes\service\impl\PreguntaServiceImpl.java. Using fallback presentation compiler.
2026.06.08 02:45:46 INFO  no build target found for D:\CURSOS\7MO\Desarrollo_we\Creacion de examen_San-Luis\Backend\src\main\java\pe\edu\utp\sistemaexamenes\service\impl\PreguntaServiceImpl.java. Using fallback presentation compiler.
2026.06.08 02:45:48 INFO  no build target found for D:\CURSOS\7MO\Desarrollo_we\Creacion de examen_San-Luis\Backend\src\main\java\pe\edu\utp\sistemaexamenes\service\impl\PreguntaServiceImpl.java. Using fallback presentation compiler.
2026.06.08 02:45:48 INFO  no build target found for D:\CURSOS\7MO\Desarrollo_we\Creacion de examen_San-Luis\Backend\src\main\java\pe\edu\utp\sistemaexamenes\service\impl\PreguntaServiceImpl.java. Using fallback presentation compiler.
2026.06.08 02:45:48 INFO  no build target found for D:\CURSOS\7MO\Desarrollo_we\Creacion de examen_San-Luis\Backend\src\main\java\pe\edu\utp\sistemaexamenes\service\impl\PreguntaServiceImpl.java. Using fallback presentation compiler.
2026.06.08 02:45:48 WARN  no build target for: D:\CURSOS\7MO\Desarrollo_we\Creacion de examen_San-Luis\Backend\src\main\java\pe\edu\utp\sistemaexamenes\service\impl\PreguntaServiceImpl.java
2026.06.08 02:45:48 INFO  no build target found for D:\CURSOS\7MO\Desarrollo_we\Creacion de examen_San-Luis\Backend\src\main\java\pe\edu\utp\sistemaexamenes\service\impl\PreguntaServiceImpl.java. Using fallback presentation compiler.
2026.06.08 02:45:48 WARN  Running javac-semanticdb failed for file:///D:/CURSOS/7MO/Desarrollo_we/Creacion%20de%20examen_San-Luis/Backend/src/main/java/pe/edu/utp/sistemaexamenes/service/impl/PreguntaServiceImpl.java. Output:

2026.06.08 02:45:48 INFO  no build target found for D:\CURSOS\7MO\Desarrollo_we\Creacion de examen_San-Luis\Backend\src\main\java\pe\edu\utp\sistemaexamenes\service\impl\PreguntaServiceImpl.java. Using fallback presentation compiler.
2026.06.08 02:45:48 INFO  no build target found for D:\CURSOS\7MO\Desarrollo_we\Creacion de examen_San-Luis\Backend\src\main\java\pe\edu\utp\sistemaexamenes\service\impl\PreguntaServiceImpl.java. Using fallback presentation compiler.
2026.06.08 02:45:49 INFO  no build target found for D:\CURSOS\7MO\Desarrollo_we\Creacion de examen_San-Luis\Backend\src\main\java\pe\edu\utp\sistemaexamenes\controller\PreguntaController.java. Using fallback presentation compiler.
2026.06.08 02:45:49 INFO  no build target found for D:\CURSOS\7MO\Desarrollo_we\Creacion de examen_San-Luis\Backend\src\main\java\pe\edu\utp\sistemaexamenes\controller\PreguntaController.java. Using fallback presentation compiler.
2026.06.08 02:45:49 INFO  no build target found for D:\CURSOS\7MO\Desarrollo_we\Creacion de examen_San-Luis\Backend\src\main\java\pe\edu\utp\sistemaexamenes\controller\PreguntaController.java. Using fallback presentation compiler.
2026.06.08 02:45:49 INFO  no build target found for D:\CURSOS\7MO\Desarrollo_we\Creacion de examen_San-Luis\Backend\src\main\java\pe\edu\utp\sistemaexamenes\controller\PreguntaController.java. Using fallback presentation compiler.
2026.06.08 02:45:49 INFO  no build target found for D:\CURSOS\7MO\Desarrollo_we\Creacion de examen_San-Luis\Backend\src\main\java\pe\edu\utp\sistemaexamenes\controller\PreguntaController.java. Using fallback presentation compiler.
2026.06.08 02:45:50 WARN  no build target for: D:\CURSOS\7MO\Desarrollo_we\Creacion de examen_San-Luis\Backend\src\main\java\pe\edu\utp\sistemaexamenes\controller\PreguntaController.java
2026.06.08 02:45:49 INFO  no build target found for D:\CURSOS\7MO\Desarrollo_we\Creacion de examen_San-Luis\Backend\src\main\java\pe\edu\utp\sistemaexamenes\controller\PreguntaController.java. Using fallback presentation compiler.
2026.06.08 02:45:50 WARN  Running javac-semanticdb failed for file:///D:/CURSOS/7MO/Desarrollo_we/Creacion%20de%20examen_San-Luis/Backend/src/main/java/pe/edu/utp/sistemaexamenes/controller/PreguntaController.java. Output:

2026.06.08 02:45:50 INFO  no build target found for D:\CURSOS\7MO\Desarrollo_we\Creacion de examen_San-Luis\Backend\src\main\java\pe\edu\utp\sistemaexamenes\controller\PreguntaController.java. Using fallback presentation compiler.
2026.06.08 02:45:50 INFO  no build target found for D:\CURSOS\7MO\Desarrollo_we\Creacion de examen_San-Luis\Backend\src\main\java\pe\edu\utp\sistemaexamenes\controller\PreguntaController.java. Using fallback presentation compiler.
2026.06.08 02:46:25 INFO  no build target found for D:\CURSOS\7MO\Desarrollo_we\Creacion de examen_San-Luis\Backend\src\main\java\pe\edu\utp\sistemaexamenes\controller\PreguntaController.java. Using fallback presentation compiler.
2026.06.08 02:46:25 WARN  no build target for: D:\CURSOS\7MO\Desarrollo_we\Creacion de examen_San-Luis\Backend\src\main\java\pe\edu\utp\sistemaexamenes\controller\PreguntaController.java
2026.06.08 02:46:41 INFO  no build target found for D:\CURSOS\7MO\Desarrollo_we\Creacion de examen_San-Luis\Backend\src\main\java\pe\edu\utp\sistemaexamenes\controller\PreguntaController.java. Using fallback presentation compiler.
2026.06.08 02:46:41 WARN  no build target for: D:\CURSOS\7MO\Desarrollo_we\Creacion de examen_San-Luis\Backend\src\main\java\pe\edu\utp\sistemaexamenes\controller\PreguntaController.java
jun. 08, 2026 3:11:49 A. M. org.eclipse.lsp4j.jsonrpc.services.GenericEndpoint notify
INFO: Unsupported notification method: $/setTrace
jun. 08, 2026 3:11:51 A. M. org.eclipse.lsp4j.jsonrpc.services.GenericEndpoint notify
INFO: Unsupported notification method: $/setTrace
2026.06.08 03:33:31 INFO  no build target found for D:\CURSOS\7MO\Desarrollo_we\Creacion de examen_San-Luis\Backend\src\main\java\pe\edu\utp\sistemaexamenes\repository\PreguntaRepository.java. Using fallback presentation compiler.
2026.06.08 03:33:31 INFO  no build target found for D:\CURSOS\7MO\Desarrollo_we\Creacion de examen_San-Luis\Backend\src\main\java\pe\edu\utp\sistemaexamenes\repository\PreguntaRepository.java. Using fallback presentation compiler.
2026.06.08 03:33:31 INFO  no build target found for D:\CURSOS\7MO\Desarrollo_we\Creacion de examen_San-Luis\Backend\src\main\java\pe\edu\utp\sistemaexamenes\repository\PreguntaRepository.java. Using fallback presentation compiler.
2026.06.08 03:33:32 INFO  no build target found for D:\CURSOS\7MO\Desarrollo_we\Creacion de examen_San-Luis\Backend\src\main\java\pe\edu\utp\sistemaexamenes\repository\PreguntaRepository.java. Using fallback presentation compiler.
jun. 08, 2026 3:33:32 A. M. org.eclipse.lsp4j.jsonrpc.RemoteEndpoint handleCancellation
WARNING: Unmatched cancel notification for request id 1872
2026.06.08 03:33:31 INFO  no build target found for D:\CURSOS\7MO\Desarrollo_we\Creacion de examen_San-Luis\Backend\src\main\java\pe\edu\utp\sistemaexamenes\repository\PreguntaRepository.java. Using fallback presentation compiler.
2026.06.08 03:33:31 INFO  no build target found for D:\CURSOS\7MO\Desarrollo_we\Creacion de examen_San-Luis\Backend\src\main\java\pe\edu\utp\sistemaexamenes\repository\PreguntaRepository.java. Using fallback presentation compiler.
2026.06.08 03:33:33 INFO  no build target found for D:\CURSOS\7MO\Desarrollo_we\Creacion de examen_San-Luis\Backend\src\main\java\pe\edu\utp\sistemaexamenes\repository\PreguntaRepository.java. Using fallback presentation compiler.
2026.06.08 03:33:33 INFO  no build target found for D:\CURSOS\7MO\Desarrollo_we\Creacion de examen_San-Luis\Backend\src\main\java\pe\edu\utp\sistemaexamenes\repository\PreguntaRepository.java. Using fallback presentation compiler.
2026.06.08 03:33:33 INFO  no build target found for D:\CURSOS\7MO\Desarrollo_we\Creacion de examen_San-Luis\Backend\src\main\java\pe\edu\utp\sistemaexamenes\repository\PreguntaRepository.java. Using fallback presentation compiler.
2026.06.08 03:33:33 INFO  no build target found for D:\CURSOS\7MO\Desarrollo_we\Creacion de examen_San-Luis\Backend\src\main\java\pe\edu\utp\sistemaexamenes\repository\PreguntaRepository.java. Using fallback presentation compiler.
2026.06.08 03:33:33 WARN  no build target for: D:\CURSOS\7MO\Desarrollo_we\Creacion de examen_San-Luis\Backend\src\main\java\pe\edu\utp\sistemaexamenes\repository\PreguntaRepository.java
2026.06.08 03:33:34 INFO  no build target found for D:\CURSOS\7MO\Desarrollo_we\Creacion de examen_San-Luis\Backend\src\main\java\pe\edu\utp\sistemaexamenes\repository\PreguntaRepository.java. Using fallback presentation compiler.
2026.06.08 03:33:34 INFO  no build target found for D:\CURSOS\7MO\Desarrollo_we\Creacion de examen_San-Luis\Backend\src\main\java\pe\edu\utp\sistemaexamenes\repository\PreguntaRepository.java. Using fallback presentation compiler.
2026.06.08 03:33:34 INFO  no build target found for D:\CURSOS\7MO\Desarrollo_we\Creacion de examen_San-Luis\Backend\src\main\java\pe\edu\utp\sistemaexamenes\repository\PreguntaRepository.java. Using fallback presentation compiler.
2026.06.08 03:33:34 WARN  Running javac-semanticdb failed for file:///D:/CURSOS/7MO/Desarrollo_we/Creacion%20de%20examen_San-Luis/Backend/src/main/java/pe/edu/utp/sistemaexamenes/repository/PreguntaRepository.java. Output:

2026.06.08 03:33:35 INFO  no build target found for D:\CURSOS\7MO\Desarrollo_we\Creacion de examen_San-Luis\Backend\src\main\java\pe\edu\utp\sistemaexamenes\service\impl\PreguntaServiceImpl.java. Using fallback presentation compiler.
2026.06.08 03:33:35 INFO  no build target found for D:\CURSOS\7MO\Desarrollo_we\Creacion de examen_San-Luis\Backend\src\main\java\pe\edu\utp\sistemaexamenes\service\impl\PreguntaServiceImpl.java. Using fallback presentation compiler.
2026.06.08 03:33:35 INFO  no build target found for D:\CURSOS\7MO\Desarrollo_we\Creacion de examen_San-Luis\Backend\src\main\java\pe\edu\utp\sistemaexamenes\service\impl\PreguntaServiceImpl.java. Using fallback presentation compiler.
2026.06.08 03:33:35 INFO  no build target found for D:\CURSOS\7MO\Desarrollo_we\Creacion de examen_San-Luis\Backend\src\main\java\pe\edu\utp\sistemaexamenes\service\impl\PreguntaServiceImpl.java. Using fallback presentation compiler.
2026.06.08 03:33:35 INFO  no build target found for D:\CURSOS\7MO\Desarrollo_we\Creacion de examen_San-Luis\Backend\src\main\java\pe\edu\utp\sistemaexamenes\service\impl\PreguntaServiceImpl.java. Using fallback presentation compiler.
jun. 08, 2026 3:33:37 A. M. org.eclipse.lsp4j.jsonrpc.RemoteEndpoint handleCancellation
WARNING: Unmatched cancel notification for request id 1895
2026.06.08 03:33:37 INFO  no build target found for D:\CURSOS\7MO\Desarrollo_we\Creacion de examen_San-Luis\Backend\src\main\java\pe\edu\utp\sistemaexamenes\service\impl\PreguntaServiceImpl.java. Using fallback presentation compiler.
2026.06.08 03:33:37 INFO  no build target found for D:\CURSOS\7MO\Desarrollo_we\Creacion de examen_San-Luis\Backend\src\main\java\pe\edu\utp\sistemaexamenes\service\impl\PreguntaServiceImpl.java. Using fallback presentation compiler.
2026.06.08 03:33:37 INFO  no build target found for D:\CURSOS\7MO\Desarrollo_we\Creacion de examen_San-Luis\Backend\src\main\java\pe\edu\utp\sistemaexamenes\service\impl\PreguntaServiceImpl.java. Using fallback presentation compiler.
2026.06.08 03:33:37 INFO  no build target found for D:\CURSOS\7MO\Desarrollo_we\Creacion de examen_San-Luis\Backend\src\main\java\pe\edu\utp\sistemaexamenes\service\impl\PreguntaServiceImpl.java. Using fallback presentation compiler.
2026.06.08 03:33:37 INFO  no build target found for D:\CURSOS\7MO\Desarrollo_we\Creacion de examen_San-Luis\Backend\src\main\java\pe\edu\utp\sistemaexamenes\service\impl\PreguntaServiceImpl.java. Using fallback presentation compiler.
2026.06.08 03:33:38 WARN  no build target for: D:\CURSOS\7MO\Desarrollo_we\Creacion de examen_San-Luis\Backend\src\main\java\pe\edu\utp\sistemaexamenes\service\impl\PreguntaServiceImpl.java
2026.06.08 03:33:38 INFO  no build target found for D:\CURSOS\7MO\Desarrollo_we\Creacion de examen_San-Luis\Backend\src\main\java\pe\edu\utp\sistemaexamenes\service\impl\PreguntaServiceImpl.java. Using fallback presentation compiler.
2026.06.08 03:33:38 INFO  no build target found for D:\CURSOS\7MO\Desarrollo_we\Creacion de examen_San-Luis\Backend\src\main\java\pe\edu\utp\sistemaexamenes\service\impl\PreguntaServiceImpl.java. Using fallback presentation compiler.
2026.06.08 03:33:39 INFO  no build target found for D:\CURSOS\7MO\Desarrollo_we\Creacion de examen_San-Luis\Backend\src\main\java\pe\edu\utp\sistemaexamenes\service\impl\PreguntaServiceImpl.java. Using fallback presentation compiler.
2026.06.08 03:33:39 WARN  Running javac-semanticdb failed for file:///D:/CURSOS/7MO/Desarrollo_we/Creacion%20de%20examen_San-Luis/Backend/src/main/java/pe/edu/utp/sistemaexamenes/service/impl/PreguntaServiceImpl.java. Output:

2026.06.08 03:33:40 INFO  no build target found for D:\CURSOS\7MO\Desarrollo_we\Creacion de examen_San-Luis\Backend\src\main\java\pe\edu\utp\sistemaexamenes\controller\PreguntaController.java. Using fallback presentation compiler.
2026.06.08 03:33:40 INFO  no build target found for D:\CURSOS\7MO\Desarrollo_we\Creacion de examen_San-Luis\Backend\src\main\java\pe\edu\utp\sistemaexamenes\controller\PreguntaController.java. Using fallback presentation compiler.
2026.06.08 03:33:40 INFO  no build target found for D:\CURSOS\7MO\Desarrollo_we\Creacion de examen_San-Luis\Backend\src\main\java\pe\edu\utp\sistemaexamenes\controller\PreguntaController.java. Using fallback presentation compiler.
jun. 08, 2026 3:33:40 A. M. org.eclipse.lsp4j.jsonrpc.RemoteEndpoint handleCancellation
WARNING: Unmatched cancel notification for request id 1916
2026.06.08 03:33:40 INFO  no build target found for D:\CURSOS\7MO\Desarrollo_we\Creacion de examen_San-Luis\Backend\src\main\java\pe\edu\utp\sistemaexamenes\controller\PreguntaController.java. Using fallback presentation compiler.
2026.06.08 03:33:40 INFO  no build target found for D:\CURSOS\7MO\Desarrollo_we\Creacion de examen_San-Luis\Backend\src\main\java\pe\edu\utp\sistemaexamenes\controller\PreguntaController.java. Using fallback presentation compiler.
2026.06.08 03:33:40 INFO  no build target found for D:\CURSOS\7MO\Desarrollo_we\Creacion de examen_San-Luis\Backend\src\main\java\pe\edu\utp\sistemaexamenes\controller\PreguntaController.java. Using fallback presentation compiler.
2026.06.08 03:33:40 INFO  no build target found for D:\CURSOS\7MO\Desarrollo_we\Creacion de examen_San-Luis\Backend\src\main\java\pe\edu\utp\sistemaexamenes\controller\PreguntaController.java. Using fallback presentation compiler.
2026.06.08 03:33:40 INFO  no build target found for D:\CURSOS\7MO\Desarrollo_we\Creacion de examen_San-Luis\Backend\src\main\java\pe\edu\utp\sistemaexamenes\controller\PreguntaController.java. Using fallback presentation compiler.
2026.06.08 03:33:41 WARN  no build target for: D:\CURSOS\7MO\Desarrollo_we\Creacion de examen_San-Luis\Backend\src\main\java\pe\edu\utp\sistemaexamenes\controller\PreguntaController.java
2026.06.08 03:33:41 WARN  Running javac-semanticdb failed for file:///D:/CURSOS/7MO/Desarrollo_we/Creacion%20de%20examen_San-Luis/Backend/src/main/java/pe/edu/utp/sistemaexamenes/controller/PreguntaController.java. Output:

2026.06.08 03:33:41 INFO  no build target found for D:\CURSOS\7MO\Desarrollo_we\Creacion de examen_San-Luis\Backend\src\main\java\pe\edu\utp\sistemaexamenes\controller\PreguntaController.java. Using fallback presentation compiler.
2026.06.08 03:33:41 INFO  no build target found for D:\CURSOS\7MO\Desarrollo_we\Creacion de examen_San-Luis\Backend\src\main\java\pe\edu\utp\sistemaexamenes\controller\PreguntaController.java. Using fallback presentation compiler.
2026.06.08 03:33:42 INFO  no build target found for D:\CURSOS\7MO\Desarrollo_we\Creacion de examen_San-Luis\Backend\src\main\java\pe\edu\utp\sistemaexamenes\controller\PreguntaController.java. Using fallback presentation compiler.
2026.06.08 03:43:45 INFO  no build target found for D:\CURSOS\7MO\Desarrollo_we\Creacion de examen_San-Luis\Backend\src\main\java\pe\edu\utp\sistemaexamenes\dto\response\ArchivoDescargaResponse.java. Using fallback presentation compiler.
2026.06.08 03:43:45 INFO  no build target found for D:\CURSOS\7MO\Desarrollo_we\Creacion de examen_San-Luis\Backend\src\main\java\pe\edu\utp\sistemaexamenes\dto\response\ArchivoDescargaResponse.java. Using fallback presentation compiler.
2026.06.08 03:43:45 INFO  no build target found for D:\CURSOS\7MO\Desarrollo_we\Creacion de examen_San-Luis\Backend\src\main\java\pe\edu\utp\sistemaexamenes\dto\response\ArchivoDescargaResponse.java. Using fallback presentation compiler.
2026.06.08 03:43:45 WARN  no build target for: D:\CURSOS\7MO\Desarrollo_we\Creacion de examen_San-Luis\Backend\src\main\java\pe\edu\utp\sistemaexamenes\dto\response\ArchivoDescargaResponse.java
2026.06.08 03:43:46 WARN  Running javac-semanticdb failed for file:///D:/CURSOS/7MO/Desarrollo_we/Creacion%20de%20examen_San-Luis/Backend/src/main/java/pe/edu/utp/sistemaexamenes/dto/response/ArchivoDescargaResponse.java. Output:

2026.06.08 03:43:46 INFO  no build target found for D:\CURSOS\7MO\Desarrollo_we\Creacion de examen_San-Luis\Backend\src\main\java\pe\edu\utp\sistemaexamenes\dto\response\ArchivoDescargaResponse.java. Using fallback presentation compiler.
2026.06.08 03:43:46 INFO  no build target found for D:\CURSOS\7MO\Desarrollo_we\Creacion de examen_San-Luis\Backend\src\main\java\pe\edu\utp\sistemaexamenes\dto\response\ArchivoDescargaResponse.java. Using fallback presentation compiler.
2026.06.08 03:43:46 INFO  no build target found for D:\CURSOS\7MO\Desarrollo_we\Creacion de examen_San-Luis\Backend\src\main\java\pe\edu\utp\sistemaexamenes\dto\response\ArchivoDescargaResponse.java. Using fallback presentation compiler.
2026.06.08 03:43:48 INFO  no build target found for D:\CURSOS\7MO\Desarrollo_we\Creacion de examen_San-Luis\Backend\src\main\java\pe\edu\utp\sistemaexamenes\service\ExamenPdfService.java. Using fallback presentation compiler.
2026.06.08 03:43:48 INFO  no build target found for D:\CURSOS\7MO\Desarrollo_we\Creacion de examen_San-Luis\Backend\src\main\java\pe\edu\utp\sistemaexamenes\service\ExamenPdfService.java. Using fallback presentation compiler.
2026.06.08 03:43:48 WARN  no build target for: D:\CURSOS\7MO\Desarrollo_we\Creacion de examen_San-Luis\Backend\src\main\java\pe\edu\utp\sistemaexamenes\service\ExamenPdfService.java
2026.06.08 03:43:48 WARN  Running javac-semanticdb failed for file:///D:/CURSOS/7MO/Desarrollo_we/Creacion%20de%20examen_San-Luis/Backend/src/main/java/pe/edu/utp/sistemaexamenes/service/ExamenPdfService.java. Output:

2026.06.08 03:43:48 INFO  no build target found for D:\CURSOS\7MO\Desarrollo_we\Creacion de examen_San-Luis\Backend\src\main\java\pe\edu\utp\sistemaexamenes\service\ExamenPdfService.java. Using fallback presentation compiler.
2026.06.08 03:43:48 INFO  no build target found for D:\CURSOS\7MO\Desarrollo_we\Creacion de examen_San-Luis\Backend\src\main\java\pe\edu\utp\sistemaexamenes\service\ExamenPdfService.java. Using fallback presentation compiler.
2026.06.08 03:43:49 INFO  no build target found for D:\CURSOS\7MO\Desarrollo_we\Creacion de examen_San-Luis\Backend\src\main\java\pe\edu\utp\sistemaexamenes\service\ExamenPdfService.java. Using fallback presentation compiler.
2026.06.08 03:43:51 INFO  no build target found for D:\CURSOS\7MO\Desarrollo_we\Creacion de examen_San-Luis\Backend\src\main\java\pe\edu\utp\sistemaexamenes\service\impl\ExamenPdfServiceImpl.java. Using fallback presentation compiler.
2026.06.08 03:43:51 INFO  no build target found for D:\CURSOS\7MO\Desarrollo_we\Creacion de examen_San-Luis\Backend\src\main\java\pe\edu\utp\sistemaexamenes\service\impl\ExamenPdfServiceImpl.java. Using fallback presentation compiler.
2026.06.08 03:43:51 INFO  no build target found for D:\CURSOS\7MO\Desarrollo_we\Creacion de examen_San-Luis\Backend\src\main\java\pe\edu\utp\sistemaexamenes\service\impl\ExamenPdfServiceImpl.java. Using fallback presentation compiler.
2026.06.08 03:43:53 WARN  no build target for: D:\CURSOS\7MO\Desarrollo_we\Creacion de examen_San-Luis\Backend\src\main\java\pe\edu\utp\sistemaexamenes\service\impl\ExamenPdfServiceImpl.java
2026.06.08 03:43:54 INFO  no build target found for D:\CURSOS\7MO\Desarrollo_we\Creacion de examen_San-Luis\Backend\src\main\java\pe\edu\utp\sistemaexamenes\service\impl\ExamenPdfServiceImpl.java. Using fallback presentation compiler.
2026.06.08 03:43:53 WARN  no build target for: D:\CURSOS\7MO\Desarrollo_we\Creacion de examen_San-Luis\Backend\src\main\java\pe\edu\utp\sistemaexamenes\service\impl\ExamenPdfServiceImpl.java
2026.06.08 03:43:54 WARN  Running javac-semanticdb failed for file:///D:/CURSOS/7MO/Desarrollo_we/Creacion%20de%20examen_San-Luis/Backend/src/main/java/pe/edu/utp/sistemaexamenes/service/impl/ExamenPdfServiceImpl.java. Output:

2026.06.08 03:43:54 INFO  no build target found for D:\CURSOS\7MO\Desarrollo_we\Creacion de examen_San-Luis\Backend\src\main\java\pe\edu\utp\sistemaexamenes\service\impl\ExamenPdfServiceImpl.java. Using fallback presentation compiler.
2026.06.08 03:43:54 INFO  no build target found for D:\CURSOS\7MO\Desarrollo_we\Creacion de examen_San-Luis\Backend\src\main\java\pe\edu\utp\sistemaexamenes\service\impl\ExamenPdfServiceImpl.java. Using fallback presentation compiler.
2026.06.08 03:43:55 INFO  no build target found for D:\CURSOS\7MO\Desarrollo_we\Creacion de examen_San-Luis\Backend\src\main\java\pe\edu\utp\sistemaexamenes\controller\ExamenController.java. Using fallback presentation compiler.
2026.06.08 03:43:55 INFO  no build target found for D:\CURSOS\7MO\Desarrollo_we\Creacion de examen_San-Luis\Backend\src\main\java\pe\edu\utp\sistemaexamenes\controller\ExamenController.java. Using fallback presentation compiler.
2026.06.08 03:43:55 INFO  no build target found for D:\CURSOS\7MO\Desarrollo_we\Creacion de examen_San-Luis\Backend\src\main\java\pe\edu\utp\sistemaexamenes\controller\ExamenController.java. Using fallback presentation compiler.
2026.06.08 03:43:55 INFO  no build target found for D:\CURSOS\7MO\Desarrollo_we\Creacion de examen_San-Luis\Backend\src\main\java\pe\edu\utp\sistemaexamenes\controller\ExamenController.java. Using fallback presentation compiler.
2026.06.08 03:43:56 WARN  no build target for: D:\CURSOS\7MO\Desarrollo_we\Creacion de examen_San-Luis\Backend\src\main\java\pe\edu\utp\sistemaexamenes\controller\ExamenController.java
2026.06.08 03:43:56 WARN  Running javac-semanticdb failed for file:///D:/CURSOS/7MO/Desarrollo_we/Creacion%20de%20examen_San-Luis/Backend/src/main/java/pe/edu/utp/sistemaexamenes/controller/ExamenController.java. Output:

2026.06.08 03:43:57 INFO  no build target found for D:\CURSOS\7MO\Desarrollo_we\Creacion de examen_San-Luis\Backend\src\main\java\pe\edu\utp\sistemaexamenes\controller\ExamenController.java. Using fallback presentation compiler.
2026.06.08 03:43:57 INFO  no build target found for D:\CURSOS\7MO\Desarrollo_we\Creacion de examen_San-Luis\Backend\src\main\java\pe\edu\utp\sistemaexamenes\controller\ExamenController.java. Using fallback presentation compiler.
2026.06.08 03:43:57 INFO  no build target found for D:\CURSOS\7MO\Desarrollo_we\Creacion de examen_San-Luis\Backend\src\main\java\pe\edu\utp\sistemaexamenes\controller\ExamenController.java. Using fallback presentation compiler.
2026.06.08 03:44:44 INFO  no build target found for D:\CURSOS\7MO\Desarrollo_we\Creacion de examen_San-Luis\Backend\src\main\java\pe\edu\utp\sistemaexamenes\service\impl\ExamenPdfServiceImpl.java. Using fallback presentation compiler.
2026.06.08 03:44:44 WARN  no build target for: D:\CURSOS\7MO\Desarrollo_we\Creacion de examen_San-Luis\Backend\src\main\java\pe\edu\utp\sistemaexamenes\service\impl\ExamenPdfServiceImpl.java
2026.06.08 03:44:44 INFO  no build target found for D:\CURSOS\7MO\Desarrollo_we\Creacion de examen_San-Luis\Backend\src\main\java\pe\edu\utp\sistemaexamenes\service\impl\ExamenPdfServiceImpl.java. Using fallback presentation compiler.
2026.06.08 03:44:44 INFO  no build target found for D:\CURSOS\7MO\Desarrollo_we\Creacion de examen_San-Luis\Backend\src\main\java\pe\edu\utp\sistemaexamenes\service\impl\ExamenPdfServiceImpl.java. Using fallback presentation compiler.
2026.06.08 03:44:44 WARN  no build target for: D:\CURSOS\7MO\Desarrollo_we\Creacion de examen_San-Luis\Backend\src\main\java\pe\edu\utp\sistemaexamenes\service\impl\ExamenPdfServiceImpl.java
2026.06.08 03:44:45 INFO  no build target found for D:\CURSOS\7MO\Desarrollo_we\Creacion de examen_San-Luis\Backend\src\main\java\pe\edu\utp\sistemaexamenes\service\impl\ExamenPdfServiceImpl.java. Using fallback presentation compiler.
2026.06.08 03:44:45 WARN  no build target for: D:\CURSOS\7MO\Desarrollo_we\Creacion de examen_San-Luis\Backend\src\main\java\pe\edu\utp\sistemaexamenes\service\impl\ExamenPdfServiceImpl.java
2026.06.08 03:44:45 WARN  Running javac-semanticdb failed for file:///D:/CURSOS/7MO/Desarrollo_we/Creacion%20de%20examen_San-Luis/Backend/src/main/java/pe/edu/utp/sistemaexamenes/service/impl/ExamenPdfServiceImpl.java. Output:

2026.06.08 03:44:45 INFO  no build target found for D:\CURSOS\7MO\Desarrollo_we\Creacion de examen_San-Luis\Backend\src\main\java\pe\edu\utp\sistemaexamenes\service\impl\ExamenPdfServiceImpl.java. Using fallback presentation compiler.
2026.06.08 03:44:45 WARN  no build target for: D:\CURSOS\7MO\Desarrollo_we\Creacion de examen_San-Luis\Backend\src\main\java\pe\edu\utp\sistemaexamenes\service\impl\ExamenPdfServiceImpl.java
2026.06.08 03:44:46 INFO  no build target found for D:\CURSOS\7MO\Desarrollo_we\Creacion de examen_San-Luis\Backend\src\main\java\pe\edu\utp\sistemaexamenes\service\impl\ExamenPdfServiceImpl.java. Using fallback presentation compiler.
2026.06.08 03:44:46 INFO  no build target found for D:\CURSOS\7MO\Desarrollo_we\Creacion de examen_San-Luis\Backend\src\main\java\pe\edu\utp\sistemaexamenes\service\impl\ExamenPdfServiceImpl.java. Using fallback presentation compiler.
2026.06.08 03:44:46 INFO  no build target found for D:\CURSOS\7MO\Desarrollo_we\Creacion de examen_San-Luis\Backend\src\main\java\pe\edu\utp\sistemaexamenes\service\impl\ExamenPdfServiceImpl.java. Using fallback presentation compiler.
2026.06.08 03:47:01 INFO  Shutting down server
2026.06.08 03:47:01 INFO  Memory monitor stopped
2026.06.08 03:47:01 INFO  shutting down Metals
2026.06.08 03:47:01 INFO  Exiting server
2026.06.08 09:59:09 INFO  Started: Metals version 1.6.7 in folders 'D:\CURSOS\7MO\Desarrollo_we\Creacion de examen_San-Luis' for client Visual Studio Code 1.123.0.
2026.06.08 09:59:09 INFO  Memory monitor started
2026.06.08 09:59:11 WARN  Using H2 2.4.240 which is newer than the version Flyway has been verified with. The latest verified version of H2 is 2.3.232.
2026.06.08 09:59:11 INFO  no build target found for D:\CURSOS\7MO\Desarrollo_we\Creacion de examen_San-Luis\Backend\src\main\java\pe\edu\utp\sistemaexamenes\service\impl\ExamenServiceImpl.java. Using fallback presentation compiler.
2026.06.08 09:59:12 INFO  no build target found for D:\CURSOS\7MO\Desarrollo_we\Creacion de examen_San-Luis\Backend\src\main\java\pe\edu\utp\sistemaexamenes\service\impl\ExamenServiceImpl.java. Using fallback presentation compiler.
2026.06.08 10:02:37 INFO  no build target found for D:\CURSOS\7MO\Desarrollo_we\Creacion de examen_San-Luis\Backend\src\main\java\pe\edu\utp\sistemaexamenes\service\impl\ExamenServiceImpl.java. Using fallback presentation compiler.
2026.06.08 10:15:00 INFO  no build target found for D:\CURSOS\7MO\Desarrollo_we\Creacion de examen_San-Luis\Backend\src\main\java\pe\edu\utp\sistemaexamenes\service\impl\ExamenServiceImpl.java. Using fallback presentation compiler.
2026.06.08 10:15:00 INFO  no build target found for D:\CURSOS\7MO\Desarrollo_we\Creacion de examen_San-Luis\Backend\src\main\java\pe\edu\utp\sistemaexamenes\service\impl\ExamenServiceImpl.java. Using fallback presentation compiler.
jun. 08, 2026 10:15:01 A. M. org.eclipse.lsp4j.jsonrpc.RemoteEndpoint handleCancellation
WARNING: Unmatched cancel notification for request id 9
2026.06.08 10:15:00 INFO  no build target found for D:\CURSOS\7MO\Desarrollo_we\Creacion de examen_San-Luis\Backend\src\main\java\pe\edu\utp\sistemaexamenes\service\impl\ExamenServiceImpl.java. Using fallback presentation compiler.
jun. 08, 2026 10:15:01 A. M. org.eclipse.lsp4j.jsonrpc.RemoteEndpoint handleCancellation
WARNING: Unmatched cancel notification for request id 11
jun. 08, 2026 10:15:01 A. M. org.eclipse.lsp4j.jsonrpc.RemoteEndpoint handleCancellation
WARNING: Unmatched cancel notification for request id 10
2026.06.08 10:15:02 INFO  no build target found for D:\CURSOS\7MO\Desarrollo_we\Creacion de examen_San-Luis\Backend\src\main\java\pe\edu\utp\sistemaexamenes\service\impl\ExamenServiceImpl.java. Using fallback presentation compiler.
2026.06.08 10:15:02 INFO  no build target found for D:\CURSOS\7MO\Desarrollo_we\Creacion de examen_San-Luis\Backend\src\main\java\pe\edu\utp\sistemaexamenes\service\impl\ExamenServiceImpl.java. Using fallback presentation compiler.
2026.06.08 10:15:02 INFO  no build target found for D:\CURSOS\7MO\Desarrollo_we\Creacion de examen_San-Luis\Backend\src\main\java\pe\edu\utp\sistemaexamenes\service\impl\ExamenServiceImpl.java. Using fallback presentation compiler.
2026.06.08 10:15:02 WARN  no build target for: D:\CURSOS\7MO\Desarrollo_we\Creacion de examen_San-Luis\Backend\src\main\java\pe\edu\utp\sistemaexamenes\service\impl\ExamenServiceImpl.java
2026.06.08 10:15:02 INFO  no build target found for D:\CURSOS\7MO\Desarrollo_we\Creacion de examen_San-Luis\Backend\src\main\java\pe\edu\utp\sistemaexamenes\service\impl\ExamenServiceImpl.java. Using fallback presentation compiler.
2026.06.08 10:15:03 INFO  no build target found for D:\CURSOS\7MO\Desarrollo_we\Creacion de examen_San-Luis\Backend\src\main\java\pe\edu\utp\sistemaexamenes\service\impl\ExamenServiceImpl.java. Using fallback presentation compiler.
2026.06.08 10:15:03 WARN  Running javac-semanticdb failed for file:///D:/CURSOS/7MO/Desarrollo_we/Creacion%20de%20examen_San-Luis/Backend/src/main/java/pe/edu/utp/sistemaexamenes/service/impl/ExamenServiceImpl.java. Output:

2026.06.08 10:15:04 INFO  no build target found for D:\CURSOS\7MO\Desarrollo_we\Creacion de examen_San-Luis\Backend\src\main\java\pe\edu\utp\sistemaexamenes\service\impl\ExamenServiceImpl.java. Using fallback presentation compiler.
2026.06.08 10:15:20 INFO  no build target found for D:\CURSOS\7MO\Desarrollo_we\Creacion de examen_San-Luis\Backend\src\main\java\pe\edu\utp\sistemaexamenes\service\impl\ExamenServiceImpl.java. Using fallback presentation compiler.
jun. 08, 2026 10:15:20 A. M. org.eclipse.lsp4j.jsonrpc.RemoteEndpoint handleCancellation
WARNING: Unmatched cancel notification for request id 24
2026.06.08 10:15:20 INFO  no build target found for D:\CURSOS\7MO\Desarrollo_we\Creacion de examen_San-Luis\Backend\src\main\java\pe\edu\utp\sistemaexamenes\service\impl\ExamenServiceImpl.java. Using fallback presentation compiler.
2026.06.08 10:15:20 INFO  no build target found for D:\CURSOS\7MO\Desarrollo_we\Creacion de examen_San-Luis\Backend\src\main\java\pe\edu\utp\sistemaexamenes\service\impl\ExamenServiceImpl.java. Using fallback presentation compiler.
2026.06.08 10:15:20 INFO  no build target found for D:\CURSOS\7MO\Desarrollo_we\Creacion de examen_San-Luis\Backend\src\main\java\pe\edu\utp\sistemaexamenes\service\impl\ExamenServiceImpl.java. Using fallback presentation compiler.
2026.06.08 10:15:20 INFO  no build target found for D:\CURSOS\7MO\Desarrollo_we\Creacion de examen_San-Luis\Backend\src\main\java\pe\edu\utp\sistemaexamenes\service\impl\ExamenServiceImpl.java. Using fallback presentation compiler.
2026.06.08 10:15:20 INFO  no build target found for D:\CURSOS\7MO\Desarrollo_we\Creacion de examen_San-Luis\Backend\src\main\java\pe\edu\utp\sistemaexamenes\service\impl\ExamenServiceImpl.java. Using fallback presentation compiler.
jun. 08, 2026 10:15:21 A. M. org.eclipse.lsp4j.jsonrpc.RemoteEndpoint handleCancellation
WARNING: Unmatched cancel notification for request id 25
jun. 08, 2026 10:15:21 A. M. org.eclipse.lsp4j.jsonrpc.RemoteEndpoint handleCancellation
WARNING: Unmatched cancel notification for request id 29
2026.06.08 10:15:20 INFO  no build target found for D:\CURSOS\7MO\Desarrollo_we\Creacion de examen_San-Luis\Backend\src\main\java\pe\edu\utp\sistemaexamenes\service\impl\ExamenServiceImpl.java. Using fallback presentation compiler.
jun. 08, 2026 10:15:21 A. M. org.eclipse.lsp4j.jsonrpc.RemoteEndpoint handleCancellation
WARNING: Unmatched cancel notification for request id 26
jun. 08, 2026 10:15:21 A. M. org.eclipse.lsp4j.jsonrpc.RemoteEndpoint handleCancellation
WARNING: Unmatched cancel notification for request id 27
jun. 08, 2026 10:15:21 A. M. org.eclipse.lsp4j.jsonrpc.RemoteEndpoint handleCancellation
WARNING: Unmatched cancel notification for request id 28
jun. 08, 2026 10:15:21 A. M. org.eclipse.lsp4j.jsonrpc.RemoteEndpoint handleCancellation
WARNING: Unmatched cancel notification for request id 30
2026.06.08 10:15:20 INFO  no build target found for D:\CURSOS\7MO\Desarrollo_we\Creacion de examen_San-Luis\Backend\src\main\java\pe\edu\utp\sistemaexamenes\service\impl\ExamenServiceImpl.java. Using fallback presentation compiler.
2026.06.08 10:15:20 INFO  no build target found for D:\CURSOS\7MO\Desarrollo_we\Creacion de examen_San-Luis\Backend\src\main\java\pe\edu\utp\sistemaexamenes\service\impl\ExamenServiceImpl.java. Using fallback presentation compiler.
2026.06.08 10:15:21 INFO  no build target found for D:\CURSOS\7MO\Desarrollo_we\Creacion de examen_San-Luis\Backend\src\main\java\pe\edu\utp\sistemaexamenes\service\impl\ExamenServiceImpl.java. Using fallback presentation compiler.
2026.06.08 10:15:21 INFO  no build target found for D:\CURSOS\7MO\Desarrollo_we\Creacion de examen_San-Luis\Backend\src\main\java\pe\edu\utp\sistemaexamenes\service\impl\ExamenServiceImpl.java. Using fallback presentation compiler.
2026.06.08 10:15:21 INFO  no build target found for D:\CURSOS\7MO\Desarrollo_we\Creacion de examen_San-Luis\Backend\src\main\java\pe\edu\utp\sistemaexamenes\service\impl\ExamenServiceImpl.java. Using fallback presentation compiler.
jun. 08, 2026 10:15:21 A. M. org.eclipse.lsp4j.jsonrpc.RemoteEndpoint handleCancellation
WARNING: Unmatched cancel notification for request id 35
jun. 08, 2026 10:15:21 A. M. org.eclipse.lsp4j.jsonrpc.RemoteEndpoint handleCancellation
WARNING: Unmatched cancel notification for request id 31
jun. 08, 2026 10:15:21 A. M. org.eclipse.lsp4j.jsonrpc.RemoteEndpoint handleCancellation
WARNING: Unmatched cancel notification for request id 32
jun. 08, 2026 10:15:21 A. M. org.eclipse.lsp4j.jsonrpc.RemoteEndpoint handleCancellation
WARNING: Unmatched cancel notification for request id 33
jun. 08, 2026 10:15:21 A. M. org.eclipse.lsp4j.jsonrpc.RemoteEndpoint handleCancellation
WARNING: Unmatched cancel notification for request id 34
2026.06.08 10:15:32 INFO  no build target found for D:\CURSOS\7MO\Desarrollo_we\Creacion de examen_San-Luis\Backend\src\main\java\pe\edu\utp\sistemaexamenes\service\impl\ExamenServiceImpl.java. Using fallback presentation compiler.
2026.06.08 10:15:32 WARN  no build target for: D:\CURSOS\7MO\Desarrollo_we\Creacion de examen_San-Luis\Backend\src\main\java\pe\edu\utp\sistemaexamenes\service\impl\ExamenServiceImpl.java
2026.06.08 10:22:48 INFO  no build target found for D:\CURSOS\7MO\Desarrollo_we\Creacion de examen_San-Luis\Backend\src\main\java\pe\edu\utp\sistemaexamenes\service\impl\ExamenPdfServiceImpl.java. Using fallback presentation compiler.
jun. 08, 2026 10:22:49 A. M. org.eclipse.lsp4j.jsonrpc.RemoteEndpoint handleCancellation
WARNING: Unmatched cancel notification for request id 38
2026.06.08 10:22:49 INFO  no build target found for D:\CURSOS\7MO\Desarrollo_we\Creacion de examen_San-Luis\Backend\src\main\java\pe\edu\utp\sistemaexamenes\service\impl\ExamenPdfServiceImpl.java. Using fallback presentation compiler.
jun. 08, 2026 10:22:49 A. M. org.eclipse.lsp4j.jsonrpc.RemoteEndpoint handleCancellation
WARNING: Unmatched cancel notification for request id 40
jun. 08, 2026 10:22:49 A. M. org.eclipse.lsp4j.jsonrpc.RemoteEndpoint handleCancellation
WARNING: Unmatched cancel notification for request id 39
2026.06.08 10:22:49 INFO  no build target found for D:\CURSOS\7MO\Desarrollo_we\Creacion de examen_San-Luis\Backend\src\main\java\pe\edu\utp\sistemaexamenes\service\impl\ExamenPdfServiceImpl.java. Using fallback presentation compiler.
2026.06.08 10:22:49 INFO  no build target found for D:\CURSOS\7MO\Desarrollo_we\Creacion de examen_San-Luis\Backend\src\main\java\pe\edu\utp\sistemaexamenes\service\impl\ExamenPdfServiceImpl.java. Using fallback presentation compiler.
jun. 08, 2026 10:22:50 A. M. org.eclipse.lsp4j.jsonrpc.RemoteEndpoint handleCancellation
WARNING: Unmatched cancel notification for request id 42
2026.06.08 10:22:49 INFO  no build target found for D:\CURSOS\7MO\Desarrollo_we\Creacion de examen_San-Luis\Backend\src\main\java\pe\edu\utp\sistemaexamenes\service\impl\ExamenPdfServiceImpl.java. Using fallback presentation compiler.
jun. 08, 2026 10:22:50 A. M. org.eclipse.lsp4j.jsonrpc.RemoteEndpoint handleCancellation
WARNING: Unmatched cancel notification for request id 45
2026.06.08 10:22:49 INFO  no build target found for D:\CURSOS\7MO\Desarrollo_we\Creacion de examen_San-Luis\Backend\src\main\java\pe\edu\utp\sistemaexamenes\service\impl\ExamenPdfServiceImpl.java. Using fallback presentation compiler.
2026.06.08 10:22:50 WARN  no build target for: D:\CURSOS\7MO\Desarrollo_we\Creacion de examen_San-Luis\Backend\src\main\java\pe\edu\utp\sistemaexamenes\service\impl\ExamenPdfServiceImpl.java
2026.06.08 10:22:50 INFO  no build target found for D:\CURSOS\7MO\Desarrollo_we\Creacion de examen_San-Luis\Backend\src\main\java\pe\edu\utp\sistemaexamenes\service\impl\ExamenPdfServiceImpl.java. Using fallback presentation compiler.
2026.06.08 10:22:50 INFO  no build target found for D:\CURSOS\7MO\Desarrollo_we\Creacion de examen_San-Luis\Backend\src\main\java\pe\edu\utp\sistemaexamenes\service\impl\ExamenPdfServiceImpl.java. Using fallback presentation compiler.
2026.06.08 10:22:51 INFO  no build target found for D:\CURSOS\7MO\Desarrollo_we\Creacion de examen_San-Luis\Backend\src\main\java\pe\edu\utp\sistemaexamenes\service\impl\ExamenPdfServiceImpl.java. Using fallback presentation compiler.
2026.06.08 10:22:52 WARN  Running javac-semanticdb failed for file:///D:/CURSOS/7MO/Desarrollo_we/Creacion%20de%20examen_San-Luis/Backend/src/main/java/pe/edu/utp/sistemaexamenes/service/impl/ExamenPdfServiceImpl.java. Output:

2026.06.08 10:34:38 INFO  no build target found for D:\CURSOS\7MO\Desarrollo_we\Creacion de examen_San-Luis\Backend\src\main\java\pe\edu\utp\sistemaexamenes\dto\request\CategoriaExamenRequest.java. Using fallback presentation compiler.
jun. 08, 2026 10:34:39 A. M. org.eclipse.lsp4j.jsonrpc.RemoteEndpoint handleCancellation
WARNING: Unmatched cancel notification for request id 55
2026.06.08 10:34:38 INFO  no build target found for D:\CURSOS\7MO\Desarrollo_we\Creacion de examen_San-Luis\Backend\src\main\java\pe\edu\utp\sistemaexamenes\dto\request\CategoriaExamenRequest.java. Using fallback presentation compiler.
jun. 08, 2026 10:34:39 A. M. org.eclipse.lsp4j.jsonrpc.RemoteEndpoint handleCancellation
WARNING: Unmatched cancel notification for request id 57
jun. 08, 2026 10:34:39 A. M. org.eclipse.lsp4j.jsonrpc.RemoteEndpoint handleCancellation
WARNING: Unmatched cancel notification for request id 56
2026.06.08 10:34:38 INFO  no build target found for D:\CURSOS\7MO\Desarrollo_we\Creacion de examen_San-Luis\Backend\src\main\java\pe\edu\utp\sistemaexamenes\dto\request\CategoriaExamenRequest.java. Using fallback presentation compiler.
2026.06.08 10:34:38 INFO  no build target found for D:\CURSOS\7MO\Desarrollo_we\Creacion de examen_San-Luis\Backend\src\main\java\pe\edu\utp\sistemaexamenes\dto\request\CategoriaExamenRequest.java. Using fallback presentation compiler.
jun. 08, 2026 10:34:39 A. M. org.eclipse.lsp4j.jsonrpc.RemoteEndpoint handleCancellation
WARNING: Unmatched cancel notification for request id 59
2026.06.08 10:34:38 INFO  no build target found for D:\CURSOS\7MO\Desarrollo_we\Creacion de examen_San-Luis\Backend\src\main\java\pe\edu\utp\sistemaexamenes\dto\request\CategoriaExamenRequest.java. Using fallback presentation compiler.
2026.06.08 10:34:38 INFO  no build target found for D:\CURSOS\7MO\Desarrollo_we\Creacion de examen_San-Luis\Backend\src\main\java\pe\edu\utp\sistemaexamenes\dto\request\CategoriaExamenRequest.java. Using fallback presentation compiler.
2026.06.08 10:34:39 INFO  no build target found for D:\CURSOS\7MO\Desarrollo_we\Creacion de examen_San-Luis\Backend\src\main\java\pe\edu\utp\sistemaexamenes\dto\request\CategoriaExamenRequest.java. Using fallback presentation compiler.
jun. 08, 2026 10:34:39 A. M. org.eclipse.lsp4j.jsonrpc.RemoteEndpoint handleCancellation
WARNING: Unmatched cancel notification for request id 64
2026.06.08 10:34:39 INFO  no build target found for D:\CURSOS\7MO\Desarrollo_we\Creacion de examen_San-Luis\Backend\src\main\java\pe\edu\utp\sistemaexamenes\dto\request\CategoriaExamenRequest.java. Using fallback presentation compiler.
2026.06.08 10:34:39 WARN  no build target for: D:\CURSOS\7MO\Desarrollo_we\Creacion de examen_San-Luis\Backend\src\main\java\pe\edu\utp\sistemaexamenes\dto\request\CategoriaExamenRequest.java
2026.06.08 10:34:39 INFO  no build target found for D:\CURSOS\7MO\Desarrollo_we\Creacion de examen_San-Luis\Backend\src\main\java\pe\edu\utp\sistemaexamenes\dto\request\CategoriaExamenRequest.java. Using fallback presentation compiler.
2026.06.08 10:34:39 INFO  no build target found for D:\CURSOS\7MO\Desarrollo_we\Creacion de examen_San-Luis\Backend\src\main\java\pe\edu\utp\sistemaexamenes\dto\request\CategoriaExamenRequest.java. Using fallback presentation compiler.
2026.06.08 10:34:40 INFO  no build target found for D:\CURSOS\7MO\Desarrollo_we\Creacion de examen_San-Luis\Backend\src\main\java\pe\edu\utp\sistemaexamenes\dto\request\CategoriaExamenRequest.java. Using fallback presentation compiler.
2026.06.08 10:34:40 WARN  Running javac-semanticdb failed for file:///D:/CURSOS/7MO/Desarrollo_we/Creacion%20de%20examen_San-Luis/Backend/src/main/java/pe/edu/utp/sistemaexamenes/dto/request/CategoriaExamenRequest.java. Output:

2026.06.08 10:34:41 INFO  no build target found for D:\CURSOS\7MO\Desarrollo_we\Creacion de examen_San-Luis\Backend\src\main\java\pe\edu\utp\sistemaexamenes\dto\response\CategoriaExamenResponse.java. Using fallback presentation compiler.
2026.06.08 10:34:41 INFO  no build target found for D:\CURSOS\7MO\Desarrollo_we\Creacion de examen_San-Luis\Backend\src\main\java\pe\edu\utp\sistemaexamenes\dto\response\CategoriaExamenResponse.java. Using fallback presentation compiler.
2026.06.08 10:34:41 INFO  no build target found for D:\CURSOS\7MO\Desarrollo_we\Creacion de examen_San-Luis\Backend\src\main\java\pe\edu\utp\sistemaexamenes\dto\response\CategoriaExamenResponse.java. Using fallback presentation compiler.
2026.06.08 10:34:41 INFO  no build target found for D:\CURSOS\7MO\Desarrollo_we\Creacion de examen_San-Luis\Backend\src\main\java\pe\edu\utp\sistemaexamenes\dto\response\CategoriaExamenResponse.java. Using fallback presentation compiler.
2026.06.08 10:34:41 INFO  no build target found for D:\CURSOS\7MO\Desarrollo_we\Creacion de examen_San-Luis\Backend\src\main\java\pe\edu\utp\sistemaexamenes\dto\response\CategoriaExamenResponse.java. Using fallback presentation compiler.
2026.06.08 10:34:42 INFO  no build target found for D:\CURSOS\7MO\Desarrollo_we\Creacion de examen_San-Luis\Backend\src\main\java\pe\edu\utp\sistemaexamenes\dto\response\CategoriaExamenResponse.java. Using fallback presentation compiler.
2026.06.08 10:34:42 WARN  no build target for: D:\CURSOS\7MO\Desarrollo_we\Creacion de examen_San-Luis\Backend\src\main\java\pe\edu\utp\sistemaexamenes\dto\response\CategoriaExamenResponse.java
2026.06.08 10:34:41 INFO  no build target found for D:\CURSOS\7MO\Desarrollo_we\Creacion de examen_San-Luis\Backend\src\main\java\pe\edu\utp\sistemaexamenes\dto\response\CategoriaExamenResponse.java. Using fallback presentation compiler.
2026.06.08 10:34:42 WARN  Running javac-semanticdb failed for file:///D:/CURSOS/7MO/Desarrollo_we/Creacion%20de%20examen_San-Luis/Backend/src/main/java/pe/edu/utp/sistemaexamenes/dto/response/CategoriaExamenResponse.java. Output:

2026.06.08 10:34:42 INFO  no build target found for D:\CURSOS\7MO\Desarrollo_we\Creacion de examen_San-Luis\Backend\src\main\java\pe\edu\utp\sistemaexamenes\dto\response\CategoriaExamenResponse.java. Using fallback presentation compiler.
2026.06.08 10:34:42 INFO  no build target found for D:\CURSOS\7MO\Desarrollo_we\Creacion de examen_San-Luis\Backend\src\main\java\pe\edu\utp\sistemaexamenes\dto\response\CategoriaExamenResponse.java. Using fallback presentation compiler.
2026.06.08 10:34:44 INFO  no build target found for D:\CURSOS\7MO\Desarrollo_we\Creacion de examen_San-Luis\Backend\src\main\java\pe\edu\utp\sistemaexamenes\model\CategoriaExamen.java. Using fallback presentation compiler.
jun. 08, 2026 10:34:44 A. M. org.eclipse.lsp4j.jsonrpc.RemoteEndpoint handleCancellation
WARNING: Unmatched cancel notification for request id 89
2026.06.08 10:34:44 INFO  no build target found for D:\CURSOS\7MO\Desarrollo_we\Creacion de examen_San-Luis\Backend\src\main\java\pe\edu\utp\sistemaexamenes\model\CategoriaExamen.java. Using fallback presentation compiler.
jun. 08, 2026 10:34:44 A. M. org.eclipse.lsp4j.jsonrpc.RemoteEndpoint handleCancellation
WARNING: Unmatched cancel notification for request id 91
jun. 08, 2026 10:34:44 A. M. org.eclipse.lsp4j.jsonrpc.RemoteEndpoint handleCancellation
WARNING: Unmatched cancel notification for request id 90
2026.06.08 10:34:44 INFO  no build target found for D:\CURSOS\7MO\Desarrollo_we\Creacion de examen_San-Luis\Backend\src\main\java\pe\edu\utp\sistemaexamenes\model\CategoriaExamen.java. Using fallback presentation compiler.
2026.06.08 10:34:44 INFO  no build target found for D:\CURSOS\7MO\Desarrollo_we\Creacion de examen_San-Luis\Backend\src\main\java\pe\edu\utp\sistemaexamenes\model\CategoriaExamen.java. Using fallback presentation compiler.
2026.06.08 10:34:44 INFO  no build target found for D:\CURSOS\7MO\Desarrollo_we\Creacion de examen_San-Luis\Backend\src\main\java\pe\edu\utp\sistemaexamenes\model\CategoriaExamen.java. Using fallback presentation compiler.
2026.06.08 10:34:44 INFO  no build target found for D:\CURSOS\7MO\Desarrollo_we\Creacion de examen_San-Luis\Backend\src\main\java\pe\edu\utp\sistemaexamenes\model\CategoriaExamen.java. Using fallback presentation compiler.
2026.06.08 10:34:45 WARN  no build target for: D:\CURSOS\7MO\Desarrollo_we\Creacion de examen_San-Luis\Backend\src\main\java\pe\edu\utp\sistemaexamenes\model\CategoriaExamen.java
2026.06.08 10:34:45 INFO  no build target found for D:\CURSOS\7MO\Desarrollo_we\Creacion de examen_San-Luis\Backend\src\main\java\pe\edu\utp\sistemaexamenes\model\CategoriaExamen.java. Using fallback presentation compiler.
2026.06.08 10:34:45 WARN  Running javac-semanticdb failed for file:///D:/CURSOS/7MO/Desarrollo_we/Creacion%20de%20examen_San-Luis/Backend/src/main/java/pe/edu/utp/sistemaexamenes/model/CategoriaExamen.java. Output:

2026.06.08 10:34:45 INFO  no build target found for D:\CURSOS\7MO\Desarrollo_we\Creacion de examen_San-Luis\Backend\src\main\java\pe\edu\utp\sistemaexamenes\model\CategoriaExamen.java. Using fallback presentation compiler.
2026.06.08 10:34:44 INFO  no build target found for D:\CURSOS\7MO\Desarrollo_we\Creacion de examen_San-Luis\Backend\src\main\java\pe\edu\utp\sistemaexamenes\model\CategoriaExamen.java. Using fallback presentation compiler.
2026.06.08 10:34:46 INFO  no build target found for D:\CURSOS\7MO\Desarrollo_we\Creacion de examen_San-Luis\Backend\src\main\java\pe\edu\utp\sistemaexamenes\mapper\CategoriaExamenMapper.java. Using fallback presentation compiler.
2026.06.08 10:34:46 WARN  no build target for: D:\CURSOS\7MO\Desarrollo_we\Creacion de examen_San-Luis\Backend\src\main\java\pe\edu\utp\sistemaexamenes\mapper\CategoriaExamenMapper.java
2026.06.08 10:34:46 INFO  no build target found for D:\CURSOS\7MO\Desarrollo_we\Creacion de examen_San-Luis\Backend\src\main\java\pe\edu\utp\sistemaexamenes\mapper\CategoriaExamenMapper.java. Using fallback presentation compiler.
2026.06.08 10:34:46 INFO  no build target found for D:\CURSOS\7MO\Desarrollo_we\Creacion de examen_San-Luis\Backend\src\main\java\pe\edu\utp\sistemaexamenes\mapper\CategoriaExamenMapper.java. Using fallback presentation compiler.
2026.06.08 10:34:46 INFO  no build target found for D:\CURSOS\7MO\Desarrollo_we\Creacion de examen_San-Luis\Backend\src\main\java\pe\edu\utp\sistemaexamenes\mapper\CategoriaExamenMapper.java. Using fallback presentation compiler.
2026.06.08 10:34:47 WARN  no build target for: D:\CURSOS\7MO\Desarrollo_we\Creacion de examen_San-Luis\Backend\src\main\java\pe\edu\utp\sistemaexamenes\mapper\CategoriaExamenMapper.java
2026.06.08 10:34:47 INFO  no build target found for D:\CURSOS\7MO\Desarrollo_we\Creacion de examen_San-Luis\Backend\src\main\java\pe\edu\utp\sistemaexamenes\mapper\CategoriaExamenMapper.java. Using fallback presentation compiler.
2026.06.08 10:34:46 INFO  no build target found for D:\CURSOS\7MO\Desarrollo_we\Creacion de examen_San-Luis\Backend\src\main\java\pe\edu\utp\sistemaexamenes\mapper\CategoriaExamenMapper.java. Using fallback presentation compiler.
2026.06.08 10:34:47 WARN  no build target for: D:\CURSOS\7MO\Desarrollo_we\Creacion de examen_San-Luis\Backend\src\main\java\pe\edu\utp\sistemaexamenes\mapper\CategoriaExamenMapper.java
2026.06.08 10:34:47 INFO  no build target found for D:\CURSOS\7MO\Desarrollo_we\Creacion de examen_San-Luis\Backend\src\main\java\pe\edu\utp\sistemaexamenes\mapper\CategoriaExamenMapper.java. Using fallback presentation compiler.
2026.06.08 10:34:47 WARN  Running javac-semanticdb failed for file:///D:/CURSOS/7MO/Desarrollo_we/Creacion%20de%20examen_San-Luis/Backend/src/main/java/pe/edu/utp/sistemaexamenes/mapper/CategoriaExamenMapper.java. Output:

2026.06.08 10:34:47 WARN  no build target for: D:\CURSOS\7MO\Desarrollo_we\Creacion de examen_San-Luis\Backend\src\main\java\pe\edu\utp\sistemaexamenes\mapper\CategoriaExamenMapper.java
2026.06.08 10:34:47 INFO  no build target found for D:\CURSOS\7MO\Desarrollo_we\Creacion de examen_San-Luis\Backend\src\main\java\pe\edu\utp\sistemaexamenes\mapper\CategoriaExamenMapper.java. Using fallback presentation compiler.
2026.06.08 10:34:47 INFO  no build target found for D:\CURSOS\7MO\Desarrollo_we\Creacion de examen_San-Luis\Backend\src\main\java\pe\edu\utp\sistemaexamenes\mapper\CategoriaExamenMapper.java. Using fallback presentation compiler.
2026.06.08 10:34:49 INFO  no build target found for D:\CURSOS\7MO\Desarrollo_we\Creacion de examen_San-Luis\Backend\src\main\java\pe\edu\utp\sistemaexamenes\config\TestDataSeeder.java. Using fallback presentation compiler.
2026.06.08 10:34:49 INFO  no build target found for D:\CURSOS\7MO\Desarrollo_we\Creacion de examen_San-Luis\Backend\src\main\java\pe\edu\utp\sistemaexamenes\config\TestDataSeeder.java. Using fallback presentation compiler.
2026.06.08 10:34:49 INFO  no build target found for D:\CURSOS\7MO\Desarrollo_we\Creacion de examen_San-Luis\Backend\src\main\java\pe\edu\utp\sistemaexamenes\config\TestDataSeeder.java. Using fallback presentation compiler.
2026.06.08 10:34:49 INFO  no build target found for D:\CURSOS\7MO\Desarrollo_we\Creacion de examen_San-Luis\Backend\src\main\java\pe\edu\utp\sistemaexamenes\config\TestDataSeeder.java. Using fallback presentation compiler.
2026.06.08 10:34:49 INFO  no build target found for D:\CURSOS\7MO\Desarrollo_we\Creacion de examen_San-Luis\Backend\src\main\java\pe\edu\utp\sistemaexamenes\config\TestDataSeeder.java. Using fallback presentation compiler.
2026.06.08 10:34:49 INFO  no build target found for D:\CURSOS\7MO\Desarrollo_we\Creacion de examen_San-Luis\Backend\src\main\java\pe\edu\utp\sistemaexamenes\config\TestDataSeeder.java. Using fallback presentation compiler.
2026.06.08 10:34:49 INFO  no build target found for D:\CURSOS\7MO\Desarrollo_we\Creacion de examen_San-Luis\Backend\src\main\java\pe\edu\utp\sistemaexamenes\config\TestDataSeeder.java. Using fallback presentation compiler.
jun. 08, 2026 10:34:49 A. M. org.eclipse.lsp4j.jsonrpc.RemoteEndpoint handleCancellation
WARNING: Unmatched cancel notification for request id 127
2026.06.08 10:34:49 INFO  no build target found for D:\CURSOS\7MO\Desarrollo_we\Creacion de examen_San-Luis\Backend\src\main\java\pe\edu\utp\sistemaexamenes\config\TestDataSeeder.java. Using fallback presentation compiler.
2026.06.08 10:34:50 WARN  no build target for: D:\CURSOS\7MO\Desarrollo_we\Creacion de examen_San-Luis\Backend\src\main\java\pe\edu\utp\sistemaexamenes\config\TestDataSeeder.java
2026.06.08 10:34:50 INFO  no build target found for D:\CURSOS\7MO\Desarrollo_we\Creacion de examen_San-Luis\Backend\src\main\java\pe\edu\utp\sistemaexamenes\config\TestDataSeeder.java. Using fallback presentation compiler.
2026.06.08 10:34:50 INFO  no build target found for D:\CURSOS\7MO\Desarrollo_we\Creacion de examen_San-Luis\Backend\src\main\java\pe\edu\utp\sistemaexamenes\config\TestDataSeeder.java. Using fallback presentation compiler.
2026.06.08 10:34:50 WARN  no build target for: D:\CURSOS\7MO\Desarrollo_we\Creacion de examen_San-Luis\Backend\src\main\java\pe\edu\utp\sistemaexamenes\config\TestDataSeeder.java
2026.06.08 10:34:50 WARN  Running javac-semanticdb failed for file:///D:/CURSOS/7MO/Desarrollo_we/Creacion%20de%20examen_San-Luis/Backend/src/main/java/pe/edu/utp/sistemaexamenes/config/TestDataSeeder.java. Output:

2026.06.08 10:34:50 INFO  no build target found for D:\CURSOS\7MO\Desarrollo_we\Creacion de examen_San-Luis\Backend\src\main\java\pe\edu\utp\sistemaexamenes\config\TestDataSeeder.java. Using fallback presentation compiler.
2026.06.08 10:34:50 INFO  no build target found for D:\CURSOS\7MO\Desarrollo_we\Creacion de examen_San-Luis\Backend\src\main\java\pe\edu\utp\sistemaexamenes\config\TestDataSeeder.java. Using fallback presentation compiler.
2026.06.08 10:34:52 INFO  no build target found for D:\CURSOS\7MO\Desarrollo_we\Creacion de examen_San-Luis\Backend\src\main\java\pe\edu\utp\sistemaexamenes\config\TestDataSeeder.java. Using fallback presentation compiler.
2026.06.08 10:35:15 INFO  no build target found for D:\CURSOS\7MO\Desarrollo_we\Creacion de examen_San-Luis\Backend\src\main\java\pe\edu\utp\sistemaexamenes\model\CategoriaExamen.java. Using fallback presentation compiler.
2026.06.08 10:35:15 WARN  no build target for: D:\CURSOS\7MO\Desarrollo_we\Creacion de examen_San-Luis\Backend\src\main\java\pe\edu\utp\sistemaexamenes\model\CategoriaExamen.java
2026.06.08 10:35:15 INFO  no build target found for D:\CURSOS\7MO\Desarrollo_we\Creacion de examen_San-Luis\Backend\src\main\java\pe\edu\utp\sistemaexamenes\model\CategoriaExamen.java. Using fallback presentation compiler.
2026.06.08 10:35:15 INFO  no build target found for D:\CURSOS\7MO\Desarrollo_we\Creacion de examen_San-Luis\Backend\src\main\java\pe\edu\utp\sistemaexamenes\model\CategoriaExamen.java. Using fallback presentation compiler.
2026.06.08 10:35:15 INFO  no build target found for D:\CURSOS\7MO\Desarrollo_we\Creacion de examen_San-Luis\Backend\src\main\java\pe\edu\utp\sistemaexamenes\model\CategoriaExamen.java. Using fallback presentation compiler.
2026.06.08 10:35:15 WARN  no build target for: D:\CURSOS\7MO\Desarrollo_we\Creacion de examen_San-Luis\Backend\src\main\java\pe\edu\utp\sistemaexamenes\model\CategoriaExamen.java
2026.06.08 10:35:15 INFO  no build target found for D:\CURSOS\7MO\Desarrollo_we\Creacion de examen_San-Luis\Backend\src\main\java\pe\edu\utp\sistemaexamenes\model\CategoriaExamen.java. Using fallback presentation compiler.
2026.06.08 10:35:15 INFO  no build target found for D:\CURSOS\7MO\Desarrollo_we\Creacion de examen_San-Luis\Backend\src\main\java\pe\edu\utp\sistemaexamenes\model\CategoriaExamen.java. Using fallback presentation compiler.
2026.06.08 10:35:15 INFO  no build target found for D:\CURSOS\7MO\Desarrollo_we\Creacion de examen_San-Luis\Backend\src\main\java\pe\edu\utp\sistemaexamenes\model\CategoriaExamen.java. Using fallback presentation compiler.
jun. 08, 2026 10:35:16 A. M. org.eclipse.lsp4j.jsonrpc.RemoteEndpoint handleCancellation
WARNING: Unmatched cancel notification for request id 148
2026.06.08 10:35:15 INFO  no build target found for D:\CURSOS\7MO\Desarrollo_we\Creacion de examen_San-Luis\Backend\src\main\java\pe\edu\utp\sistemaexamenes\model\CategoriaExamen.java. Using fallback presentation compiler.
2026.06.08 10:35:15 INFO  no build target found for D:\CURSOS\7MO\Desarrollo_we\Creacion de examen_San-Luis\Backend\src\main\java\pe\edu\utp\sistemaexamenes\model\CategoriaExamen.java. Using fallback presentation compiler.
2026.06.08 10:35:15 WARN  no build target for: D:\CURSOS\7MO\Desarrollo_we\Creacion de examen_San-Luis\Backend\src\main\java\pe\edu\utp\sistemaexamenes\model\CategoriaExamen.java
2026.06.08 10:35:15 WARN  Running javac-semanticdb failed for file:///D:/CURSOS/7MO/Desarrollo_we/Creacion%20de%20examen_San-Luis/Backend/src/main/java/pe/edu/utp/sistemaexamenes/model/CategoriaExamen.java. Output:

2026.06.08 10:35:16 INFO  no build target found for D:\CURSOS\7MO\Desarrollo_we\Creacion de examen_San-Luis\Backend\src\main\java\pe\edu\utp\sistemaexamenes\model\CategoriaExamen.java. Using fallback presentation compiler.
2026.06.08 10:35:15 WARN  no build target for: D:\CURSOS\7MO\Desarrollo_we\Creacion de examen_San-Luis\Backend\src\main\java\pe\edu\utp\sistemaexamenes\model\CategoriaExamen.java
2026.06.08 10:35:16 INFO  no build target found for D:\CURSOS\7MO\Desarrollo_we\Creacion de examen_San-Luis\Backend\src\main\java\pe\edu\utp\sistemaexamenes\model\CategoriaExamen.java. Using fallback presentation compiler.
2026.06.08 10:35:15 INFO  no build target found for D:\CURSOS\7MO\Desarrollo_we\Creacion de examen_San-Luis\Backend\src\main\java\pe\edu\utp\sistemaexamenes\model\CategoriaExamen.java. Using fallback presentation compiler.
2026.06.08 10:36:22 INFO  no build target found for D:\CURSOS\7MO\Desarrollo_we\Creacion de examen_San-Luis\Backend\src\main\java\pe\edu\utp\sistemaexamenes\mapper\CategoriaExamenMapper.java. Using fallback presentation compiler.
2026.06.08 10:36:22 WARN  no build target for: D:\CURSOS\7MO\Desarrollo_we\Creacion de examen_San-Luis\Backend\src\main\java\pe\edu\utp\sistemaexamenes\mapper\CategoriaExamenMapper.java
2026.06.08 10:36:22 INFO  no build target found for D:\CURSOS\7MO\Desarrollo_we\Creacion de examen_San-Luis\Backend\src\main\java\pe\edu\utp\sistemaexamenes\mapper\CategoriaExamenMapper.java. Using fallback presentation compiler.
2026.06.08 10:36:22 INFO  no build target found for D:\CURSOS\7MO\Desarrollo_we\Creacion de examen_San-Luis\Backend\src\main\java\pe\edu\utp\sistemaexamenes\mapper\CategoriaExamenMapper.java. Using fallback presentation compiler.
2026.06.08 10:36:22 INFO  no build target found for D:\CURSOS\7MO\Desarrollo_we\Creacion de examen_San-Luis\Backend\src\main\java\pe\edu\utp\sistemaexamenes\mapper\CategoriaExamenMapper.java. Using fallback presentation compiler.
2026.06.08 10:36:22 WARN  no build target for: D:\CURSOS\7MO\Desarrollo_we\Creacion de examen_San-Luis\Backend\src\main\java\pe\edu\utp\sistemaexamenes\mapper\CategoriaExamenMapper.java
2026.06.08 10:36:22 INFO  no build target found for D:\CURSOS\7MO\Desarrollo_we\Creacion de examen_San-Luis\Backend\src\main\java\pe\edu\utp\sistemaexamenes\mapper\CategoriaExamenMapper.java. Using fallback presentation compiler.
2026.06.08 10:36:22 INFO  no build target found for D:\CURSOS\7MO\Desarrollo_we\Creacion de examen_San-Luis\Backend\src\main\java\pe\edu\utp\sistemaexamenes\mapper\CategoriaExamenMapper.java. Using fallback presentation compiler.
2026.06.08 10:36:22 WARN  no build target for: D:\CURSOS\7MO\Desarrollo_we\Creacion de examen_San-Luis\Backend\src\main\java\pe\edu\utp\sistemaexamenes\mapper\CategoriaExamenMapper.java
2026.06.08 10:36:22 WARN  Running javac-semanticdb failed for file:///D:/CURSOS/7MO/Desarrollo_we/Creacion%20de%20examen_San-Luis/Backend/src/main/java/pe/edu/utp/sistemaexamenes/mapper/CategoriaExamenMapper.java. Output:

2026.06.08 10:36:22 INFO  no build target found for D:\CURSOS\7MO\Desarrollo_we\Creacion de examen_San-Luis\Backend\src\main\java\pe\edu\utp\sistemaexamenes\mapper\CategoriaExamenMapper.java. Using fallback presentation compiler.
2026.06.08 10:36:23 WARN  no build target for: D:\CURSOS\7MO\Desarrollo_we\Creacion de examen_San-Luis\Backend\src\main\java\pe\edu\utp\sistemaexamenes\mapper\CategoriaExamenMapper.java
2026.06.08 10:36:23 INFO  no build target found for D:\CURSOS\7MO\Desarrollo_we\Creacion de examen_San-Luis\Backend\src\main\java\pe\edu\utp\sistemaexamenes\mapper\CategoriaExamenMapper.java. Using fallback presentation compiler.
2026.06.08 10:36:23 INFO  no build target found for D:\CURSOS\7MO\Desarrollo_we\Creacion de examen_San-Luis\Backend\src\main\java\pe\edu\utp\sistemaexamenes\mapper\CategoriaExamenMapper.java. Using fallback presentation compiler.
2026.06.08 10:36:59 INFO  no build target found for D:\CURSOS\7MO\Desarrollo_we\Creacion de examen_San-Luis\Backend\src\main\java\pe\edu\utp\sistemaexamenes\mapper\CategoriaExamenMapper.java. Using fallback presentation compiler.
2026.06.08 10:37:35 INFO  no build target found for D:\CURSOS\7MO\Desarrollo_we\Creacion de examen_San-Luis\Backend\src\main\java\pe\edu\utp\sistemaexamenes\mapper\CategoriaExamenMapper.java. Using fallback presentation compiler.
2026.06.08 10:51:50 INFO  no build target found for D:\CURSOS\7MO\Desarrollo_we\Creacion de examen_San-Luis\Backend\src\main\java\pe\edu\utp\sistemaexamenes\model\CategoriaExamen.java. Using fallback presentation compiler.
2026.06.08 10:51:50 INFO  no build target found for D:\CURSOS\7MO\Desarrollo_we\Creacion de examen_San-Luis\Backend\src\main\java\pe\edu\utp\sistemaexamenes\model\CategoriaExamen.java. Using fallback presentation compiler.
2026.06.08 10:51:50 INFO  no build target found for D:\CURSOS\7MO\Desarrollo_we\Creacion de examen_San-Luis\Backend\src\main\java\pe\edu\utp\sistemaexamenes\model\CategoriaExamen.java. Using fallback presentation compiler.
2026.06.08 10:51:50 INFO  no build target found for D:\CURSOS\7MO\Desarrollo_we\Creacion de examen_San-Luis\Backend\src\main\java\pe\edu\utp\sistemaexamenes\model\CategoriaExamen.java. Using fallback presentation compiler.
2026.06.08 10:51:50 INFO  no build target found for D:\CURSOS\7MO\Desarrollo_we\Creacion de examen_San-Luis\Backend\src\main\java\pe\edu\utp\sistemaexamenes\model\CategoriaExamen.java. Using fallback presentation compiler.
2026.06.08 10:51:51 INFO  no build target found for D:\CURSOS\7MO\Desarrollo_we\Creacion de examen_San-Luis\Backend\src\main\java\pe\edu\utp\sistemaexamenes\model\CategoriaExamen.java. Using fallback presentation compiler.
2026.06.08 10:51:50 INFO  no build target found for D:\CURSOS\7MO\Desarrollo_we\Creacion de examen_San-Luis\Backend\src\main\java\pe\edu\utp\sistemaexamenes\model\CategoriaExamen.java. Using fallback presentation compiler.
2026.06.08 10:51:50 INFO  no build target found for D:\CURSOS\7MO\Desarrollo_we\Creacion de examen_San-Luis\Backend\src\main\java\pe\edu\utp\sistemaexamenes\model\CategoriaExamen.java. Using fallback presentation compiler.
2026.06.08 10:51:51 WARN  no build target for: D:\CURSOS\7MO\Desarrollo_we\Creacion de examen_San-Luis\Backend\src\main\java\pe\edu\utp\sistemaexamenes\model\CategoriaExamen.java
2026.06.08 10:51:51 INFO  no build target found for D:\CURSOS\7MO\Desarrollo_we\Creacion de examen_San-Luis\Backend\src\main\java\pe\edu\utp\sistemaexamenes\model\CategoriaExamen.java. Using fallback presentation compiler.
2026.06.08 10:51:51 WARN  Running javac-semanticdb failed for file:///D:/CURSOS/7MO/Desarrollo_we/Creacion%20de%20examen_San-Luis/Backend/src/main/java/pe/edu/utp/sistemaexamenes/model/CategoriaExamen.java. Output:

2026.06.08 10:51:51 INFO  no build target found for D:\CURSOS\7MO\Desarrollo_we\Creacion de examen_San-Luis\Backend\src\main\java\pe\edu\utp\sistemaexamenes\model\CategoriaExamen.java. Using fallback presentation compiler.
2026.06.08 10:51:51 INFO  no build target found for D:\CURSOS\7MO\Desarrollo_we\Creacion de examen_San-Luis\Backend\src\main\java\pe\edu\utp\sistemaexamenes\model\CategoriaExamen.java. Using fallback presentation compiler.
2026.06.08 10:51:53 INFO  no build target found for D:\CURSOS\7MO\Desarrollo_we\Creacion de examen_San-Luis\Backend\src\main\java\pe\edu\utp\sistemaexamenes\dto\request\CategoriaExamenRequest.java. Using fallback presentation compiler.
2026.06.08 10:51:53 INFO  no build target found for D:\CURSOS\7MO\Desarrollo_we\Creacion de examen_San-Luis\Backend\src\main\java\pe\edu\utp\sistemaexamenes\dto\request\CategoriaExamenRequest.java. Using fallback presentation compiler.
2026.06.08 10:51:53 INFO  no build target found for D:\CURSOS\7MO\Desarrollo_we\Creacion de examen_San-Luis\Backend\src\main\java\pe\edu\utp\sistemaexamenes\dto\request\CategoriaExamenRequest.java. Using fallback presentation compiler.
2026.06.08 10:51:53 INFO  no build target found for D:\CURSOS\7MO\Desarrollo_we\Creacion de examen_San-Luis\Backend\src\main\java\pe\edu\utp\sistemaexamenes\dto\request\CategoriaExamenRequest.java. Using fallback presentation compiler.
2026.06.08 10:51:53 INFO  no build target found for D:\CURSOS\7MO\Desarrollo_we\Creacion de examen_San-Luis\Backend\src\main\java\pe\edu\utp\sistemaexamenes\dto\request\CategoriaExamenRequest.java. Using fallback presentation compiler.
2026.06.08 10:51:53 INFO  no build target found for D:\CURSOS\7MO\Desarrollo_we\Creacion de examen_San-Luis\Backend\src\main\java\pe\edu\utp\sistemaexamenes\dto\request\CategoriaExamenRequest.java. Using fallback presentation compiler.
2026.06.08 10:51:53 INFO  no build target found for D:\CURSOS\7MO\Desarrollo_we\Creacion de examen_San-Luis\Backend\src\main\java\pe\edu\utp\sistemaexamenes\dto\request\CategoriaExamenRequest.java. Using fallback presentation compiler.
2026.06.08 10:51:53 WARN  no build target for: D:\CURSOS\7MO\Desarrollo_we\Creacion de examen_San-Luis\Backend\src\main\java\pe\edu\utp\sistemaexamenes\dto\request\CategoriaExamenRequest.java
2026.06.08 10:51:54 WARN  Running javac-semanticdb failed for file:///D:/CURSOS/7MO/Desarrollo_we/Creacion%20de%20examen_San-Luis/Backend/src/main/java/pe/edu/utp/sistemaexamenes/dto/request/CategoriaExamenRequest.java. Output:

2026.06.08 10:51:53 INFO  no build target found for D:\CURSOS\7MO\Desarrollo_we\Creacion de examen_San-Luis\Backend\src\main\java\pe\edu\utp\sistemaexamenes\dto\request\CategoriaExamenRequest.java. Using fallback presentation compiler.
2026.06.08 10:51:54 INFO  no build target found for D:\CURSOS\7MO\Desarrollo_we\Creacion de examen_San-Luis\Backend\src\main\java\pe\edu\utp\sistemaexamenes\dto\request\CategoriaExamenRequest.java. Using fallback presentation compiler.
2026.06.08 10:51:54 INFO  no build target found for D:\CURSOS\7MO\Desarrollo_we\Creacion de examen_San-Luis\Backend\src\main\java\pe\edu\utp\sistemaexamenes\dto\request\CategoriaExamenRequest.java. Using fallback presentation compiler.
2026.06.08 10:51:55 INFO  no build target found for D:\CURSOS\7MO\Desarrollo_we\Creacion de examen_San-Luis\Backend\src\main\java\pe\edu\utp\sistemaexamenes\dto\response\CategoriaExamenResponse.java. Using fallback presentation compiler.
2026.06.08 10:51:55 INFO  no build target found for D:\CURSOS\7MO\Desarrollo_we\Creacion de examen_San-Luis\Backend\src\main\java\pe\edu\utp\sistemaexamenes\dto\response\CategoriaExamenResponse.java. Using fallback presentation compiler.
2026.06.08 10:51:55 INFO  no build target found for D:\CURSOS\7MO\Desarrollo_we\Creacion de examen_San-Luis\Backend\src\main\java\pe\edu\utp\sistemaexamenes\dto\response\CategoriaExamenResponse.java. Using fallback presentation compiler.
2026.06.08 10:51:55 INFO  no build target found for D:\CURSOS\7MO\Desarrollo_we\Creacion de examen_San-Luis\Backend\src\main\java\pe\edu\utp\sistemaexamenes\dto\response\CategoriaExamenResponse.java. Using fallback presentation compiler.
2026.06.08 10:51:55 INFO  no build target found for D:\CURSOS\7MO\Desarrollo_we\Creacion de examen_San-Luis\Backend\src\main\java\pe\edu\utp\sistemaexamenes\dto\response\CategoriaExamenResponse.java. Using fallback presentation compiler.
2026.06.08 10:51:55 INFO  no build target found for D:\CURSOS\7MO\Desarrollo_we\Creacion de examen_San-Luis\Backend\src\main\java\pe\edu\utp\sistemaexamenes\dto\response\CategoriaExamenResponse.java. Using fallback presentation compiler.
2026.06.08 10:51:55 WARN  no build target for: D:\CURSOS\7MO\Desarrollo_we\Creacion de examen_San-Luis\Backend\src\main\java\pe\edu\utp\sistemaexamenes\dto\response\CategoriaExamenResponse.java
2026.06.08 10:51:55 WARN  Running javac-semanticdb failed for file:///D:/CURSOS/7MO/Desarrollo_we/Creacion%20de%20examen_San-Luis/Backend/src/main/java/pe/edu/utp/sistemaexamenes/dto/response/CategoriaExamenResponse.java. Output:

2026.06.08 10:51:55 INFO  no build target found for D:\CURSOS\7MO\Desarrollo_we\Creacion de examen_San-Luis\Backend\src\main\java\pe\edu\utp\sistemaexamenes\dto\response\CategoriaExamenResponse.java. Using fallback presentation compiler.
2026.06.08 10:51:56 INFO  no build target found for D:\CURSOS\7MO\Desarrollo_we\Creacion de examen_San-Luis\Backend\src\main\java\pe\edu\utp\sistemaexamenes\dto\response\CategoriaExamenResponse.java. Using fallback presentation compiler.
2026.06.08 10:51:56 INFO  no build target found for D:\CURSOS\7MO\Desarrollo_we\Creacion de examen_San-Luis\Backend\src\main\java\pe\edu\utp\sistemaexamenes\dto\response\CategoriaExamenResponse.java. Using fallback presentation compiler.
2026.06.08 10:51:57 INFO  no build target found for D:\CURSOS\7MO\Desarrollo_we\Creacion de examen_San-Luis\Backend\src\main\java\pe\edu\utp\sistemaexamenes\mapper\CategoriaExamenMapper.java. Using fallback presentation compiler.
2026.06.08 10:51:57 INFO  no build target found for D:\CURSOS\7MO\Desarrollo_we\Creacion de examen_San-Luis\Backend\src\main\java\pe\edu\utp\sistemaexamenes\mapper\CategoriaExamenMapper.java. Using fallback presentation compiler.
2026.06.08 10:51:57 INFO  no build target found for D:\CURSOS\7MO\Desarrollo_we\Creacion de examen_San-Luis\Backend\src\main\java\pe\edu\utp\sistemaexamenes\mapper\CategoriaExamenMapper.java. Using fallback presentation compiler.
2026.06.08 10:51:57 INFO  no build target found for D:\CURSOS\7MO\Desarrollo_we\Creacion de examen_San-Luis\Backend\src\main\java\pe\edu\utp\sistemaexamenes\mapper\CategoriaExamenMapper.java. Using fallback presentation compiler.
2026.06.08 10:51:57 INFO  no build target found for D:\CURSOS\7MO\Desarrollo_we\Creacion de examen_San-Luis\Backend\src\main\java\pe\edu\utp\sistemaexamenes\mapper\CategoriaExamenMapper.java. Using fallback presentation compiler.
2026.06.08 10:51:57 INFO  no build target found for D:\CURSOS\7MO\Desarrollo_we\Creacion de examen_San-Luis\Backend\src\main\java\pe\edu\utp\sistemaexamenes\mapper\CategoriaExamenMapper.java. Using fallback presentation compiler.
2026.06.08 10:51:57 INFO  no build target found for D:\CURSOS\7MO\Desarrollo_we\Creacion de examen_San-Luis\Backend\src\main\java\pe\edu\utp\sistemaexamenes\mapper\CategoriaExamenMapper.java. Using fallback presentation compiler.
jun. 08, 2026 10:51:58 A. M. org.eclipse.lsp4j.jsonrpc.RemoteEndpoint handleCancellation
WARNING: Unmatched cancel notification for request id 229
2026.06.08 10:51:58 WARN  no build target for: D:\CURSOS\7MO\Desarrollo_we\Creacion de examen_San-Luis\Backend\src\main\java\pe\edu\utp\sistemaexamenes\mapper\CategoriaExamenMapper.java
2026.06.08 10:51:58 WARN  Running javac-semanticdb failed for file:///D:/CURSOS/7MO/Desarrollo_we/Creacion%20de%20examen_San-Luis/Backend/src/main/java/pe/edu/utp/sistemaexamenes/mapper/CategoriaExamenMapper.java. Output:

2026.06.08 10:51:58 INFO  no build target found for D:\CURSOS\7MO\Desarrollo_we\Creacion de examen_San-Luis\Backend\src\main\java\pe\edu\utp\sistemaexamenes\mapper\CategoriaExamenMapper.java. Using fallback presentation compiler.
2026.06.08 10:51:58 INFO  no build target found for D:\CURSOS\7MO\Desarrollo_we\Creacion de examen_San-Luis\Backend\src\main\java\pe\edu\utp\sistemaexamenes\mapper\CategoriaExamenMapper.java. Using fallback presentation compiler.
2026.06.08 10:51:58 INFO  no build target found for D:\CURSOS\7MO\Desarrollo_we\Creacion de examen_San-Luis\Backend\src\main\java\pe\edu\utp\sistemaexamenes\mapper\CategoriaExamenMapper.java. Using fallback presentation compiler.
2026.06.08 10:51:58 INFO  no build target found for D:\CURSOS\7MO\Desarrollo_we\Creacion de examen_San-Luis\Backend\src\main\java\pe\edu\utp\sistemaexamenes\mapper\CategoriaExamenMapper.java. Using fallback presentation compiler.
2026.06.08 10:51:59 INFO  no build target found for D:\CURSOS\7MO\Desarrollo_we\Creacion de examen_San-Luis\Backend\src\main\java\pe\edu\utp\sistemaexamenes\config\TestDataSeeder.java. Using fallback presentation compiler.
2026.06.08 10:51:59 INFO  no build target found for D:\CURSOS\7MO\Desarrollo_we\Creacion de examen_San-Luis\Backend\src\main\java\pe\edu\utp\sistemaexamenes\config\TestDataSeeder.java. Using fallback presentation compiler.
2026.06.08 10:51:59 INFO  no build target found for D:\CURSOS\7MO\Desarrollo_we\Creacion de examen_San-Luis\Backend\src\main\java\pe\edu\utp\sistemaexamenes\config\TestDataSeeder.java. Using fallback presentation compiler.
2026.06.08 10:51:59 INFO  no build target found for D:\CURSOS\7MO\Desarrollo_we\Creacion de examen_San-Luis\Backend\src\main\java\pe\edu\utp\sistemaexamenes\config\TestDataSeeder.java. Using fallback presentation compiler.
2026.06.08 10:51:59 INFO  no build target found for D:\CURSOS\7MO\Desarrollo_we\Creacion de examen_San-Luis\Backend\src\main\java\pe\edu\utp\sistemaexamenes\config\TestDataSeeder.java. Using fallback presentation compiler.
2026.06.08 10:52:00 INFO  no build target found for D:\CURSOS\7MO\Desarrollo_we\Creacion de examen_San-Luis\Backend\src\main\java\pe\edu\utp\sistemaexamenes\config\TestDataSeeder.java. Using fallback presentation compiler.
2026.06.08 10:51:59 INFO  no build target found for D:\CURSOS\7MO\Desarrollo_we\Creacion de examen_San-Luis\Backend\src\main\java\pe\edu\utp\sistemaexamenes\config\TestDataSeeder.java. Using fallback presentation compiler.
2026.06.08 10:52:00 WARN  no build target for: D:\CURSOS\7MO\Desarrollo_we\Creacion de examen_San-Luis\Backend\src\main\java\pe\edu\utp\sistemaexamenes\config\TestDataSeeder.java
2026.06.08 10:52:00 INFO  no build target found for D:\CURSOS\7MO\Desarrollo_we\Creacion de examen_San-Luis\Backend\src\main\java\pe\edu\utp\sistemaexamenes\config\TestDataSeeder.java. Using fallback presentation compiler.
2026.06.08 10:52:00 WARN  Running javac-semanticdb failed for file:///D:/CURSOS/7MO/Desarrollo_we/Creacion%20de%20examen_San-Luis/Backend/src/main/java/pe/edu/utp/sistemaexamenes/config/TestDataSeeder.java. Output:

2026.06.08 10:52:00 INFO  no build target found for D:\CURSOS\7MO\Desarrollo_we\Creacion de examen_San-Luis\Backend\src\main\java\pe\edu\utp\sistemaexamenes\config\TestDataSeeder.java. Using fallback presentation compiler.
2026.06.08 10:52:00 INFO  no build target found for D:\CURSOS\7MO\Desarrollo_we\Creacion de examen_San-Luis\Backend\src\main\java\pe\edu\utp\sistemaexamenes\config\TestDataSeeder.java. Using fallback presentation compiler.
2026.06.08 10:52:38 INFO  no build target found for D:\CURSOS\7MO\Desarrollo_we\Creacion de examen_San-Luis\Backend\src\main\java\pe\edu\utp\sistemaexamenes\config\DatabaseSchemaUpdater.java. Using fallback presentation compiler.
2026.06.08 10:52:38 INFO  no build target found for D:\CURSOS\7MO\Desarrollo_we\Creacion de examen_San-Luis\Backend\src\main\java\pe\edu\utp\sistemaexamenes\config\DatabaseSchemaUpdater.java. Using fallback presentation compiler.
2026.06.08 10:52:38 INFO  no build target found for D:\CURSOS\7MO\Desarrollo_we\Creacion de examen_San-Luis\Backend\src\main\java\pe\edu\utp\sistemaexamenes\config\DatabaseSchemaUpdater.java. Using fallback presentation compiler.
2026.06.08 10:52:38 WARN  no build target for: D:\CURSOS\7MO\Desarrollo_we\Creacion de examen_San-Luis\Backend\src\main\java\pe\edu\utp\sistemaexamenes\config\DatabaseSchemaUpdater.java
2026.06.08 10:52:38 WARN  Running javac-semanticdb failed for file:///D:/CURSOS/7MO/Desarrollo_we/Creacion%20de%20examen_San-Luis/Backend/src/main/java/pe/edu/utp/sistemaexamenes/config/DatabaseSchemaUpdater.java. Output:

2026.06.08 10:52:38 INFO  no build target found for D:\CURSOS\7MO\Desarrollo_we\Creacion de examen_San-Luis\Backend\src\main\java\pe\edu\utp\sistemaexamenes\config\DatabaseSchemaUpdater.java. Using fallback presentation compiler.
2026.06.08 10:52:38 INFO  no build target found for D:\CURSOS\7MO\Desarrollo_we\Creacion de examen_San-Luis\Backend\src\main\java\pe\edu\utp\sistemaexamenes\config\DatabaseSchemaUpdater.java. Using fallback presentation compiler.
2026.06.08 10:52:38 INFO  no build target found for D:\CURSOS\7MO\Desarrollo_we\Creacion de examen_San-Luis\Backend\src\main\java\pe\edu\utp\sistemaexamenes\config\DatabaseSchemaUpdater.java. Using fallback presentation compiler.
2026.06.08 12:25:10 INFO  Shutting down server
2026.06.08 12:25:10 INFO  Memory monitor stopped
2026.06.08 12:25:10 INFO  shutting down Metals
2026.06.08 12:25:10 INFO  Exiting server
2026.06.08 12:25:10 ERROR Unexpected error initializing server: 
org.eclipse.lsp4j.jsonrpc.ResponseErrorException: Request window/showMessageRequest failed with message: Canceled
	at org.eclipse.lsp4j.jsonrpc.RemoteEndpoint.handleResponse(RemoteEndpoint.java:214)
	at org.eclipse.lsp4j.jsonrpc.RemoteEndpoint.consume(RemoteEndpoint.java:198)
	at org.eclipse.lsp4j.jsonrpc.json.StreamMessageProducer.handleMessage(StreamMessageProducer.java:189)
	at org.eclipse.lsp4j.jsonrpc.json.StreamMessageProducer.listen(StreamMessageProducer.java:97)
	at org.eclipse.lsp4j.jsonrpc.json.ConcurrentMessageProcessor.run(ConcurrentMessageProcessor.java:97)
	at java.util.concurrent.Executors$RunnableAdapter.call(Executors.java:545)
	at java.util.concurrent.FutureTask.run(FutureTask.java:328)
	at java.util.concurrent.ThreadPoolExecutor.runWorker(ThreadPoolExecutor.java:1090)
	at java.util.concurrent.ThreadPoolExecutor$Worker.run(ThreadPoolExecutor.java:614)
	at java.lang.Thread.run(Thread.java:1474)

